Myoid-OA,Myoid-AZFc,Myoid-INOA_B,Myoid-KS,Myoid-INOA_S
TUBA1B,MT-ND6,PRM1,CABS1,COX8C
ADIRF,FTH1,PRM2,SMCP,UBQLN3
ILK,ACTA2,HMGB4,LELP1,SPATA42
PPIB,UBB,MT-ND4L,HMGB4,LINC00301
EEF1D,TUBA1B,MT-ATP8,MT-ND6,FAM81B
LINC01921,GAPDH,ACTB,PRM2,MS4A14
COX20,ADIRF,HIST1H4C,PRM1,TEX44
PCBP1,EEF1D,LELP1,AKAP4,IZUMO4
DDT,PRM1,TSACC,C10orf62,C1orf194
UBB,PPIB,TNP1,CRISP2,DDI1
MT-ND6,PRM2,HIST1H2AA,TEX46,C20orf141
ARL2BP,PCBP1,SMCP,FTH1,ACTL7A
KRT13,TIMP2,CRISP2,CCDC196,ACSBG2
PRELID1,PTGDS,ACTG1,ACTA2,MRVI1-AS1
AC098679.1,HSPB6,TCP11,SPATA3,CDIPT-AS1
GAPDH,IGFBP7,MT-RNR2,GAPDH,CSMD2-AS1
RANGRF,LRRC75A-AS1,MT-ND3,OAZ3,IQCF1
LRRC75A-AS1,SELENOP,SPTY2D1OS,CDIPT-AS1,TEX38
FTH1,C11orf96,LAPTM4A,TPPP2,C12orf54
IQCF5,SQSTM1,MT-CO3,TAGLN,CCDC54
PGAM2,TPT1,C10orf62,GSG1,UBL4B
ACTA2,PRDX2,MLF1,ADIRF,LEMD1
PTRH1,PRDX1,CFL1,TSACC,GTSF1
MIF,AES,MT-CO2,C11orf96,ROPN1L
TSSK2,CABS1,AKAP4,PROCA1,GTSF1L
CDK4,FXYD6,NUPR2,TCP11,CMTM2
NHP2,COX20,OAZ3,UBB,TMCO5A
SDR39U1,TMSB10,LINC00467,C12orf54,TEX46
GAPDHS,ILK,GSG1,TNP1,AC010255.3
CCDC107,RNASE1,FAM229B,LEMD1,PROCA1
SELENOP,LTBP4,CABS1,GTSF1,CCDC196
PRDX2,LELP1,MYL9,TUBA1B,SPATA3
MT-TE,ITM2B,TPI1,TMCO5A,TRIM36
MSMP,TEX46,TPPP2,LINC00467,SH3RF2
EMC6,LAMC3,RHOA,IGFBP7,BOD1L2
RAB1B,SH3BP5,PSMF1,FSCN3,LINC00919
TMA7,CCDC196,BOD1L2,CAPZA3,CAPZA3
PHB,TMA7,TMEM230,ACSBG2,OAZ3
JPX,APOE,DCUN1D1,AC010255.3,TPPP2
AES,CRISP2,TRIM36,DDI1,CABS1
MT-TW,DCUN1D1,CAPZA3,TMEM31,NUPR2
STUB1,SMCP,GLUL,C20orf141,GSG1
TUBA1C,SRSF9,MT-RNR1,CEP170P1,PHF7
IGF1,KRT13,PHF7,UBL4B,AKAP4
HSPB6,HMGB4,MT-ND1,EEF1D,SPTY2D1OS
SPSB3,PTMS,ODF2,IQCF1,C10orf62
ZNF593,IGF1,PRDX3,CCDC54,LINC00467
AL078639.1,TRIM36,TEX46,CSMD2-AS1,TCP11
PCOTH,B2M,PROCA1,SPATA19,SMCP
DEXI,NHP2,PDXK,MS4A14,TSACC
AC016825.1,BRI3,CCDC196,SPTY2D1OS,CRISP2
MORN4,ARL2BP,GPX4,SPATA42,LELP1
TSSK3,LINC00467,SPATA3,GABRG3-AS1,TNP1
BRF2,PROCA1,ERGIC3,TEX44,HMGB4
KCNIP2-AS1,FHL5,RNF38,BPIFA3,PRM2
CCDC86,DDT,AMZ2,ACTL7A,PRM1
NDUFS7,MT-RNR1,CABYR,FAM81B,BPIFA3
TAGLN,UBQLN3,SH3RF2,SEPT7P9,FSCN3
PSMC3IP,ACSBG2,MT-ND2,JUN,SPATA19
PRMT5,SPATA3,CMTM2,UBQLN3,PGK2
A2M,OAZ3,CDIPT-AS1,TSSK6,TIMD4
AIMP2,CEP170P1,COX6C,DNAJB8,SMKR1
SFRP4,MS4A14,UBE2N,SCP2D1,LINC01191
LDHAL6B,TPPP2,TMCO5A,C9orf24,DNAJB8
ZMAT5,C10orf62,ARPC2,C10orf82,TMEM31
PODN,PRELID1,C1orf194,ADIG,SPINK2
FDPS,SSPN,LINC00919,LINC00919,C16orf82
STPG3,CSMD2-AS1,FHL1,VIM,C9orf24
NTMT1,CDK4,ARL4A,MLF1,TSSK6
MT-RNR1,SPTY2D1OS,MT-ATP6,TEX37,ADAD1
BUD31,AKAP4,IPO5,KIF2C,TEX35
DNASE1L3,OST4,TEX38,CCDC37-AS1,C10orf53
TLN1,GSG1,IZUMO4,CABYR,GABRG3-AS1
C8orf59,SRP14,MFF,SH3GL3,ACTRT2
BAD,MT-RNR2,ACSBG2,JUNB,CCDC70
SRSF9,PODN,RTL8C,TEX38,TSPAN16
THBS4,APOA1,UBL4B,CT83,CCDC37-AS1
PTGDS,TCP11,CCDC54,GTSF1L,ROPN1B
PTN,PROK1,AC010255.3,HEMGN,TEX37
WDR6,SH3RF2,CCDC91,CYLC1,HEMGN
LY6K,DDI1,ACTL7A,DCUN1D1,C12orf50
WDR73,STUB1,C12orf54,ROPN1L,TPD52L3
ACO2,C12orf54,ANXA2,TSPAN16,CT83
CKLF,TNP1,DDI1,DNAJC5B,DNAJC5B
TIMP2,PENK,PTP4A1,LINC00608,SH3GL3
RABAC1,PLTP,CSRP1,TBX18-AS1,H1FNT
SYNC,GPX3,PCBP2,PCBP1,AC239803.2
SH3BP5,NACA,WDR1,C16orf82,CABYR
NR4A1,FSCN3,MS4A14,AC239803.2,AC097636.1
JMJD8,FTL,CCSER2,HYPM,SPANXB1
OST4,TAGLN,IFT57,ACTRT2,SEPT7P9
SQSTM1,FDPS,UBQLN3,MAP3K14-AS1,ADIG
SYCE1,SERF2,ARF4,HOOK1,C10orf82
GLMP,TSACC,LEMD1,SPATA18,KIF2C
RNU6-6P,TEX37,IQCF1,C12orf50,DKKL1
IGFBP5,FAM81B,GTSF1L,TEX35,CEP170P1
C11orf96,BPIFA3,DKKL1,TRIM36,TCP10L
MT-ND1,CCSER2,ALKBH7,FAM187B,LINC00608
FZD2,AC025280.2,VRK3,GADD45B,FAM71E1
CALD1,ODF2,ROPN1L,CCDC70,VWA3B
SLC16A9,TEX44,SPATA42,BOD1L2,CYLC2
PDGFRL,NOP53,MPC2,LINC00854,TMCO2
FLNA,CCDC70,CSMD2-AS1,TEX26,AKAP14
TRAPPC2L,TMCO5A,GTSF1,NUPR2,DYNLRB2
MALAT1,NUPR1,TEX44,TIMD4,DDX4
AC025280.2,MLF1,PTMA,COX8C,IQCF3
MFGE8,TLE4,LINC00301,PGK2,SPATA4
HBP1,NORAD,FAM81B,IQCF3,TBX18-AS1
TPM2,NUDT3,TMEM31,ILK,SPACA3
ANAPC15,CST3,C20orf141,IQCF2,FAM71F1
BST2,MFAP4,GPX3,MT-ND1,CDKN3
GPX3,ARL4A,SPATA6,NECAB1,CYLC1
AC073107.1,NBL1,GHITM,AC097636.1,SPACA7
TCF21,CDIPT-AS1,CD59,ZFP36,RAB11FIP4
ATP5ME,HTRA1,CLPB,FOS,LINC00943
AC063952.1,ACTRT2,KDELR2,AL359853.3,HYPM
STK24,ACTL7A,FAM229A,AL355357.1,IRGC
SRSF5,PPP2R2B,SPATA33,LRRC75A-AS1,IQCF2
SNHG10,CAPZA3,BRK1,SMKR1,TEX26
KAT5,CCDC91,MFGE8,AL450405.1,LINC01350
PLP1,H1FX,CD151,MRVI1-AS1,SCP2D1
DDIT3,NECAB1,BPIFA3,NTRK3-AS1,AC109635.4
POLR2I,IQCF1,FSCN3,HSPA1A,ANKRD7
CLIC4,MFAP3L,SPATA19,CST13P,HOOK1
ACTG1,PLPP3,SLC25A6,FAM71E1,BANF2
NUPR1,NUPR2,TIMD4,RGS22,SPEM2
SSPN,PRKAR2B,PABPC1,AKAP14,MS4A5
PROK1,DEFB119,PGK2,H1FNT,RNF151
INSL3,FSCB,TSSK6,RAB11FIP4,PPP1R2C
LSM1,TSPAN16,MRVI1-AS1,SPANXB1,MAP3K14-AS1
AAMDC,SMOC1,ROPN1B,LINC00301,SPATA18
ANGPTL4,TCF21,DAZAP2,C10orf53,CCDC136
SDHD,COL6A2,C9orf24,CYLC2,PDCL2
SLIRP,FATE1,DNAJB8,SPZ1,FAM187B
FZD1,RAB1B,SPACA9,PHF7,SPATA33
HSPB1,VRK3,C16orf82,FAM71F1,ARMC12
PINK1,C9orf24,C10orf82,LINC02189,MLF1
PFN1,ACAP1,TEX35,MT-RNR2,AQP5
PLPP1,KIF2C,OSER1,FSCB,BRDT
SPA17,GTSF1L,SAMD4A,AC104964.1,LINC00854
F8,AC010255.3,EIF3I,C2orf88,LINC02189
SRP9,HEMGN,FAM71E1,AL596275.2,TTC29
ROMO1,APP,C10orf53,SH3RF2,NTRK3-AS1
RNF26,UBL4B,GABRG3-AS1,SOD3,FSCB
GUSB,VIM,CEP170P1,AC209154.2,PRR30
MFAP4,SH3GL3,MORN2,FUNDC2P2,TEX53
PRDX1,SPATA42,DYNLRB2,AC109635.4,CST13P
FKBP5,HNRNPD,SERPINF1,PPP1R2C,IZUMO2
FHL5,KCNAB1,RNF138,LINC01667,AKAP3
MT-TV,ATP5ME,CARHSP1,LINC00943,ROPN1
CD63,C8orf59,ACTRT2,FKBP5,FUNDC2P2
IFT20,SPATA6,CCDC70,ARMC12,SPANXD
YWHAZ,RAB11FIP4,TSPAN16,C1orf194,ERICH2
C8orf33,DEXI,C11orf71,TEX53,C5orf52
UTRN,FAM187B,CYB5R2,EGR1,KIF2B
DNAJC9,PLPP1,EIF4E,IER2,HIST1H2AA
IRF2BPL,GABRG3-AS1,ACAP1,VWA3B,BCL2L14
DNAJC12,C12orf57,PSMC5,LINC01350,CENPU
FXYD6,UBQLNL,SH3GL3,IRGC,ODF2
PALLD,HYI,CCDC37-AS1,AKAP3,AL355357.1
MANSC1,MIR202HG,SLC25A5,TPD52L3,TSPAN1
PSMC1,LRRD1,KCNMB1,SPEM2,FANCD2OS
IGFBP7,SPATA18,MTRNR2L1,CLPB,C3orf30
CAPN6,SAMD4A,SEPT7P9,C3orf30,SLIT2-IT1
CRIP2,SPATA19,C12orf50,BX119904.2,AL596275.2
PRM2,MT-ND1,SMKR1,IZUMO4,ACRBP
UQCR11,AC209154.2,DUSP1,DDX4,TMEM210
IGFBP2,IQCF3,SPATA18,KIF2B,AC209154.2
TMSB10,ADIG,SYPL1,C3orf22,PRM3
TUBA3E,MT-TE,TEX37,DKKL1,LINC00226
TMEM179B,CCDC85B,CAPZB,BANF2,FAM71C
ISLR,NSUN4,LINC01191,CCDC169,CFAP97D1
FNDC8,CLPB,HEMGN,MS4A5,SPZ1
AC005912.1,TSPAN1,MDH2,ANKMY1,ZBTB20-AS1
PIGF,PDGFRA,TPD52L3,ZBTB20-AS1,PLCZ1
CLNK,IGFBP5,DNAJC5B,LINC01227,FAM229A
HGS,TEX38,CT83,AC097375.2,SPATA24
RCN3,C10orf82,AC239803.2,RRAD,C3orf22
BTG1,NTRK3-AS1,SLC25A3,CRIP2,MAEL
FAHD2CP,LEMD1,ADAD1,C5orf52,CLPB
LPP,OSR2,TMEM98,CMTM2,AC140479.4
MSN,CYLC2,PPP2R1A,SPANXD,ACTL9
IFI6,ANKMY1,ATAD1,PRR30,AC025524.2
MAJIN,C5orf52,H1FNT,SPATA6,YPEL1
SPARCL1,RASD1,MFAP3L,ARHGAP28,AL359853.3
BPHL,PGK2,MDH1,HSPB6,SPATA3-AS1
TRAP1,HOOK1,AC097636.1,SPATA3-AS1,RNF32
GNAS,GSTM5,HIGD1A,PRM3,TEX36-AS1
PLPP3,CLU,SPANXB1,FAM71C,AP001782.1
ITGB3BP,CCDC54,ZC3H14,AC025524.2,CETN1
BGN,CCDC107,DNAJC4,ACAP1,C6orf201
HK1,PHB,EEF1A1,LINC00944,C17orf64
MATN2,HSPA4L,TAF9,PP2D1,PCP2
ARHGDIA,HIST1H1C,AQP5,EEF1A1,UBQLNL
CLN5,AC104964.1,SRPK2,SPATA33,CCDC179
CSRP2,PPP4R1L,ADIG,FBXO39,RIMS1
EGLN1,TUBA1C,EGR1,FAM229A,FBXO39
VGLL4,C16orf82,SERINC3,HSPB1,MEIOC
AAMP,OSER1,ZDHHC3,LINC00226,SPACA9
AC009118.3,C20orf141,TEX26,TSPAN1,RNF133
TRIP12,PTRH1,TCP10L,ODF2,AC097375.2
NECAB1,AL355357.1,HSPA4L,TMEM210,SPATA17
PAIP2,YWHAZ,CDKN3,SPACA7,CCDC169
IFI44L,IQCF2,SDHC,UBQLNL,PDHA2
BUB1B,FUNDC2P2,CCDC136,RNF133,MACROD2-AS1
SLC25A40,EEF1B2,LINC00608,HSPA1B,LINC00927
APOA1,CEP170,DDX20,FAM229B,C20orf85
MYL9,RNF38,CREM,AQP5,AC010325.1
C5orf58,SEPT7P9,AFF4,LINC00927,ANKMY1
NDUFA13,EMC10,CXCL16,AC073111.1,TEX51
SSX3,PINK1,USP2,AC004797.1,ACRV1
MT-CO2,AC073111.1,FKBP1A,CENPU,PP2D1
MT-ND3,LINC01921,H2AFJ,GNG2,LINC01539
DBP,DNAJB8,CYLC2,GALNTL5,AC073111.1
EIF5,DKKL1,TMCO2,IQGAP2,IQGAP2
NDRG3,PDE1A,SPATA7,CNTFR-AS1,LRRD1
PDIA6,AP001782.1,ERRFI1,CCDC179,PPP1R36
ZMYM2,SPZ1,GSTK1,LINC02314,AL157756.1
CLEC11A,KLHDC2,AKAP14,CCDC136,LYPD4
MTATP6P1,CRIP2,CTSB,SPACA3,C9orf153
MT-ND5,SNHG7,STMP1,TCP10L,DAB1-AS1
B2M,TSSK6,TMEM120A,AL157756.1,C1orf100
MEIOB,TEX26,DRG1,MCAM,RFPL3S
CBX3,SMKR1,C1R,BCL2L14,DBIL5P
SRP14,CCNI,ATP5F1B,TEX36-AS1,TTC39A
ADRM1,NDUFS7,CIRBP,CFAP97D1,KLHL10
SOX4,FCGRT,IQCF3,ANKEF1,GALNTL5
NDUFC1,SPACA9,TBX18-AS1,WASF1,LINC01227
SERPINI1,DDX20,SERF2,LINC01191,BX119904.2
PSMD7,CASQ2,KDELR1,ADAD1,ICA1
THAP7,DBIL5P,PPM1G,MEIOC,LINC02314
MT-CO3,CCDC37-AS1,SPACA3,SPACA9,TXNDC2
HSPA4L,USP2,FAM71F1,ROPN1B,AC016747.2
ARX,SPATA33,SF3B4,C9orf153,ODF1
POLR2C,LGALS3,HMOX2,AL513327.2,LINC01667
TPM1,PLN,TSPAN6,EFCAB6,LINC00944
PSMA2,SERPINA5,VWA3B,PRDX1,LINC01304
ANKMY1,CST13P,ATP1B3,PDCL2,SLIT1-AS1
LIX1L,RANGRF,CYLC1,FLNA,SAMD4A
NPNT,GTSF1,FAM120B,PLCZ1,AC004797.1
ATP5MF,AC097375.2,CEP170,SPANXN4,45912
,BZW1,LITAF,MALAT1,45726
,CITED1,SPACA7,VRK3,PSORS1C1
,CCDC7,TECR,TMCO2,YBX2
,MT-CO2,LINC00943,LINC02109,LINC02109
,SFRP4,FAM92A,LINC01539,C7orf31
,SORBS2,GNG2,DBIL5P,SPATA12
,PEG3,FHL5,MT-ND2,SPEM1
,PDIA6,HYPM,ACTL9,LINC01676
,LINC01227,IRGC,SPANXN3,SPANXN3
,HIP1,IQCF2,SLIT1-AS1,AC104971.2
,TXNDC2,SCCPDH,SPEM1,IGSF11-AS1
,MORN2,C7orf31,AP001782.1,AL513327.2
,AL359853.3,EWSR1,RNF138,AL672043.1
,LPP,TUBG1,DNAJA4,LINC00710
,LINC02109,INPP1,PTMS,LINC01760
,PRRC2B,ANKMY1,PPP4R1L,SPATA9
,C7orf31,LINC01350,GRID2,NRAV
,SPARCL1,LINC00854,MYL9,CCDC7
,CREM,SCP2D1,LRRD1,C2orf88
,SFRP1,RAB11FIP4,SPATA17,AC092666.1
,TSHZ2,ARPC1A,RIMS1,AC104964.1
,CABYR,POLR1D,LINC01664,ZBBX
,PRR30,WASHC3,PPIB,FAM71B
,VWA3B,HOOK1,CCDC7,C6orf99
,CD81,BAG5,FANCD2OS,OTUB2
,PPP2CB,LRTOMT,IZUMO2,SIRPD
,LRTOMT,BANF2,RHOB,MIR7515HG
,TEX53,SPEM2,TXNDC2,AC008114.1
,LINC02314,MS4A5,TPT1,EFCAB6
,LINC02189,RNF151,PRSS37,ACAP1
,HLA-B,ISG20L2,CD151,COX7B2
,AKAP1,MAP3K14-AS1,AC140479.4,CNTFR-AS1
,SCP2D1,SPATA4,LINC00710,CSNKA2IP
,LINC00919,STMN1,LINC00293,TEX48
,DUSP1,TGFB1I1,TLE4,SPACA4
,TMEM31,EIF5A,SLIT2-IT1,FAM209B
,NPTX2,HK1,TTC39A,LOXHD1
,SDHD,AC109635.4,TTC29,FAM205C
,TMEM179B,ARMC12,ARL4A,ACTL7B
,CLMN,ROPN1,ICA1,GRID2
,LINC01667,RHOC,FAM71B,USP2
,LINC00943,PFKP,HSPA4L,LCA5L
,C12orf50,C2orf88,AC009396.3,C9orf116
,TSHZ1,TUFM,SPINK2,TBC1D21
,LINC01350,COX8C,LAMA2,LINC01664
,C10orf53,YPEL1,SLC25A6,PRSS37
,GRID2,STOML2,PWRN1,TXNDC8
,BANF2,ERI3,RNF151,MS4A6E
,EMILIN1,TSPAN1,TUBA1A,PWRN1
,ARHGDIA,CCNY,LOXHD1,DCUN1D1
,PRM3,CCDC169,ATF3,MORN5
,FBXO39,CD9,MACROD2-AS1,SPAG17
,HK1,OSBPL10,F3,AL356020.1
,LTBP3,LINC02189,AL158801.2,SORCS3-AS1
,DNAJC5B,NTRK3-AS1,MORN2,AL136988.2
,TBX18-AS1,AKAP3,C9orf116,ARL4A
,GALNTL5,FSCB,CEP170,CA2
,TPD52L3,NRAV,AL356020.1,AC097375.3
,NR2F2,DGCR6L,TEX51,ADAM29
,CLDN11,FAM187B,LINC01989,PAGE2B
,FGD4,SOD3,EPB41L3,ROCK1P1
,PLCZ1,NRDC,ZNRD1ASP,RNF138
,DDIT4,GSKIP,RFPL3S,PHACTR2-AS1
,PRNP,PRR30,SPATA9,AC099566.1
,CNN1,TEX53,AL133371.1,C16orf78
,MFGE8,CST13P,DCC,GK2
,ISLR,IZUMO2,C6orf201,SPANXN4
,AEBP1,ERICH2,COX20,AC080162.1
,CPE,SWI5,ABLIM1,MT-RNR2
,VCAN,ELP5,C7orf31,ODF3L2
,AL078639.1,GPI,BAG5,LINC00658
,C1orf194,KLHDC3,OTUB2,AL133371.1
,TEX35,PPP1R2C,CCDC168,LRRIQ1
,LINC01989,MTATP6P1,TUBA1C,PPP1R1C
,HLA-C,TMEM59,C12orf57,ZNRD1ASP
,CNTFR-AS1,PRELP,SLIT3,ABHD1
,TIMD4,BCL2L14,PPP1R36,LINC01233
,C2orf88,FUNDC2P2,NOP53,UBE2DNL
,C16orf78,SPANXD,FAM205C,AC018558.1
,FAM71C,PPP2R2B,DYNLRB2,DEUP1
,P4HB,ESD,BRDT,CARHSP1
,NDN,EIF1,DAB1-AS1,LINC00635
,RACK1,FAM46C,PAGE3,LINC01989
,DBP,ZBTB20-AS1,CYR61,C12orf42
,CLIC4,EPHX1,AL136988.2,AC009396.3
,AL513327.2,KIF2B,MIR7515HG,AC007598.2
,GUCY1A1,SSX2IP,DDX20,SPATA46
,BAD,BSG,LINC01233,LYZL4
,GAS6,SPATA24,CDKN3,CCDC168
,AC109635.4,NDRG3,SPAG17,AC025263.1
,ANKEF1,EIF5A2,TRIM42,ZPBP
,CHCHD2,ARHGAP28,LINC01676,LINC01723
,LINC00927,AL355357.1,SPATA7,TUBA3C
,ITGA8,MOSPD3,ATP5ME,C2orf73
,FHL1,PCYT2,RNF38,ANKEF1
,RARRES2,HADH,CCSER1,HSPA4L
,BOD1L2,KIF2C,TEX48,C11orf42
,CCDC136,AP2M1,PCP2,PWRN2
,NRAV,LARP1B,AC099566.1,LINC00293
,AC025524.2,PKM,AC092666.1,VRK3
,IFT57,FANCD2OS,HRASLS5,AL355490.1
,COMT,C3orf30,FOSB,OXCT2
,LINC01539,SLIT2-IT1,IGSF11-AS1,LDHC
,LINC00608,AL596275.2,AL672043.1,FGF14-AS1
,SPATA24,PDCL2,GLUL,ADAM5
,ARMC12,FOPNL,PDXK,LINC00929
,LY6E,ACRBP,CTGF,TRIM42
,EFCAB6,TMEM38B,PHACTR2-AS1,LYZL2
,ABHD1,CCT7,AC016747.2,LRRC71
,PMS1,NDUFV3,FAU,SPATA6
,JPX,ZDHHC19,MAEL,AL365184.2
,NRDC,TMEM210,IGSF11,TEX33
,OAZ1,AC209154.2,SORCS3-AS1,SPACA1
,LINC00710,PRM3,PTMA,PLAC8L1
,MMP2,LINC00226,AC007598.2,ZNRF4
,LINC01664,FAM71C,ABHD1,OSBPL10
,AL596275.2,RUVBL2,UBE2DNL,PMFBP1
,INSL3,MYH11,SPATA24,PAGE3
,SNED1,MLF2,PCAT6,TSKS
,BST2,GYG1,AC104971.2,HRASLS5
,MXRA8,RAB34,AC080162.1,LRTOMT
,AC080162.1,MAP1A,LCA5L,HSPA1L
,LINC00301,CYB5R3,PSORS1C1,LINC02219
,C3orf22,SPZ1,SPATA4,AC113423.2
,HLF,NELFE,TXNDC8,SPANXC
,CSRP2,EHD1,CCDC3,ASB5
,ODF3L2,EFCAB6,NRIP3,PRSS58
,CD302,FBLIM1,LRTOMT,RGPD4-AS1
,ENG,ANKEF1,GSTT4,GSTT4
,SH3BGRL3,NSUN4,CA2,DNAJA4
,SPEM2,PLCZ1,MT-ND3,CFAP53
,DPEP1,CLDND1,CAVIN1,CYB5R2
,CSTB,C5orf52,C1orf100,ADAM3A
,TIMP3,FBXW5,CCDC91,DRICH1
,VPS51,ATP5PB,LYPD4,ZNF683
,AL133371.1,CALM1,SQSTM1,TMEM270
,FHL2,HADHB,PPP1R15A,ASB17
,NPC2,AMZ2P1,PPDPF,ACE
,CDH13,CLK4,SIRPD,NRIP3
,SPATA12,GRINA,MYH11,MORN3
,AL157756.1,TTC29,H1FX,PRC1-AS1
,CRTAP,C3orf22,ZDHHC19,SPATA16
,FAM46C,SLC25A4,ERICH2,FAM229B
,ASB5,ESS2,LINC01304,AL158801.2
,OGN,IQGAP2,45726,FHAD1
,LOXHD1,SPATA17,TBC1D21,ZNF571-AS1
,EHD1,UBE2J1,PRPS2,ALKBH7
,C1orf115,IDH3G,LINC01723,C7orf61
,NTRK2,SEC13,DEUP1,KIF15
,PHF7,GKAP1,IGF2BP2,SPPL2C
,EPDR1,BAG6,ROCK1P1,AL049875.1
,CAPZB,IFT22,SELENOM,GAGE2A
,GUCY1B1,SLC25A39,ZBBX,ABCA17P
,CYLC1,ACTL9,FGF14-AS1,AC135977.1
,TMEM210,CALCOCO2,CCSER2,SMIM6
,COX8C,DNAJA4,ZNF124,LINC01255
,RERGL,ANKRD7,PWRN2,MAP3K19
,EMC6,TMEM53,ZNF571-AS1,MPC1L
,UTRN,AC025524.2,AC097375.3,FNDC11
,PLAC8L1,NRIP3,ADAM29,TKTL1
,EPPIN,COPB2,AC025263.1,PHOSPHO1
,C6orf48,RAB5C,TEKT3,AC006012.1
,MAP3K14-AS1,CAPNS1,CD44,GKAP1
,CERS2,TLE4,JPT1,KNL1
,PRDX5,APH1B,OXCT2,SPERT
,ZFAND5,CFAP97D1,SPANXC,SPATC1
,IFITM2,GSN,SSX2IP,OSBPL10-AS1
,ACAT2,OAZ1,C2orf73,LINC02400
,INSIG1,TAGLN2,LRRC27,DIAPH3-AS2
,CCDC168,AL359853.3,CSNKA2IP,AC093151.3
,SPSB3,HMGN2,CSRP1,IGF2BP2
,AL365357.1,UQCRC1,NSUN4,TMCO5B
,RNF138,POLR2E,C11orf42,PPP1R32
,KCNMA1,FAM104A,MORN3,C11orf71
,FAM71E1,SPINK2,TSKS,MORN2
,GHITM,AKAP1,CREM,MT-ND1
,SRP9,SPATA3-AS1,SPATA12,CFAP65
,NPNT,CCDC7,KLHL10,LLCFC1
,FAM229B,RNF141,C20orf85,LINC01784
,ROPN1L,OAT,STPG1,TRABD2A
,MPG,SLC25A37,ODF1,TLE4
,COL15A1,TSC22D3,KIF15,C9orf43
,FXR1,LYPLA1,CYB5R2,CREM
,RNF133,SON,PMFBP1,MIR663AHG
,SUN2,SETD9,MORN5,RPGRIP1
,KIF2B,ECH1,LINC00929,KIRREL3-AS2
,EVA1B,C6orf201,PMS1,MCHR2-AS1
,FGF14-AS1,MFAP4,OSBPL10,LYZL6
,TEX36-AS1,TTC39A,DSTN,SMC1B
,IZUMO4,A2M,KLF2,SPANXN5
,SLC25A6,PSMA1,KIRREL3-AS2,TTK
,ACTL9,HRASLS5,DPEP1,TIPARP-AS1
,LINC00854,RPN2,CRTAP,IGSF11
,INPP1,UROD,OSBPL10-AS1,AC114812.1
,TGFBR3,FAM220A,ODF3L2,EDRF1-AS1
,AKAP3,BLCAP,PRSS58,AC005842.1
,SPATA7,TFAM,EFCAB1,CRNDE
,RPAIN,CEP350,LYZL4,FAM71F2
,SPEM1,FBXO39,BCAM,PCYT2
,EIF4E,TEX36-AS1,LINC01784,ERICH3
,TTC39A,CAPN2,AL049875.1,MROH2B
,TAPBP,SPATA20,LRRTM3,CLK2P1
,PWRN1,ELOF1,TEX15,LINC02053
,AC004797.1,LYRM1,LINC00658,FAM166A
,LINC01304,NAA20,ACRV1,LINC01016
,PNMA1,C20orf85,APOD,SYCE3
,MIF,AP001782.1,AC113423.2,PLSCR2
,SPACA3,TIMM50,GPR18,PPP4R1L
,CYB5R4,PRDX6,STMN1,AC083973.1
,CENPU,SLC40A1,NRAV,MFAP3L
,LBH,ACP1,AC005842.1,AL359182.2
,FAM120B,COX7A2L,HES1,LINC00347
,CSNKA2IP,RNF114,LPIN1,CDHR2
,IPO5,PRKAR1A,LRRIQ1,LEF1-AS1
,TTC29,CKB,HAGLR,HIST1H2BA
,CCDC179,C6orf89,DRICH1,GNG2
,F10,PPP1R7,C17orf64,LRRC8C-DT
,FAM71F1,LUM,ADAM3A,TEKT2
,ALKBH7,COPS5,CLK2P1,PDXK
,AAMDC,PCP2,RERGL,GPR18
,GAMT,AL157756.1,C12orf42,TEX22
,AQP5,UBQLNL,AC135977.1,RETREG1
,GSTT4,CCDC179,MFGE8,SOX30
,NTRK3,ZFAND3,TSPAN6,DCAF4L1
,PP2D1,NINJ1,ACTN4,CCDC62
,H1FNT,PCMTD1,DIAPH3-AS2,HORMAD1
,COL6A3,CFAP36,ROPN1,FAM220A
,CT83,DNALI1,C16orf78,SRD5A3-AS1
,SRPK1,CEP112,ADAM5,TSGA10
,LINC01784,ASS1,TMCO5B,C5orf49
,PPIA,PDE1A,IPO5,RNF38
,DNAJA4,DNAJC18,PAGE2B,CTNNA2
,CMTM2,SDHD,SELENOW,C11orf65
,CAMK1,ATP6V0D1,MFAP4,CFAP100
,FAM71B,RNF133,AL365184.2,RGMB-AS1
,ZFP36L2,AC097375.2,MZT2B,DCC
,NT5DC2,PSMD4,FAM92A,BRWD1-AS2
,GNB5,EFCAB1,AC018558.1,FAM104A
,C2orf73,TMEM219,AC008114.1,PCAT6
,TFAM,EIF4H,PDHA2,LRRC27
,SAT1,GORASP2,TTC23L,INPP1
,SLIT1-AS1,LINC01539,CAVIN3,TEKT3
,IQGAP2,AC073111.1,LINC02053,AF131216.4
,CEBPD,PDHA2,C5orf49,STMN1
,MAF,MACROD2-AS1,ENOX1,CCSER1
,GNA11,LRRD1,LYZL2,DAZL
,NUDT10,LINC00927,PLAC8L1,PABPC3
,IGF2BP2,PP2D1,ASB5,DDX20
,COL18A1,TXNDC2,MAP3K19,PKIB
,MRVI1-AS1,RGS22,TINAGL1,KNSTRN
,C3orf30,ATP6V1A,TRABD2A,FANK1
,CEP112,ICA1,NHP2,KIAA1211
,SPACA7,SELENBP1,ACRBP,ESS2
,NUCKS1,C9orf116,YPEL1,RNF17
,AL356020.1,ABHD1,CDHR2,TNFAIP8L1
,MS4A5,TEX51,LINC00635,WASF1
,DDX4,ACRV1,RASL11A,NFKBIB
,LINC01191,UBC,GK2,CFAP43
,LAMB2,NFKBIB,MROH2B,THBS3
,OSBPL10,LDOC1,C2CD6,CCDC173
,SDR39U1,C3orf38,SERPINF1,KPNA2
,C1S,TMEM14A,PRDX2,SPA17
,CHPT1,GRID2,SAMD4A,SSX2IP
,AKAP14,SPATA9,NRGN,AL445524.1
,C5orf58,C9orf153,CTNNA2,OSER1
,COX10,DAB1-AS1,DNAJB1,WFDC3
,PRND,C1orf100,SPPL2C,FAM71D
,RCN3,PGK1,NET1,CFAP221
,RNF151,SARAF,ACTB,WBP2NL
,MT-ND2,HAX1,TIMP3,ULK4
,LSAMP,CETN1,SMIM6,KIAA1257
,AC025263.1,AC140479.4,CFAP53,POC1B-AS1
,NSMF,JPT1,LLCFC1,TTC23L
,ISG20L2,KNSTRN,ID2,RAB3IP
,FAM20C,FBXO7,SPATC1,AC018413.1
,CST9L,PDLIM1,USP2,PRKCE
,CTSD,FIBP,C1R,PPP2R2B
,MCAM,LGALS3BP,DDT,TRIP13
,C11orf42,SGCA,CHCHD2,SOCS7
,LMOD1,KLHL10,FAM209B,NSUN4
,PTN,LINC01227,TMEM53,CCDC91
,AC104971.2,BX119904.2,PRC1-AS1,TMSB10
,CYB5R2,TALDO1,LINC02219,FUZ
,CCDC169,CCT2,OSER1,DNALI1
,LRRC71,PPP4R1L,IFT57,TMEM53
,MACROD2-AS1,C12orf10,CD9,RIBC1
,OXCT2,KIF5C,BZW1,C3orf67
,MT-TW,C17orf64,MT2A,JPT1
,CA11,LRRC27,NACA,CD163L1
,ATAD1,RAB1A,RNF32,CCSER2
,SLIT2-IT1,C2orf73,KIAA1257,EHD1
,SSX2IP,HSPA1L,CFAP100,ACTRT3
,SRM,RETREG1,VCAN,EFCAB1
,NUMA1,OTUB2,MGST3,PPM1G
,PRKCE,LINC02314,ERICH3,NLK
,KLHL10,CTNNA3,MS4A6E,ASRGL1
,PRMT5,NUPR1,ZMYM2,USP2-AS1
,CREG1,STRAP,PLSCR2,MT-ND2
,SUSD5,PPA2,45912,PTGDS
,IRGC,PPP6C,CEP112,MOSPD3
,UBE2N,NDUFA9,PACRG,REXO5
,ALDH1A1,PSMB5,LINC01255,AZIN2
,BCL2L14,TEKT3,EDRF1-AS1,TIAM2
,ATG101,HSPA8,DNALI1,ANKRD53
,LINC00293,CNN1,AC010325.1,UBE2N
,CHPF,LEPROT,ABCA17P,GSKIP
,LINC01233,AC016747.2,BCAT1,HMOX2
,ZFYVE21,ODF1,SNCG,ENOX1
,TMEM130,LINC01667,ENG,EEF1A1
,PDLIM1,LINC00944,LBH,DPY19L2P2
,FOPNL,LINC01304,AL355490.1,TUBG1
,MYL12B,SLIT1-AS1,PKIB,STK35
,SNHG6,LCA5L,SRPK2,AFG1L
,PLS3,VAMP2,FAM71F2,ZFAND4
,RBM3,GNB2,STK33,PTTG1
,PHACTR2-AS1,PSORS1C1,SRSF12,AL365357.1
,AC007598.2,PMS1,HNRNPD,WASHC3
,BUD31,SERP2,PPIA,FHL1
,PLIN3,SEC62,SETD9,SLC38A7
,OTUB2,RFPL3S,PPP1R1C,AMZ2
,RHOBTB3,ATL3,LRRC71,GPX4
,ANGPTL4,AC004797.1,CFAP221,PRPH
,PRSS37,45912,LPAR6,SPATA6L
,ZBTB20-AS1,CALM3,C3orf67,APH1B
,MARCKS,MAGED2,ARMC2,SWI5
,G0S2,POLB,GPRC5D-AS1,LCP1
,MZT2B,TOR1AIP1,TFAM,AKAP1
,FBLN5,REEP6,ACTL7B,BRIP1
,ICA1,RNH1,BPI,AC093249.6
,CKB,NUP35,ZFP36L2,NRDC
,TMEM53,FHL2,BRIP1,CASC1
,HMOX2,ACTR10,NLK,DNAJC4
,AC097375.3,PRAF2,C6orf99,SPATA7
,SGCA,METAP1,PHOSPHO1,PTN
,SPATA3-AS1,LINC02109,MOV10L1,RANGAP1
,SKP1,RAB11A,IL13RA2,PFKP
,GPR18,PSMD6,COX7B2,MT-CO3
,FAM229A,KCNMA1,SRD5A3-AS1,AL451165.2
,LINC01723,BRDT,WNK3,FBXL13
,PPM1G,MAPK10,MATN2,IPO5
,C9orf153,DBIL5P,MEF2C,TXNIP
,ADAD1,PRNP,SPATA46,ITM2B
,SLC22A17,UBE2L6,NRDC,NGLY1
,NMNAT2,PPP1R32,C1S,PHKG2
,GSKIP,SPATA12,TSHZ2,DEPDC7
,LARP1B,SPEM1,CFAP65,PMS1
,CTGF,LINC01676,ISG20L2,SETD9
,DNPH1,SPANXN3,ACE,ISG20L2
,HSD17B12,GNAI2,COL18A1,MT-ND3
,HMGN3,AC010325.1,FANK1,LARP1B
,SLC2A4RG,DPEP1,KNL1,EPB41L3
,MARCKSL1,GALNTL5,PRELID1,IFT57
,CYP26B1,ZBTB1,SPOCK1,SRSF12
,ITGB1,UBA52,LINC01760,CUL9
,SSBP4,LINC00662,TEX33,KIF5C
,EEF2,AC104971.2,PTCH1,GPRC5D-AS1
,AL049875.1,IGSF11-AS1,NES,STPG1
,LDLR,AL513327.2,RASSF2,MPC2
,HMGN5,AL672043.1,TPM2,CEP112
,MYOC,LINC00710,ZNF683,PACRG
,WASHC3,LINC01760,SPATA16,USP44
,EPB41L3,NUP214,INPP1,CEP170
,PSMD7,RRAGA,KNSTRN,STARD10
,MIR7515HG,PHKG2,KDM5B,KLF5
,JMJD8,PDLIM3,STK35,SLC22A18
,ERH,DCTN2,SOCS3,RFTN1
,VGLL4,WBP2,CTSK,PAQR7
,SYNGR1,HSDL2,ATP5F1D,B2M
,CMIP,MCRIP1,PRKCE,CXCL16
,AC099566.1,HDLBP,FBLN5,CHD5
,LINC00635,LPP,SLC38A7,GPX3
,WIPF3,PSMC4,AC018413.1,MSMO1
,NR1D2,KPNA3,MPC1L,MIR193BHG
,CLK4,STARD10,TSGA10,LSM14B
,SERPINI1,PPP1R11,ARL2BP,RABIF
,CTNNA3,ATP6AP2,HES4,CYB5R4
,SPATA17,CLMN,STUB1,CEP41
,MAZ,CA2,SPERT,BAZ1A
,CAPNS1,AC092666.1,ZNF280B,TIMP2
,SPATA9,AC104964.1,SPANXN5,AC008267.5
,AC016747.2,FAM71B,WASHC3,ZNF345
,ST3GAL4,FAM209B,ISYNA1,NPIPB15
,LINC00929,MAEL,MPG,EIF5A2
,ATP1A1,FDFT1,TEX22,LYPLA1
,SNCG,PCAT6,RALGPS2,GHITM
,TNFAIP8,DCAF6,FAM220A,AZIN1-AS1
,CCNY,PRKCE,FOPNL,TEX30
,CHMP4B,TUBB4B,LDOC1,HAGLR
,DCC,CENPU,MT-TW,CTNNA3
,HSPA1L,ETNK2,ANKRD7,ARL9
,TEX48,HACD3,KIF5C,PTP4A1
,EMC7,ADI1,SKAP2,PPIA
,DAB1-AS1,HIP1,ULK4,MFF
,AC097636.1,TPP2,FDPS,CPVL
,LGALS3BP,LYPD4,SIN3B,TMEM120A
,LINC00702,ERGIC2,ASB17,SPARC
,ESAM,SIRPD,OST4,FAM120B
,COL1A2,MIR7515HG,VGLL3,EIF4E
,FZD1,AC008114.1,MIF,CDC14A
,ZBBX,C5orf49,GAGE2A,CNTN4
,C20orf85,ARID2,CCDC107,DCAF1
,LARP7,QARS,RCAN2,COX10
,USPL1,SLC25A46,DPY19L2P2,TAF9
,ZNF571-AS1,YBX2,SPATA6L,FGD4
,DEFB123,SMIM3,RABIF,AGBL5
,PLXDC2,FTH1,ZFAS1,FAM92A
,AL445524.1,SCFD1,RETREG1,HSPA1A
,ATP8B1,C1QBP,L1TD1,H2AFJ
,PDXK,SOCS7,TSPO,PGP
,CA2,RASSF8,TRIP12,PNRC1
,PFKP,MAPK1IP1L,AL445524.1,PSMF1
,TEX51,CNTFR-AS1,RGPD4-AS1,AC025280.2
,GSE1,CSNKA2IP,LINC00347,SRPK1
,TNS1,TEX48,LINC02400,SRPK2
,TCEAL9,SPACA4,EIF5A2,SFRP4
,MZT2A,NSMCE1,C9orf43,MRGBP
,PRKCA,G2E3,HSPA1L,CDK6
,ZCCHC24,MANBAL,SORBS2,SECISBP2
,ZNRD1ASP,45726,MTATP6P1,MT-RNR1
,BRDT,ACTG2,COX10,AC133552.5
,CDK6,SPTSSA,EFHD1,ARMC4
,CLTA,IAH1,RPGRIP1,TSPAN6
,BAG5,OXR1,PGAM2,PDE5A
,MYL12A,SCAMP2,AF131216.4,ADSSL1
,PLSCR2,TRAPPC3,BRWD1-AS2,ELP5
,EIF5A2,NBR1,FAM166A,SLC25A37
,DRICH1,IGSF11,CAMK2G,MOV10L1
,PRC1-AS1,LOXHD1,FAM120B,TTLL5
,SRPK2,FHAD1,CAP1,BPI
,MOSPD3,BABAM1,SPACA4,NUP35
,CD163L1,FAM205C,AMZ2,HK1
,HIST1H1E,ACTL7B,ID4,MT-ATP8
,PKIB,POLD2,SOCS7,FAM53C
,CEP350,ZNF345,TMBIM6,KHDRBS3
,EIF4B,PPP1CB,DEPDC7,VIM
,HRASLS5,MRFAP1,C11orf65,MAATS1
,ATP5PD,ARMC2,PLN,C2CD6
,SMOC2,PPP1R36,SEC14L1,TSHZ2
,AL158801.2,45904,SRPK1,PSPHP1
,TSKS,DDX39A,LCP1,CALM3
,GLRX2,DDX4,NOTCH3,JUN
,KNSTRN,PWRN1,HYI,INSIG1
,ABHD17A,ZNF571-AS1,CD163L1,INSL3
,NAP1L1,KARS,GSKIP,HDAC11
,UNC50,PA2G4,RRAS,CCNY
,WDR1,PSAP,TIAM2,CCT6B
,STK24,LDHB,RALY,DXO
,TMCO2,RAI14,AL451165.2,ZC3H14
,LTBP2,PSMC2,RAB1B,WISP2
,ERICH2,EIF3E,CETN1,C1orf56
,TTLL5,SYNGR2,KIAA1211,NME5
,ROCK1P1,NLK,GSTO2,CCDC110
,CD99,LRRC8C-DT,NDUFA4L2,KIAA1210
,GALM,PEA15,LYZL6,EGR1
,HNRNPA0,SORBS1,GUCY1A1,CLMN
,CFAP53,UQCRC2,BRI3,CNN1
,ZNF358,BAZ1A,DNAH14,G2E3
,KAT5,HAT1,MFAP3L,DNAJC18
,AC113423.2,TBC1D21,PDLIM1,SERP2
,SLC51A,LINC01664,CRIM1,TUBB4B
,ADGRA2,PRSS37,WBP2NL,HIP1
,PDGFRL,TXNDC8,MUM1L1,BAG5
,NDUFC1,MS4A6E,ZNRF4,BST2
,SIGLEC17P,PSME4,YWHAH,CCT2
,TMED1,ZFYVE21,MYC,PIH1D2
,CCSER1,AGBL5,CASC1,CLK4
,IGSF11,ADIPOR1,SMC1B,GEMIN4
,DHX57,PSMA7,HLA-C,PPIL6
,PPP1R36,TUBA1A,SLF2,CEP85L
,LAPTM4A,AL356020.1,CCNY,ATP1B3
,ESS2,SORCS3-AS1,TNFAIP8L1,COL15A1
,COLEC11,TIPARP-AS1,IER3,BEND7
,HTRA2,AL136988.2,TTLL5,POLB
,GNB1,SLC38A7,CXCL16,ARMC2
,CFAP97D1,SERPINB6,SAMHD1,TGFBR3
,NME4,LPIN1,ESAM,NR2F2
,TAX1BP3,AEBP1,FHAD1,NACA
,LINC01676,C1orf43,NDUFB7,PPP1R7
,NME3,TSPAN3,NDUFA4,BZW1
,LINC00944,ALDH1A3,ARL9,MT-CYB
,C6orf201,YIPF6,MPC2,DPCD
,HLA-A,TSKS,SWI5,DHX57
,TCEAL5,CNIH1,FAM71D,NFIA
,GNB2,PPP1R1C,MGST1,NUP214
,PPP1R32,LIMS2,EZR,FOS
,PPP1R12B,ZNRD1ASP,CFAP43,DNAH14
,LDB3,USPL1,EEF1B2,GLRX2
,HS3ST1,NDN,RANBP9,TIMM50
,F3,ROCK1P1,POLB,GRK4
,MYOM1,FGD4,CRISPLD2,IQCE
,IFI6,CYC1,TMEM270,LDLR
,PHLDB2,SERPINA5,LPAR1,CLEC16A
,TRIM42,ZFAND4,ZFAND4,MYH11
,FILIP1,AC097375.3,SPESP1,AURKAIP1
,LINC00662,ADAM29,POC1B-AS1,PLPP3
,MALAT1,AC080162.1,CEP41,IFT172
,ANAPC15,STARD3NL,NGLY1,PDE1A
,SYNC,RAB3GAP1,ZNF345,PIAS2
,CFAP65,LDHA,C7orf61,CEP76
,FAM220A,TMEM99,SERTAD1,ELOF1
,RIMS4,DDX3X,TAGLN2,IDI1
,LGI2,MICAL2,SOX30,ACP1
,TCP10L,MGST1,ESS2,RMDN2
,SECISBP2,IGFBP7,AC114812.1,NAT6
,EMC4,PCMT1,PCYT2,FBXO25
,RAD23A,JUN,RACK1,LIMCH1
,ACO2,BTG1,LUM,TMEM225B
,MAOA,THBS3,CPEB3,HNRNPA1
,BEX3,PEF1,GLRX2,PAQR3
,LSM1,RANBP9,FRZB,GID4
,AC239803.2,PHACTR2-AS1,SESN3,NKAPL
,ERP29,RABIF,CIRBP,COX5A
,ROPN1B,AC099566.1,TTK,ZFAND3
,CAP1,C16orf78,HEXIM1,KIF27
,AC092666.1,GK2,LRRC8C-DT,CEP164
,ACTG2,RANGAP1,G2E3,EFCAB11
,FBXL13,SPANXN4,SLC25A37,C11orf96
,PPP1R7,MORN3,FAM104A,AK5
,PALLD,UBE2D3,MIR663AHG,ATAD1
,PDE3A,TTBK2,PRAME,DESI1
,TSPO,EFCAB11,ZNF675,TEX15
,MAP3K19,SLC39A13,ZNF91,DRG1
,NUP155,TMEM205,CHCHD10,SURF2
,LRRC8C-DT,MORN5,MAPK10,PHTF1
,ZC3H14,ADSSL1,TEKT2,ITM2C
,FAM129B,CHID1,REEP6,FAM46C
,SUSD3,PRMT1,AL138785.1,RNF114
,TIAM2,OXCT2,MPHOSPH9,COL3A1
,SNHG5,HDAC11,HIST1H1E,ALKAL2
,PRMT1,LINC00658,LMNA,APOE
,AMZ2,AL133371.1,NME5,SQLE
,RABIF,TAGLN,TPPP3,COL1A2
,LHFPL2,MT-TV,AL359182.2,LINC00662
,CD9,TSC22D1,HSPB8,DYNLL2
,USP22,TUBB6,COX7C,FXR1
,ADAM29,CEP85L,PTP4A1,JUNB
,IZUMO2,NUP98,FAM129A,RANBP9
,SPAG17,UBE2W,S100A6,LRWD1
,ZMAT5,ZYX,SRSF9,POLR3C
,FILIP1L,ACE,SUN2,REEP6
,AL672043.1,LINC01233,ARPC1A,PEG3
,ALDOC,AC025263.1,DHX57,PTMS
,TRIP12,UBE2DNL,TAF9,FTL
,NT5C,CCDC168,PEMT,SAT1
,DCN,PPP1CC,TMA7,PRELP
,BTF3,EIF3F,CCL2,DNAJC15
,RGS2,RNF7,FAIM2,GLUL
,AKAP12,FOS,OAZ1,FBXW5
,CHODL,ZBBX,CEBPD,EFCAB13
,CKLF,YTHDF2,HNRNPA1,OBSL1
,LINC00226,GPX1,CCDC85B,FTH1
,FAM205C,FOXS1,SPARCL1,TPP2
,FAM219B,SAR1B,MTRNR2L1,NELFE
,SEC14L1,BZW1,CPVL,PSME4
,CEP164,SPOCK1,C8orf59,TFAM
,NUP35,SLC29A1,DCAF4L1,IFT22
,NPM1,TXN,TCEAL4,FXYD6
,TEX33,EPB41L3,ZFHX3,ZNF677
,RPGRIP1,MYO9A,EIF4E,SEC14L1
,CFAP221,LINC00635,FXR1,CEP350
,LRRC27,LINC01989,OSR2,SKAP2
,IGSF11-AS1,C12orf42,MYADM,BAG6
,MGAT1,AC009396.3,WFDC3,NPM1
,SELENOK,AC007598.2,FBLN2,BAG1
,VEGFB,SPATA46,PPP1R32,ID2
,SIGMAR1,LYZL4,PNRC1,AGFG1
,RNF187,EIF3M,NUP155,HMGB3
,NEDD8,ZNF675,NDUFS7,ETNK2
,TXN,BCAM,SPACA1,RAD17
,TMEM204,MAP1LC3A,NDN,SPESP1
,NRGN,VDAC3,PIAS2,CCDC167
,FANCD2OS,MSN,UBE2N,NUCKS1
,TSC22D1,ARPC4,PDGFRA,MEX3C
,SPPL2C,AL451165.2,DPT,CD99
,MEIOC,SDCBP,TPM1,MYEF2
,LINC02053,MIR193BHG,RAD23A,NUP155
,LINC01760,ODF3L2,PSME4,RNF141
,TMEM243,STX8,MFAP2,RBM3
,BRIP1,PLA2G5,HMOX2,ZNF675
,A2M,PIAS2,AFF4,CCDC171
,EGFR,TMEM50B,LAMA4,MT-ND6
,OLFML3,SRRT,C11orf71,KATNA1
,MAGEH1,ODC1,FABP3,MT-TL1
,EPS8,LRRC71,COX7A1,RBBP8
,CYHR1,AL355490.1,ARHGDIA,DDX39A
,PAPOLA,PABPC3,DDIT4,WDR1
,FHAD1,AZIN2,PPM1G,IL13RA2
,NLK,LINC01723,RNF17,CUL1
,MT-TS2,VPS45,ATAD1,C12orf10
,DVL1,EIF3D,KPNA2,TRIP12
,IGFBP2,CUL1,GNAS,PARP6
,TRIR,OBSL1,ACTRT3,CENPJ
,ZNF345,RNF115,RFTN2,RACK1
,AL136988.2,BRI3,COX6C,RASSF8
,PMFBP1,DPP7,ID3,NUPR1
,SLC16A12,POLR3C,PRKAR2B,SLC39A13
,HSPB7,STPG1,COL6A2,ZDHHC3
,AC005842.1,SSR4,COL15A1,INPP5K
,COPE,CYB5R4,ATP5MC2,AL353743.1
,RAMP1,ZPBP,ANGPTL1,MEA1
,WNT2B,C11orf42,AZIN2,NUP98
,FAM71D,C7orf61,AFG1L,HLF
,MDK,PWRN2,TPP2,METAP1
,EDRF1-AS1,AKR1B1,IFT22,RFX2
,SUMF2,LINC00293,LEF1-AS1,VARS
,NUBP1,DCC,AHI1,PDGFRA
,MIR663AHG,RBPMS,TRIR,VCAN
,MXD4,EIF3G,ACP1,ARL2
,LINC01255,AL445524.1,JUND,DGCR6L
,H2AFZ,CRAT,RMDN2,PSMD6
,HYPM,RAD17,GSTP1,SRSF5
,C12orf42,NGLY1,MMP2,AKIRIN1
,SCRG1,FUZ,MRGPRF,S100A10
,ANXA2,POC1B-AS1,IFT172,AC093752.1
,PSMF1,ERICH3,ZC3H14,TTC3
,PDE5A,FGF14-AS1,KIAA0513,GLO1
,ZNF32,AC005842.1,ATP1B1,HSPA1B
,THBS4,PAGE3,CDK4,SGCA
,PWRN2,LINC00929,STMP1,PTMA
,SNHG16,RASL12,SECISBP2,TUBA1A
,NUCB1,PLAC8L1,EIF4G2,ATP6V1A
,SRSF5,TRIM42,NUP98,PRKAR2B
,MSMO1,LYZL2,DAZL,ARHGAP26
,KIF15,HERPUD1,EEF2,ISCA1
,MYL6B,DEGS1,TIPARP-AS1,CCDC126
,MTCH1,ACTRT3,CEP76,TES
,INMT,CHMP3,CYB5R4,C12orf57
,ENPP5,C2CD6,NUP214,RMND5B
,TMCO5B,CTNNB1,LINC00662,MAPRE3
,45901,RPN1,LMO4,COX7A2
,SREBF2,URM1,RIBC1,MT-TV
,HAGLR,TP53I11,SBSPON,GADD45B
,BSG,PSMD13,CFH,NRP1
,AC018413.1,PSMG2,LARP1B,C16orf72
,SNHG8,HES1,FBN1,ZFP36L1
,NFKBIB,CNN2,P4HB,FAM76B
,YPEL1,CCSER1,IQCG,MTFR1
,PDGFRB,HSPA9,AC093151.3,ZFAS1
,ATXN2L,CPM,PRKDC,S100A6
,PRSS58,ENOX1,NFKBIB,PAFAH1B1
,MPP7,PMFBP1,FRMD6,SMOC1
,MROH2B,AL365184.2,AC083973.1,AC245297.1
,MORN5,TEX33,ATP1B3,EGFR
,ADAM3A,SPACA1,AOC3,ERI3
,TTC23L,TIMMDC1,BNIP3L,H1F0
,AKR1C3,TSGA10,ATP6V1A,GSTK1
,C3orf67,FXYD6,HCFC1R1,COX6C
,C9orf116,ACTR3,NFKBIA,EXOSC4
,SOX5,CDKN1A,MT-TE,TTBK2
,GPNMB,CDK6,C3orf38,FAU
,INHA,DXO,NUP35,TRAPPC12
,PDHA2,KIF5B,BAZ1A,EIF1
,EIF3G,FHL3,ZFYVE21,CKS2
,LRP1,INPP5K,CEP350,FKBP5
,PAGE3,RGS16,WDR37,DCAF6
,NRIP3,MTFR1L,RBPMS2,CNBP
,C1orf100,ARL2,NR4A1,CRAT
,PHOSPHO1,CLIC1,PTMAP2,RBBP7
,PMP22,ZNF451,GKAP1,PFN1
,RAB3IP,TOMM22,NENF,CCDC57
,CTSV,TTC23L,LNX1,LPIN1
,TSGA10,ZNRF4,THBS3,RAP1GDS1
,IGFBP4,SCPEP1,SNHG6,APOC1
,SPATC1,PIGC,NUDT3,SRP14
,TEKT3,TMBIM6,RMI1,AHNAK
,CNBP,SELENOT,PTP4A3,LYRM1
,ITM2C,HNRNPF,GADD45G,SPATA20
,DDIT3,C6orf99,PAPOLA,GSTO2
,CHD3,MEX3C,SMTN,PDGFRL
,AL365184.2,POC1B,SFRP1,NDUFS5
,NRIP2,C1S,APH1B,FBXO7
,AC140479.4,LAMP2,RNF19A,MAN1A1
,PTP4A1,CEP41,PIFO,YBX3
,CYP11A1,C9orf3,DDAH2,MPHOSPH9
,ROPN1,GPS1,YBX2,NORAD
,GLIPR1,SORBS3,RAB3IP,OGN
,KRT10,SQSTM1,FGF10,KLHDC3
,PER3,COX7A1,CUL9,EID1
,GUK1,WASF1,FAM46C,CAPZB
,ANKRD65,DHX57,CCT2,OSR2
,TNFRSF19,LINC02219,HMGB3,ARID2
,SOX15,AC113423.2,CCDC62,AKR1C1
,SRD5A3-AS1,TMCO5B,TKTL1,TMEM144
,BHLHE41,SPANXC,PABPC3,SWT1
,SEMA3D,ASB5,AC006012.1,LPAR6
,TUBA1A,PRSS58,PEG3,GPR137
,STPG1,RGPD4-AS1,ALKBH7,COL6A2
,FAM166A,GSTT4,ADD3,SSPN
,CAP2,ULK4,AP000892.3,F8
,LINC02400,BRAP,MORF4L1,PHF8
,DNAJC4,TIMP3,EIF4G3,AFAP1
,ACTB,DDX3Y,C17orf80,SLC25A39
,COX6C,RNF32,C12orf75,CCNI
,PDCL2,SPA17,GHITM,SPOCK1
,TUSC1,NTRK3,RAD17,PLAC9
,PIK3IP1,PLP2,B2M,ISLR
,VWA1,CREB1,PINK1,BCAT1
,CTSL,PCNA,HIST1H2BA,UBE2J2
,MTDH,DEUP1,EMD,MKRN2
,RASSF8,TRABD2A,ASRGL1,IGFBP7
,AC135977.1,YIPF3,MYL6,SUPT3H
,GANAB,OLA1,CNTN1,45724
,CDHR2,RAB3IP,PPP1R14B,PDCD4
,NUDT16,ETF1,ARID2,RNF168
,SLC25A37,MAPRE3,MAATS1,TXN
,TSR3,ERG28,SERF2,DBF4
,CLTB,MED7,SCUBE1,SCCPDH
,CSDE1,SPAG17,TPM4,C11orf70
,PFDN5,HSPB7,LIMCH1,CCDC34
,NGLY1,ADAM3A,AC007969.1,ATP6V1F
,BEST1,DRICH1,SCN7A,CSRP2
,TMPO,FAM71D,CEP164,EEF1B2
,GNPTG,SRD5A3-AS1,RAB8B,NFE2L2
,QSOX1,ZNF683,CAPNS1,LASP1
,ERICH3,NDUFS2,TGFB1I1,FAIM2
,INPP4B,TMEM270,TMSB10,FOPNL
,AP2A1,ASB17,CLK4,APP
,ANKRD53,TMSB10,CLEC16A,DHCR24
,RBPMS2,THRAP3,MOB2,CYP2R1
,FRRS1L,EMD,TRIP13,LGALS8
,CGREF1,ISCA1,LYPLA1,LPP
,HEXB,APOBEC3C,IFI27,PENK
,PRKCSH,PACRG,CHMP4B,SPIRE1
,TBCA,SPG21,HLA-A,TMSB4X
,LCA5L,COMT,BAD,HMGCS1
,SPERT,KCNAB1,TOMM7,ZPR1
,RGPD4-AS1,RACK1,VPS51,TMEM38B
,TPP2,SSR2,ZDHHC3,BHLHE41
,SLC22A18,ATIC,CCND1,SPTBN1
,SPATA4,DCAF1,CPE,DCN
,STK35,SEC23IP,PLP2,PAIP2
,AC009396.3,ISYNA1,PFN1,TAGLN
,OSBPL10-AS1,PLEKHA1,ID1,TPT1
,NAP1L5,SERGEF,KLF10,AEBP1
,TERF2IP,FKBP5,TBX2,ZCWPW1
,IFT20,AC083973.1,CCDC138,QARS
,EFCAB1,ANKRD53,TRBC2,TUBB
,MRGPRF,PRC1-AS1,HACD3,NAA38
,PDCD4,SPATA16,MFF,PALLD
,LINC02219,CCDC62,SPTBN1,C11orf1
,PGRMC2,ADAM5,NPIPB15,RFX3
,WFS1,FEM1B,HIST2H2AC,KLF10
,TAF6,MTCH1,FHL5,MAF
,LY6K,CAV2,MCHR2-AS1,MAOA
,CUTA,KPNA2,AOX1,SOX5
,SPTBN1,TBL1X,HIST1H2AA,RAI14
,FAM162A,TMED7,ZNF217,PPFIBP2
,EMD,TBL2,EDRF1,IQCG
,CCT2,CALR,CCND2,CPED1
,MFF,CSNK2B,TNFSF12,UCHL1
,SYF2,PCCB,ANKRD53,TSC1
,PTOV1,SOX4,AAMDC,CTSC
,FAAP20,NECAB1,EFCAB13,PRKAR2A
,RETREG1,SPPL2C,NDUFB1,PER3
,ZFAS1,AL049875.1,PSD3,MAP1B
,FAM92A,WBP2NL,CAMK1,MIR100HG
,FBXO17,AC006012.1,SYNM,GPX1
,AL355490.1,PHOSPHO1,CAPZB,ZBTB20
,KCTD12,SRSF2,ITGA7,CRTAP
,AKR7A2,ILF2,MARCKSL1,ZMYM2
,AFG1L,OAZ2,CEP152,FDFT1
,COBLL1,MED21,DDX24,ODC1
,GAS5,TXNDC12,CCDC173,TENM2
,TMEM259,SECISBP2,PDPN,COL1A1
,AC018558.1,TIMM17A,CEP85L,USPL1
,DIAPH3-AS2,ATP6AP1,SMOC2,BRAP
,TTC3,PHB2,RFTN1,FHL5
,CBR3,CRIP2,S100A4,RUVBL2
,INPP5K,DNPEP,MBNL3,KDM5B
,SOCS7,SART3,DCAF1,C3orf38
,NR1D1,AURKAIP1,DPCD,USP25
,VSIG1,GRHPR,HIST1H1C,TPGS2
,BPI,SLC22A18,CTSZ,EIF4G3
,SLC38A7,UBXN8,DEXI,INPP4B
,ACRBP,ZNF124,HIST1H1A,PSMC5
,CBLN4,PARP6,FGD4,ARHGAP28
,HNRNPA1,RMDN2,LAMB2,FOSB
,C3orf38,PIP4P2,UBXN8,UQCC2
,TRIP6,ZNF91,FNDC11,AHI1
,SORCS3-AS1,RNF5,RBM3,IDH1
,DGUOK,EHBP1,MOSPD3,NCL
,LRRC58,SEC24D,ANXA11,TSHZ1
,CYP1B1,MTFR1,PLBD2,LAMC3
,LAMB1,IMPDH2,CLU,CHSY1
,CKAP4,PPT1,ZNF451,SRRT
,DIO3OS,GEMIN4,MORF4L2,LINC01088
,WASF1,NPRL2,PAQR7,IAH1
,NDRG3,AC135977.1,CPM,CFAP36
,AFG3L2,SMIM6,MAP3K20,ELOB
,AARD,LINC01255,TUBG1,FADS1
,SOD1,MAP3K19,LAMP2,NR1D2
,CLK2P1,TEX22,BTC,HEXIM1
,ADD3,ZBED5-AS1,EFHC1,ARPP19
,BEX1,FNDC11,THAP5,BNIP3L
,ACE,LINC01088,TIMP1,FGF10
,LRRIQ1,DERL2,ATF4,STK33
,SDF4,TEX2,SRP54,EPDR1
,CHST7,PITRM1,SGCE,LAMA2
,TCF4,FLT1,GAS6,ARPC5L
,ALDH1A3,SC5D,USPL1,ERGIC3
,ODF1,LSM14B,ATP5PD,TPM1
,MORN3,ESAM,GPX4,IGLC2
,LYPD4,TUBB,RANGAP1,AC018521.5
,ZMYM2,CAMK2G,PDE3A,COLEC11
,NUP214,ARHGAP35,CUL1,EMP2
,GSTK1,PRUNE1,FHL2,MYC
,CDC42EP3,AHSA1,DDX5,LRP1
,AIMP2,TES,KIAA1210,SRP9
,AC026271.1,PPP4C,MT1E,FARP2
,POLB,GDI1,FOXC1,HMGN5
,LMO4,COX7B2,ROMO1,LAMB1
,GSTA1,SNX17,CCDC74A,UBA5
,TPM2,SSU72,ALDH1A3,STMP1
,SORBS1,TNFAIP8L1,WNT2B,NPC2
,THSD4,USP25,CCDC113,TCEAL7
,TSPYL2,SPATC1,TBX2-AS1,COL6A3
,NEXN,OSBPL10-AS1,PHB,HSPB7
,RAB31,LINC02400,LPP,CNTRL
,TEF,MVB12A,NDUFA11,LDB2
,APLP2,DIAPH3-AS2,ZPBP,NDRG3
,HEBP2,TTLL5,MT-ATP8,SLC25A6
,TNFRSF12A,FBLN5,ITGA8,RASD1
,NDUFS5,LDHC,SELENOP,SPINT2
,PEBP1,PSMB2,ALMS1,C17orf80
,POLR2I,UBE2J2,NUPR1,WDR41
,PSORS1C1,ZPR1,NUCB2,BACE1
,RCN1,G3BP1,BACH1,LTBP4
,SLC38A1,PAXBP1,GNB2,SCARB2
,TEX101,BAG1,MAFB,WFDC1
,SWI5,ITGB1,TMSB4X,VAMP2
,AGPAT1,PGRMC1,NME4,DYNLL1
,CEP85L,HNRNPR,USP2-AS1,TXNL4A
,CYBRD1,AL158801.2,FBXO34,PSMG1
,H3F3AP4,RAE1,FIS1,ATF3
,LIX1L,KIF3B,HORMAD1,MAP1LC3A
,DCBLD2,CAMLG,LAMB1,NMNAT2
,TBC1D21,RNF14,SWT1,SERPINA5
,HIST2H2AC,DNAL1,SNHG9,DNAL1
,NPDC1,CDH13,FARP2,C19orf70
,SMDT1,AFG1L,RGMB-AS1,UBE2J1
,MT-TP,CADM1,KIF27,TOMM20
,SPINT2,LMAN2,CPNE2,FNBP1
,BACH1,CCDC126,SMDT1,GTF2A2
,RFLNB,TKT,CDC14A,SYNE2
,PPP1R1C,FBL,ZBTB1,PRAME
,BEX4,SELENOF,DAAM2,SBDS
,CASC4,PRPH,TFDP2,NUP58
,EBPL,LLCFC1,BTF3,SSR2
,ADAM5,LINC01784,HRH2,UBXN6
,EGLN1,ARL9,NOV,DUSP1
,FYTTD1,GSTM4,C1orf198,ANGPTL4
,LYZL2,BAG4,DKK3,SLC25A46
,HNRNPAB,TMEM159,SRP14,MSI2
,G2E3,PRRC1,UBXN1,NAP1L1
,ITPK1,DDOST,RASSF8,HSP90B1
,HEXIM1,DLK1,AC104083.1,ARPC2
,GK2,CLEC16A,CLTB,UBB
,LRRFIP1,RNF41,FAM200A,NOP53
,MX1,CUL9,C7orf50,EIF3E
,COPZ2,FAM53C,LSM14B,SNAP29
,RGMA,OFD1,SNTA1,LRRFIP2
,HSF1,TPD52L2,LTBP3,ETV1
,SMIM4,BACH1,MT1A,SCN3A
,EIF4H,SLC25A11,FLT1,TCF4
,HNRNPUL2,CRLS1,HNRNPA0,LINC00702
,VKORC1,PUF60,ATP5F1B,PRKCA
,LRIG1,GSPT2,CRYAB,PDCD5
,LYNX1,FXR1,RAMP1,SOX4
,TSEN34,SNX3,PGM5,CKAP4
,JTB,DDAH2,PPIL6,C11orf74
,CARHSP1,MCAM,LHFPL6,PPP1R14A
,PCYT2,EHD2,PRRX1,GYG1
,NENF,AL353743.1,AL590867.2,VPS45
,TMED10,LCP1,NDUFS5,SLC51A
,CTSF,PFN2,LINC01016,ENDOD1
,TUBB4B,CEP164,BUD31,EDNRA
,GSTM3,RIBC1,ARHGAP26,CYP1B1
,CMTM6,PLSCR2,CCDC126,SMIM12
,CCDC3,CCDC57,TMEM38B,COPS5
,EDIL3,KIRREL3-AS2,GPC6,RHOBTB3
,SSR2,MCHR2-AS1,SHROOM2,CXXC5
,FBXO21,LYZL6,DNAJC18,PBX1
,CUL1,SPANXN5,HHIP,NFIX
,ADRM1,GRN,MEX3C,ANTXR1
,SOX9,TIAM2,JPX,TBPL1
,TECR,DPT,RNF168,PLEKHA1
,ENOX1,RBM18,NEK11,NFIC
,CIART,BACE1,CCDC171,EIF4B
,HSPA1B,TMSB4X,SLC8A1,EIF4H
,TINAGL1,PSMA5,SYNGR2,HLA-C
,HPRT1,RPP38,DCAF6,PRNP
,TLN1,PPHLN1,HDLBP,BTF3
,THBD,LASP1,OMD,RPRD1A
,TAF9,TSPAN4,CAPRIN1,SSR3
,ADCY3,IGFBP5,UQCRB,APOPT1
,PPP3CA,SIRT2,FAM76B,DYRK4
,THBS3,TMEM9,ABHD2,MYO9A
,PLEKHF1,CAP2,WTIP,SNED1
,45904,CASQ2,AFAP1,PPP1R15A
,SETD9,UBL7,BBX,WWTR1
,FBLN2,ZMYM2,INPP5A,TMSB4XP4
,ARHGAP28,PSMD11,HSPB7,PLXDC2
,ACP1,SMIM12,EPAS1,LBR
,ITGB8,AC114812.1,THUMPD3,RAE1
,BPHL,EDRF1-AS1,EFCAB11,KLHL7
,PCP2,AC018413.1,AGFG1,ATRX
,NTMT1,MKRN2,AMIGO2,PAPOLA
,RAB23,PAPD4,SYCE3,CRISPLD2
,ARHGAP29,FAM166A,PHLDA2,ZFP36L2
,CIRBP,NPIPB15,RGS16,FBXO34
,RNF168,USP2-AS1,EIF4B,L1TD1
,FAM102B,OTUB1,DMPK,AR
,MATN2,RBPMS2,AC068888.1,NDN
,PID1,ELAVL1,FLNB,DPYSL2
,SELENOW,VPS35L,TSR3,STX8
,GLMP,STAM2,BTG2,EMP3
,SMIM29,FAM114A1,RBBP8,TP53I11
,RAI14,NDRG2,COX7B,FILIP1L
,RGN,UBXN6,GNG11,H1FX
,BCAM,MEG3,PHKG2,NDUFAF3
,ATP1B1,CCDC115,TMEM51,RNF7
,KCNH2,PAQR7,PIH1D2,TUFM
,PTPRA,CAVIN1,SERPINE2,LEPROT
,RAPGEF5,SNX4,SHOC2,MAGEH1
,VAMP2,COQ5,HSPG2,ROMO1
,MGP,DPCD,PFKP,PRKAA1
,GALNT10,HSPD1,GEM,EEF1E1
,EPAS1,FUS,PSME1,MOK
,C9orf43,ROMO1,BHLHE40,TNFRSF19
,TSPAN6,PDLIM7,TBCA,CCDC3
,LYZL4,TADA2B,STAM2,MFGE8
,SSR3,NUP155,BCL7C,LMO4
,TUBB,ANO2,POLR3C,SRP54
,MID1IP1,RAB6A,SERP2,MAGED2
,PABPC3,MROH2B,NDUFA1,CDH13
,BAZ1A,BRWD1-AS2,ARPP19,UBAP2
,ATP6V1A,TEKT2,ZNF677,LDHB
,VAT1,CFAP100,GUK1,FRMD6
,DES,LAPTM4B,DCN,GALM
,SIRPD,NAT6,MSRB3,LUM
,RFPL3S,AF131216.4,MAF1,RGS2
,DCAF6,LINC02053,SIVA1,PDGFRB
,RCN2,C1orf56,NFIB,MARCKS
,ATP1B3,WFDC3,RAB1A,NREP
,HLA-DRA,FANK1,GEMIN4,ECM2
,45912,LGMN,SLC25A3,CCT5
,HOXD8,TSTA3,ZFP36L1,RBMS3
,CDKN1A,TRIP12,MT-TS2,TCF23
,MRC2,BRIP1,HTRA1,HLA-DPA1
,PMVK,PCID2,ARHGEF25,AMZ2P1
,ZNF683,CCNH,IGFBP2,ZNF385D
,45726,TMEM131L,HACD1,LAMB2
,LAYN,CEP57,TGFBI,SGCD
,LZTS2,LINC00667,MEG3,ZCCHC8
,COX4I2,GMPR,CANX,LRRN3
,ZSCAN31,SLC2A8,CARMN,SNHG8
,LAMTOR4,EXOSC4,ME1,HES1
,KIAA1211,MPC1L,CUTA,ZNF91
,PACSIN2,RTL8A,NDUFV1,SMARCA1
,MPC2,ENDOD1,IER5,MTCH2
,DAAM2,MYO1E,CYP1B1,SERPING1
,TSPAN4,CTNNA2,GSN,TCIM
,GNG2,TXNDC17,CNTN4,RND3
,NAA38,AC005912.1,RNF141,ZKSCAN1
,GPX4,GID4,CEBPB,ZNF451
,TCIM,UTRN,CLIC1,CD74
,LCP1,STT3A,TUBA3C,FAT3
,PKDCC,NECTIN3,DNAJC4,HP1BP3
,CLN5,TUBA3C,MTFR1,RASSF2
,TBC1D2B,AL359182.2,LGALS3,ERRFI1
,SPATA46,AUP1,CCDC57,TECR
,NUDT11,LINC00347,GOLM1,GTF3C3
,SRSF2,CDHR2,ZNF487,MAFB
,TOMM20,LEF1-AS1,ATP5MD,B9D1
,UNC119,ANXA4,RNF114,COL14A1
,APRT,ANKRD13A,AP2B1,TFPI
,HSPG2,SNX13,JARID2,SRPX
,CUL2,MED25,RAB31,LSM4
,VPS45,MAN1A1,HEBP2,ZFAND6
,MSI2,ATP5F1C,MYOZ3,KITLG
,LIMS2,SPERT,DAB2,CYBRD1
,SET,NEK11,CLDN1,MIEN1
,CCDC71L,C11orf24,DUSP1,ATPAF1
,AC006012.1,AZIN1-AS1,DACT3,CUL2
,SAT2,RRP1B,TUBB,PDIA3
,POLR3C,TEX264,SORBS3,SH3BGRL
,CETN3,SEM1,NUP58,HNRNPUL1
,OS9,YWHAE,ASAP1,CASC4
,DUT,SUMO2,SMARCA1,FBN1
,TFPI,GRB2,LITAF,LAYN
,C11orf71,GSTO2,LINC01578,SREBF2
,FRK,ACSL1,CCL4L2,ZNF124
,CRISPLD2,KATNA1,ADCY6,CIRBP
,TXNDC8,GSTM3,MINOS1,LRRCC1
,BAX,CFAP20,AZIN1-AS1,CAPN6
,NEK7,NOSIP,UQCR11,NEDD9
,TAGLN2,KANK1,CUL2,GSTA1
,ECH1,USP44,UQCRQ,FCGRT
,TXNIP,RCL1,SPEG,LRRC58
,SCN3A,LTN1,CCDC110,GALNT10
,JAZF1,HERPUD2,RARRES2,THUMPD3
,GSTP1,BCAT1,LGI4,FAXDC2
,ZBTB1,TSN,CD74,CCDC85B
,AC245297.1,S100A16,AFDN,ADD3
,TRIM56,SHARPIN,SUSD5,PTCH1
,ITPRIPL2,GLT8D2,MIS18BP1,TMEM106B
,ARX,TSC1,PRKD3,MUM1L1
,C1orf43,CFAP65,AP1G1,CHURC1
,CDKN3,AHCY,USP44,ATP1B2
,IL34,TUBA4A,CCT6B,NUDT10
,ITGA9,PER3,LGALS1,LMOD1
,AGTPBP1,HSPA13,PLPP1,DEFB119
,FADS1,OSGIN2,CNTRL,EIF2AK2
,PTK2,ECE1,BNIP3,PDXDC1
,NFKBIL1,PSD3,SH3BGRL,PAK3
,SMARCD3,AC008267.5,CITED2,ZFAND5
,IMP3,FLOT1,APP,45910
,MEA1,FH,PIK3R1,NDUFB11
,PLCD3,MINOS1,PPP1R14A,CNN2
,NDUFA1,LSM14A,SPON1,SNHG7
,TEX22,ZBTB16,RFX3,TPM2
,CFAP100,FAHD2B,AES,TMED10
,KHDRBS1,CTDSP2,NEGR1,THSD4
,AC093249.6,NABP2,NTF3,DDX3Y
,ST5,CCT8,MT-ND5,CCDC66
,DPY19L2P2,CCDC110,CDO1,PHLDA1
,COL16A1,TMED9,IQCE,PLEKHA4
,FAM209B,CNTN1,LIMS2,SH3PXD2A
,SMPD3,MTCH2,OCRL,BBIP1
,FARP2,HMGB1,JAG1,LIMS2
,NRXN2,CNTN4,TMEM47,FAM216A
,XAF1,WISP2,APLF,IDS
,TP53I11,METTL22,PMVK,ASH1L
,BRWD1-AS2,RPGRIP1,AC008267.5,RNASE1
,PLA2G16,RFTN2,XPNPEP3,HNRNPD
,MPHOSPH9,UBQLN2,ITM2A,PCCB
,SMIM6,SCP2,LDHC,FAT1
,FAM210B,ZNF580,DDX3Y,PID1
,CCDC8,MEIOC,NDUFC2,SGCE
,AL353743.1,AIF1L,TULP4,IER2
,RGS7BP,WFDC1,PCBD1,EEF2
,DPP7,SET,EIF3G,FOXC1
,SMARCD2,PTGDS,MIR193BHG,CYR61
,PLD3,MTHFD2,ARPC1B,PEMT
,CASC1,CD47,AC103591.3,CWC15
,CUL9,DAD1,EDIL3,LGALS3
,AKR1A1,EBNA1BP2,BGN,CLDN11
,TM9SF3,TM2D3,HSPB2,IGFBP5
,DDX5,SRPK1,GLCE,TXNDC17
,STMP1,BNIP3L,SMCO4,NDUFV3
,SPATA8,HACL1,DYNLT3,TMBIM4
,C17orf80,RPRD1A,HCFC2,SELENOW
,ARID2,GGNBP2,TRIP6,GLG1
,USF2,FRK,PLCL1,MED7
,45907,HABP4,ZBTB38,ZFP36
,SHC1,GPR18,SNHG16,EWSR1
,NISCH,UBE2F,MAP3K7CL,PEG10
,TBC1D1,FBLN2,AC133552.5,DDA1
,PFKL,APOPT1,LAMTOR4,C19orf53
,STAM2,SAMHD1,C1QTNF1,PJA2
,TRABD2A,CTSL,BRAP,CEP70
,PEG10,SNRNP40,MIF4GD,MYL9
,RNF11,APPBP2,CYB5R3,FADS2
,IFITM3,ERP44,AC027644.3,CASQ2
,HSPB1,KIAA0100,SLC22A18,TOMM7
,GNAI1,CTBP2,CLIP4,FLRT2
,TSPYL1,KLF5,FANCM,ACTG2
,ELOB,CLK2P1,ADGRE5,ARHGAP35
,FAM129A,BPI,DZIP1,SOCS2
,PALM,SLC7A2,NME3,CHGA
,KIAA1257,AC093151.3,SLC25A46,PLTP
,XRCC5,CDKN1B,ADAMTS1,HLA-A
,LDHB,PKIB,AC093249.6,UQCR11
,SELENOF,FTSJ3,PLK2,DMD
,EMP1,AC093249.6,TOR1AIP2,RNF6
,GKAP1,LGI2,MAPRE3,NOSIP
,ALKAL2,GTF2A2,CST3,MLLT10
,FADS2,RGMB-AS1,PLIN2,PCYOX1
,TSR2,CIB1,ARHGEF3,FAM210B
,UBAP2L,EDRF1,PITRM1,SEC62
,RHEB,HDAC1,MT1M,CEBPG
,TMEM128,MPHOSPH9,AC090498.1,VWA1
,C6orf99,MLLT10,HRC,SEMA3D
,BOC,CNTRL,LINC01088,PARM1
,NUBP2,SMCO4,C1QTNF2,MYOC
,ELP5,PAM,NT5C,KIF3A
,CBR1,S100A10,SETD2,RER1
,CALD1,LRRTM3,RABAC1,RNF24
,CRABP2,SURF2,ARID5A,TM9SF3
,ISCU,RTN3,PSMF1,COQ5
,PACRG,BGN,FBXO25,ZFYVE21
,ARMC2,RAB32,SMIM10,SPCS1
,PIN1,FAM71F2,DNAJC15,SUMO2
,YPEL3,CCS,ATAD2,KLF2
,DDX3X,DHRS7B,EHD2,LAMP1
,MAEL,RAN,HLA-DRA,ARL6IP1
,WBP2NL,ITGA8,USP15,RAB21
,ZNF22,C2orf42,LTN1,LTBP3
,CEP76,ARL4D,AC005912.1,EGLN1
,TRIM8,MMAB,PPP1R7,PCDH18
,PLAC9,TMEM225B,FAM222B,YME1L1
,CLSTN1,PEX13,ELOF1,MMP14
,GNPDA1,KIF15,NTN4,CHCHD2
,LARP1,POLDIP2,MICAL2,UBQLN1
,H2AFY,PRPF40A,KLC1,UQCRC1
,PXN,PEPD,ANTXR1,CNN3
,SQLE,TBK1,CGNL1,SVIL
,MRNIP,EIF4A2,AKAP11,MMP2
,NOB1,BBIP1,SET,EDF1
,WFDC1,ANXA11,GZF1,LAMA4
,IFI27L1,MAP4,JMJD8,GSTA4
,KLF2,CCNDBP1,ZFAND3,IFT88
,ECM2,SLC41A3,MAPK6,MT-TY
,PDGFA,NDUFA1,KCNA5,FBXO21
,SRP54,ACLY,FKBP4,TCEAL5
,THY1,TBPL1,DRG1,IFI6
,LPAR6,ATP5MG,ABR,BTBD10
,ATL3,TSFM,SPARC,STIP1
,PHYHD1,SOX30,KANK2,SMIM4
,MAP3K7CL,KIAA1257,PRMT2,SET
,MRFAP1,SNAP47,AMZ2P1,TRAM1
,SGCD,EFEMP2,LDB3,LGI2
,TMEM109,MRGBP,SSBP4,SCD5
,NKX3-1,CFAP53,TXN,RAB1A
,MAP7D1,NPNT,NTRK2,NEXN
,DNASE1L3,PLD3,STK24,ITGB8
,GREB1,LY6E,FBXL13,F10
,ATF4,MAD2L2,MTHFD2,POLR1D
,SNRPB,PRR13,PAQR3,LSAMP
,EDRF1,CCT5,PAK3,TSC22D1
,PCAT6,ALG3,CENPW,CMTM3
,ASB17,COPS8,SERPINA5,CYSTM1
,MRVI1,SIGMAR1,AL078639.1,SERGEF
,UBXN1,CFAP221,MRGBP,PCOLCE
,AP1G1,IFT52,PSMD7,KMT2A
,RIMS1,UBA5,KLHDC2,HTRA1
,MTHFD2,NT5C3B,RANBP2,ATP1B1
,CHSY1,ACOT9,NDUFB8,BRI3
,AFF4,AC007969.1,MOK,TNFRSF12A
,RNF130,AKIP1,RND3,SLC40A1
,ZNF487,ARPP19,AC116533.1,MXRA8
,AF131216.4,UBAP2,MRFAP1,MUS81
,ATXN7L3B,GJA4,NMNAT2,NAP1L5
,CFH,MAATS1,BNC2,PHACTR2
,CD63,COLEC12,TUBB6,SERPINI1
,RFX2,PNRC1,CBX5,VPS13C
,MAPRE2,SPIRE1,REX1BD,BACH1
,NFIA,TSNAX,TSC1,SSR1
,HSDL2,PIAS4,CCDC34,COPZ2
,BOD1,CX3CL1,ADSSL1,CUTA
,CTDNEP1,PRKRA,CSDE1,GINM1
,PPP2R5A,MYO1D,RGS4,CCNH
,SCN7A,CFAP43,UBAP2L,RIMKLB
,PAIP2,PPIL6,UBXN4,YES1
,CD74,MIR663AHG,ZCCHC8,PLSCR1
,LYRM1,FTSJ1,BEX3,ATP5MC2
,SLC35G1,MIEF1,COX6A1,SELENOF
,SEPHS1,AC018558.1,LAMA5,CDH11
,FAM104A,SEC23A,METAP1,GAS5
,ARID5B,CORO1C,NPTN,EFHD1
,H2AFX,SND1,SNRPB,RAB31
,CMTM3,RNF168,SCAND1,SC5D
,LDB2,CCDC167,PDLIM7,HMGN2
,TMEM216,ADRM1,NDUFB4,CSTB
,DNAJC18,FLII,ANXA1,MINOS1
,WWP1,WDR61,MIR1244-2,SYPL1
,TMBIM6,CYP7B1,PDLIM3,THBS4
,B4GALT5,LRWD1,INTU,PSMD14
,PRKAR1A,METTL2B,INAFM1,PSMG2
,AC092164.1,OSCP1,PLAC9,PDCL3
,SUN1,ASRGL1,C9orf3,CLMP
,REX1BD,CRYL1,SYF2,CFH
,KLHL23,MYADM,RAB11B,SELENOP
,UBE2M,CYFIP1,LGI2,SERINC1
,B4GALT1,ARFIP1,COX8A,METTL5
,JUN,LMNA,MYOZ1,IGFBP4
,EEF1B2P6,RMI1,GID4,ABCA8
,TMEM183A,KLHL20,CLIC4,LHFPL2
,MDM4,LSM4,FZD7,SYNDIG1
,DDAH2,ELOVL1,TEX30,AK3
,RFK,NOLC1,SPSB3,CCL2
,DYNLRB2,EIF5,MIR99AHG,DZIP1
,HMGB2,PPIC,ZNF518B,VCL
,SEPT7P2,CDC42EP1,NPNT,YWHAZ
,CDIPT,RFX3,SEC31A,DCBLD2
,MIR100HG,XPNPEP3,ANAPC15,ITPR1
,TNFSF12,CRYZL1,CDC42EP3,PURB
,DEUP1,PSMG1,KLF4,GSE1
,FAM102A,AGTRAP,TM4SF1,ERCC6L2
,TMEM98,RAB11B,TMEM109,ARID1B
,HINT1,COPS3,TCF21,EPM2AIP1
,AL451165.2,PHLDB2,OSGIN2,B4GALT1
,PLEKHA4,BCKDK,DNM1L,TBX2
,ZNF385D,CD82,MKL2,NOTCH2
,HS6ST2,AC093752.1,SERPINI1,KLHDC8A
,NDUFV3,ARHGAP26,KAT5,JAK3
,TCEA2,EFHC1,SKIL,TXNDC16
,SHISA5,S100A4,TMEM144,ELK3
,ZBTB4,NXF1,DRAP1,FAM177A1
,THAP5,UBA2,PRMT1,BHLHE40
,NUMBL,PTOV1,MGLL,HMGCR
,NREP,SLC16A7,C21orf91,NPNT
,F2R,45724,GADD45GIP1,UBE2B
,BECN1,WDR41,EEF1B2P6,PPP3CA
,MUM1L1,G6PC3,CLTC,SNTB2
,ZNF124,TMEM106C,MTND3P10,SMAD5
,C11orf65,FAIM2,KIFAP3,FOXO3
,ANKRD6,TFB1M,FBLIM1,ENG
,TKT,NME5,PICALM,IFI27L2
,STMN3,NUP58,YWHAZ,CIB1
,SEC63,TCTN3,PSAP,CHD3
,KIF5C,LNX1,PHTF1,ATP1A1
,AC084033.3,TSEN34,POGZ,CSGALNACT1
,TTLL7,ATG3,RCSD1,ERAP1
,RMDN2,PGAM1,EIF3K,PROS1
,EFEMP2,ZNF22,EIF3F,JAZF1
,RILPL2,GOT1,MAZ,IFI44L
,TOX4,RSL24D1,CALCOCO2,CAMKK2
,MED31,AK5,MT-TP,IGFBP6
,KXD1,RNF6,PPP2R2B,AL118516.1
,PRELP,CYBRD1,COPS6,WFS1
,NT5C2,RAD51C,ALDH1A1,ATP6V1D
,C11orf1,PBXIP1,SDR39U1,AKR1C3
,QPRT,SEC22C,SGCA,EVI5
,PGM1,TAX1BP3,XIST,MIR4458HG
,GPRC5B,MORF4L1,H3F3B,DARS
,HHIP-AS1,COL14A1,PSMA4,ANKH
,HIST1H2BA,RAP1GDS1,LRRC32,SHOC2
,CTNNB1,GLTP,MTCH2,TPST1
,C7orf61,FIS1,REEP3,ERH
,EIF3E,LRRIQ1,UBC,SQSTM1
,APCDD1,RPA1,USP25,MX1
,PLSCR1,JKAMP,CLMP,RBBP4
,NFIC,RCN2,PAWR,STAG2
,SEC61G,ARMC4,PRRC2B,ATP5ME
,ASMTL,C11orf70,FAAP20,SVIP
,TMEM120A,UNC50,CREG1,SNHG6
,SEC11A,CUEDC2,TRIM47,TSPYL1
,ROMO1,ERCC4,EMC6,SMIM14
,CEBPB,COX5B,MT1X,GLUD1
,CHD5,TCEAL7,EID1,TTC28
,NSA2,FCGRT,BMP2,LGALS3BP
,CXCL16,LINC01578,TIMM50,NUDT11
,ATP5MC2,IFNGR2,C6orf89,ACP5
,DRAP1,CLIP3,DXO,LPAR1
,SULF2,DEPDC7,C11orf70,ELOC
,COIL,GMPR2,AL353743.1,MACF1
,AC007969.1,PLEKHO1,PDGFA,GPR155
,C5orf49,F10,ZNF518A,NOVA1
,COG2,JAGN1,TUBB4B,PPM1L
,PRKDC,USP37,RBPMS,BOD1L1
,METAP1,C7,CNBP,SSR4
,CYP2R1,TADA3,TMEM173,SNRPE
,SNAPIN,TM4SF1,MGST2,DNAJB1
,INSR,POLR2C,RNF111,SORL1
,RORA,ZNF677,LTBP4,LPGAT1
,MT-ND4,MTR,RHOA,SPATS2L
,KIAA0753,LDB3,FLRT2,SERPINB6
,NDUFA2,IQCE,HLTF,LRRTM3
,GABARAPL2,CAVIN3,TRIB2,EIF3K
,TEKT2,MAPK8,REXO5,SRM
,CLMP,ALDH6A1,NOL3,SLC8A1
,FNTA,TRAPPC4,VASN,ZEB2
,PABPC4,GLB1,TUSC1,SERTAD1
,GJA4,C9orf43,RANGRF,HNRNPA3
,PPIL3,RBM3,KATNA1,G0S2
,JAM2,AHI1,TBC1D1,FRRS1L
,ATP8B2,TOLLIP,ZNF428,LGMN
,BCL7C,SLC1A4,IER5L,IFNGR1
,TRMT112,MTX2,NEDD8,KANK2
,PREB,ST3GAL4,YWHAE,SMC6
,EPB41L4A-AS1,PIGK,PRKAA1,ROBO1
,HMGCS1,BRWD1,ZNF106,PCDH7
,JUND,TMED5,NECTIN3,SNCG
,EIF3F,ANAPC13,PIGP,RGS22
,AOX1,PALLD,IQGAP1,DDR2
,ARPC2,CLPTM1L,PTOV1,CMPK1
,FBXO2,PLN,NT5DC2,OXR1
,APH1B,PPP1R12B,NAALAD2,LY6E
,SLC41A3,CTSK,ARC,EXOSC9
,TMEM245,ACAA2,ACO2,TXLNGY
,C19orf70,PDZD11,ACACA,SHROOM2
,C1QTNF1,CYP2R1,HSF1,SYNE1
,PRMT2,SRP14,UBE2M,NSA2
,VPS26B,PRKAR2B,RNH1,AKR1A1
,USP2-AS1,NAA40,GPBP1,FRG1
,PURA,MAGEH1,PPP1R12B,APOL6
,SACS,WDR45,SVIL,STK38L
,MIR503HG,KMT2E-AS1,DHRS7,AC007969.1
,AMIGO2,TIMM23,PAFAH1B1,TGOLN2
,AZI2,LARP6,LIX1L,RHOJ
,HSPE1,RFX2,TIPARP,ITPK1
,AK5,B9D1,EMC4,NRXN2
,ZYG11B,FRYL,LZTS2,CMTM6
,PSPHP1,GRK4,TMEM38A,MT2A
,NET1,PHF14,ABHD17A,SNAI2
,HIST1H1A,45906,CKAP2,MYL6
,GBP2,ATF3,UBA2,NR3C1
,DNM1L,TRIP6,GNB1,GNB5
,ARID1B,EGFLAM,ITCH,ENPP5
,IFI27,ACACA,ZYX,C1orf54
,ECHS1,MAOA,ACTA2-AS1,RAMP1
,FKBP9,LTBR,COX5B,ECM1
,RANGAP1,PDLIM5,NFKBIZ,PNISR
,THBS1,PHGDH,BST2,FGD5-AS1
,AP2B1,COPG1,ACAT2,LINC01681
,ZNF428,RBM39,COPZ2,NCOA1
,IFI27L2,BHLHE41,MARVELD1,SAR1A
,YY1,DKK3,ETNK2,LPCAT2
,MYO1B,GPX8,HNRNPAB,H2AFZ
,SMIM1,SCAMP3,EBPL,ATL3
,WAC,BABAM2,PTTG1,SON
,SCD5,BOD1,AKR1C3,C6orf89
,SCAND1,RABGAP1,RTL8A,BPTF
,AKR1C1,PDCD6IP,ERRFI1,KLHL42
,FANK1,GPR137,ASMTL,TIMMDC1
,TCEAL1,ATP8B1,STARD7,OLFML2B
,ARHGAP26,HM13,GNAI2,NHS
,KLHDC8A,DDA1,ADGRA2,CHML
,HCFC2,IL13RA2,COIL,MAGED1
,IRF2BP2,FBXO25,NUMA1,HLA-E
,METTL26,SNRPG,H3F3A,MTDH
,PRDX4,HAUS2,WDR41,ZFYVE16
,IER3,LPIN2,CCNI,EPCAM
,DDAH1,EOGT,TMEM100,SMIM15
,C7orf50,PROK1,APRT,JMJD1C
,PPP2R2D,GSTA4,ZNF358,BHMT2
,AAMP,ATP8B2,ABI3BP,KCTD12
,EPB41L1,FAM200A,RALA,KLF3
,ISCA1,HP1BP3,DBF4,RPRD2
,PFN1,PIH1D2,ZCWPW1,TAB2
,CCDC110,GADD45B,MED13,NPTX2
,ZFAND4,AL118516.1,CERS2,FAM198B
,RCC1L,COL4A5,DCP2,AEBP2
,ULK4,TPM2,TMEM160,NEK7
,ATP5F1D,JADE1,PCSK7,CD82
,CREBRF,CCNB1IP1,MIR100HG,HNRNPR
,TMEM270,HIST1H1E,COL14A1,HSF2
,EMP2,LMCD1,ZNF503,SERPINH1
,TENM2,SLC35B1,TSPAN2,JAM2
,ZCCHC17,PHF8,TPGS2,ALDH3A2
,SIAH2,SH3KBP1,EHD1,DCAF16
,PITPNA,DHPS,FAM241A,LUC7L3
,CCDC57,PPP3CB,MGARP,SMARCA2
,C4orf48,BTG2,PNMA1,XBP1
,SPATA16,CASC1,RASGRP2,NIPAL2
,PGLS,WNK3,SRM,ZSCAN16-AS1
,TAB2,RIMKLB,BEST1,NBDY
,IDH1,PDK4,RNF187,HIST1H1C
,GSTA4,VPS25,PTMAP4,NSMCE1
,LTN1,SNAI2,CAPZA1,GHR
,XRCC1,DDX5,KIF1C,MSL1
,PHLDB1,TIMP1,A4GALT,HIVEP2
,CALR,TRIAP1,EIF6,NDUFB1
,FMNL2,H1F0,PTRH1,TCEAL8
,FLRT2,NDUFB7,KIAA0753,SLIT3
,COLGALT1,MT-TY,EPCAM,CTSO
,GUSB,SRSF5,CKAP5,SYF2
,RNF19A,UCHL1,DMTN,TOB1
,GZF1,PHYHD1,NDFIP1,NDUFC2
,CBX7,NIF3L1,APPBP2,SRRM1
,PHGDH,NRGN,TOR1AIP1,PDIA5
,CBX3,SLC9A3R1,FBXO7,GNB1
,PHKG2,KIAA1211,HSF2,ARRDC3
,PSMA2,SLIRP,ENPP1,NEO1
,ATP2A2,OGN,CAP2,MTX3
,KHSRP,HLF,UBA5,SRSF6
,C17orf64,PEMT,SCARA3,HMGN3
,CTSA,PYCR2,BLCAP,FEM1B
,NOTCH2,NKAPL,DNAJC3,EIF5
,PCBD1,NET1,RAI14,DCTD
,MAPRE3,C1orf198,GPRC5C,PROK1
,ALMS1,FTL,COX4I2,TM4SF1
,RBM8A,TRNT1,COPS7A,SMIM26
,TUBG1,AOX1,TSEN34,TIAM1
,PROS1,IFITM3,EMC10,MYOCD
,FAM76B,COL21A1,TMEM225B,F3
,GRHPR,SORBS2,TMEM179B,MARF1
,PSMC1,L1TD1,45902,ZFX
,STK38L,TCEAL1,UTP18,INSR
,NUP98,PPP1R3C,GUCY1B1,PTGR1
,NPIPB15,C1QTNF2,VAMP2,RARRES2
,FAM200A,C11orf65,FDFT1,HSD17B12
,DCP2,IDE,RAB6B,ARID5B
,CHGA,NLRP1,H2AFX,CPQ
,FNBP1L,SRPX,NCOA2,SLIRP
,CYB5A,TNFRSF12A,C1orf43,SLMAP
,MTFR1,LCMT1,COMT,SEC11A
,DNALI1,SRGN,PCCB,PTP4A2
,PNISR,MARCKSL1,CACNA1H,ZYX
,BRD3,UQCR11,CCL3L1,NONO
,HSPA1A,LRP1,ZHX3,ACAP2
,SMARCA2,NAPA,MDM4,LIPA
,CFAP43,ATP5F1E,GTF2A2,RAB5B
,GNG11,ANP32E,LYRM1,SARAF
,ABHD14A,MGST3,ENPP4,C7
,ABHD14B,ADGRE5,SNHG25,SRSF3
,NDUFC2,RHOQ,CCL4,CHORDC1
,GLUL,NDUFB1,PSMA2,COX14
,CORO1C,CSRP2,POLR1B,CAMSAP2
,SOCS2,UBB,ZDHHC20,MEF2C
,PKD2,HSPE1,SDHD,IVD
,CLEC11A,CYP11A1,AKR1C2,VGLL4
,ABRACL,SCUBE1,ECI1,XIAP
,MINOS1,B2M,NDUFC1,ECH1
,HDGFL3,VIM,PCDH10,DYNC1LI1
,ZCCHC8,PTMAP2,CCNK,MOCS2
,ZNF451,SRRM2,CEP162,JUND
,DPT,PPP2R2D,BECN1,EBLN3P
,PHB2,SERPINE1,TTC12,CCNL1
,RNF32,TOMM7,HSPA12A,GOLGA7
,TSKU,LINC00476,CSDC2,LRIG3
,UBE2J1,NDUFB2,FAM89B,PTPRA
,TIMM50,SEC61B,RNMT,EBF1
,DDX39A,UACA,PRMT5,ATP5MD
,TSPAN3,SF3B3,PGF,PDS5B
,RDH14,CALD1,PTPN13,MGST1
,FOXO3,INPP4B,DDIT3,SSBP2
,SMTN,HEXIM1,HBEGF,TMEM47
,ZNF503,HNRNPA3,ENPP5,TMEM97
,WNK1,HSP90AB1,PRDX5,HS3ST1
,RARA,ANXA1,KCNMA1,SCUBE1
,ETV1,KRT17,CCDC124,ADAMTS1
,SLMAP,MT-TP,RAE1,SNRPB2
,TMED3,MEF2C,TRIM8,PSMB4
,GNAO1,SPATS2L,THAP2,TMEM109
,LEPROT,DDX24,EGR3,CBR1
,ZNHIT3,WASF2,PSMB4,FNDC3A
,C19orf12,SMIM26,UBAP2,VCAM1
,FER,NDUFC1,EDC3,SPEN
,COQ6,NR2F2,SOCS1,MBTPS1
,DCTD,PSME1,MED7,ZNF483
,PLP1,,ANAPC16,EPB41L1
,AC005261.1,,C5orf51,SDCCAG8
,RNF157,,PARP6,CMIP
,SYNM,,VSIR,PRMT1
,NOL3,,SBNO1,DEK
,PRKAA1,,EIF1,RBM43
,LSM14B,,CPXM2,CD44
,LYPLA1,,METTL26,CUX1
,RPRD1A,,ARF4,STAU1
,PLLP,,ITGB5,NRIP1
,MAP4,,PKIG,GRB14
,LAG3,,CDC42,PARVA
,EIF4G2,,APCDD1,MZT2A
,CDKN1C,,PQBP1,ARL3
,NOL10,,GBP4,SPRED1
,BEND5,,SPECC1,SYNGR1
,MAGEF1,,ACAA1,EAPP
,MLXIP,,PPP1CA,FAM168B
,RBBP8,,USP46,COL6A1
,NDRG1,,HSPA2,OSR1
,PSMB4,,RBM42,FMR1
,MS4A6E,,ZMAT5,ITIH5
,TBC1D9,,ISCA1,PGM1
,SMIM14,,LSM1,ZRANB2
,GINM1,,B3GNT2,CTSL
,IDH3A,,NDRG3,ALDH1A1
,TRIOBP,,MKRN2,SNX7
,STMN1,,HLA-B,KRT17
,MAGI2-AS3,,HEY2,FYTTD1
,ACTRT3,,DCTN2,ZNF37A
,TPD52L1,,RNF130,LRRFIP1
,PDLIM2,,PLEKHH3,ZHX1
,PLGRKT,,EDF1,APLP2
,TIMM13,,SPATA20,YTHDC1
,ZNF37A,,MSL1,TAX1BP3
,PDLIM5,,TFPI,PGAP1
,HEBP1,,NSA2,ZNF292
,SNX3,,SSPN,USP22
,MRGBP,,SLC2A4RG,TKT
,SERP1,,EIF3E,ANKRD10
,FAM13C,,SERINC3,CD81
,IDI1,,DNAL1,HHIP
,COPS7A,,PIP4K2A,IGF2-2
,PTCH1,,UNC45A,MXD4
,FOXC1,,FUT10,DNAJC19
,PSRC1,,XRCC5,ME1
,SLC25A3,,RHOQ,SEC63
,AEBP2,,C22orf39,TFRC
,EMP3,,POLR2I,ZYG11B
,EIF4A3,,GSTM1,SERINC5
,RSRC2,,GSPT2,ZNF518A
,EIF3M,,HNRNPU,SP3
,ANTXR2,,CYP2R1,HSPE1
,UBE2DNL,,FZD1,HLA-DPB1
,COX6A1,,SUPT3H,CHD9
,BEX2,,CYP20A1,STXBP1
,DEAF1,,SNHG5,CELF2
,USP37,,SRSF2,ERBIN
,HNMT,,FAM114A1,LRPPRC
,GUCY1A2,,CDH6,EBPL
,USP25,,CILP,KHDRBS1
,ZDHHC4,,RTL8C,KDSR
,CSRP1,,CSRNP1,TMTC3
,IQGAP1,,ROCK1,MAGI2-AS3
,ARHGDIB,,ENO2,ATP2A2
,HDAC11,,CEP57,CEBPD
,GLUD1,,KCNAB1,MTUS1
,CTNNA2,,TMEM167A,IL17RD
,PHLDA2,,SPRYD3,HSPH1
,CTSC,,ACOX1,NBL1
,STAMBP,,EMILIN1,PPIG
,PEX19,,BICC1,GATAD2B
,NFE2L2,,CHGA,LIMS1
,AR,,AIMP2,USP9X
,PSME2,,PHF8,PANK3
,FNBP1,,GCC2,ZBTB4
,ZFAND3,,KLF5,ADI1
,KLF13,,FER,MLH3
,SEMA3C,,TXNRD1,WDR83OS
,DAP,,TCEAL1,PDLIM3
,VTI1B,,ZFPL1,ACTB
,LINC01497,,PDCD4,PHACTR4
,MAATS1,,AQP1,C1orf115
,AMOTL1,,GTPBP6,RFC1
,SNTB2,,SMARCD3,IGF2R
,S100A13,,SNHG7,ZNF260
,ITM2A,,ATP8B2,SAT2
,SRSF4,,TBCB,PLSCR4
,PSME4,,MTCH1,NDUFA11
,NIPSNAP1,,DDX6,GPX8
,MPC1L,,UQCRC2,SS18
,LRPAP1,,YAP1,EIF3H
,SUPT4H1,,CDK6,HNRNPA0
,SMARCB1,,AC034236.1,KCTD20
,IGF2-2,,C1orf56,MT1E
,SMIM26,,NUBP1,NDUFA13
,C15orf61,,C16orf72,ADAR
,LAMTOR3,,ZNF32,NET1
,ARPP19,,RSRC2,FAM13C
,CAMK1D,,FBLN7,LMAN1
,SYAP1,,TSPAN3,FKBP7
,RNH1,,PDLIM5,CPPED1
,H2AFJ,,MAPK8,ANKRD12
,NSMCE4A,,SNRPN,CYP26B1
,SDF2,,CCDC66,LRRC17
,KRR1,,TSR2,TOP2B
,TUBA3D,,NUBP2,PCNP
,TMEM38B,,IFNAR1,TMEM18
,HSP90B1,,DAAM1,RRAD
,RFTN2,,SDF4,CIR1
,ACSL4,,RASL12,KIAA1143
,ZNF217,,PPP1R12A,RBL2
,METTL7A,,CTDSPL2,AC118549.1
,ETS2,,MMP24OS,PURA
,RAC1,,DAPK3,PLP2
,AC027288.3,,GGTA1P,DENND4C
,TMEM9,,CD81,RORA
,USP15,,EHBP1,GNS
,FBXO7,,SSR3,TRA2B
,NANS,,PGRMC2,LARP7
,RAD17,,DLK1,CYB5A
,CEP41,,ZFR,RYBP
,C2CD6,,UQCC3,TAOK1
,CHRAC1,,DEK,DAAM1
,CUEDC2,,ADAL,EHD2
,PPP1R12A,,ATAD2B,POLR2G
,ATP6V1G1,,ZSCAN16-AS1,CCDC80
,CCDC62,,HDAC11,ANGPTL1
,NCOR2,,HSPH1,WAC
,AHI1,,NUP153,HLA-B
,FMR1,,ATP1A2,TIAL1
,MBNL3,,C11orf1,LSM5
,NCOA1,,TRMT5,SNX9
,ZNF667-AS1,,RAP1A,ZFP90
,CREBL2,,WASF3,PRDM2
,LINC00658,,CCNH,WNK1
,ZKSCAN1,,KIF3B,CHCHD7
,YIPF3,,FADS1,ZC3H13
,CNPY2,,SEC24D,ERG28
,PDCL3,,EVA1B,TMPO
,CMPK1,,KHDRBS1,FAM13A
,MOSMO,,45901,FAAP20
,AC018521.5,,BSG,MDK
,WFDC3,,TOX4,MAP3K20
,EI24,,ZNF703,BORCS7
,LINC01578,,NBAS,LDOC1
,BAG6,,SCFD1,IFI27L1
,NDUFS4,,CBX7,CRK
,RFX3,,AC009414.2,PRRX1
,ST6GALNAC4,,PSMC3,ATF4
,ATP6V0E1,,YPEL3,NENF
,CHMP1B,,LRP10,FAM172A
,FRZB,,GTF3C3,NFKBIA
,TRBC2,,AKIRIN1,MBNL2
,TPRG1L,,TRAP1,PSD3
,KRT19,,CLASP1,CEBPZOS
,CHORDC1,,SMIM29,YY1
,ALDH3A2,,TOMM20,CCDC74A
,DHRS7,,DESI1,BUD23
,ZBTB20,,CNN3,
,KCNIP3,,SNX6,
,PURB,,AP2M1,
,ACP5,,KIF13A,
,CAMK2N1,,SON,
,ANKRD11,,SNAP29,
,ABR,,MAP7D1,
,TTC28,,EMP1,
,FDX1,,SMIM26,
,MAN1A1,,PRDX4,
,RNASET2,,MTCO1P12,
,MVP,,AKR1C1,
,RANBP2,,CHMP3,
,GOLPH3,,RGS5,
,SEM1,,INF2,
,SAV1,,CYC1,
,CDC42BPB,,PHLDA3,
,RAP1GDS1,,SIGMAR1,
,ZDHHC3,,ATG101,
,CSNK2B,,CCZ1,
,MYO1E,,PSMC1,
,ANKRD35,,ARHGAP35,
,DCAF1,,USP37,
,HCG11,,PSMD12,
,SNRPE,,TESK1,
,EDF1,,HNRNPUL2,
,RNF141,,TBPL1,
,ECI2,,DEPP1,
,PTPN21,,CUL4B,
,SUPT5H,,ARPC4,
,EIF3K,,SPART,
,ACTR3,,TMBIM4,
,BLVRB,,AAMP,
,RNF6,,DHX36,
,FRYL,,LGALS8,
,WDR83OS,,NUCB1,
,COX7A2,,FAM98A,
,SEPHS2,,KPNA3,
,ATP5MD,,BRD8,
,POGZ,,ATM,
,RANBP9,,MERTK,
,TMED9,,SLC51A,
,MFAP2,,KIZ,
,PCOLCE,,CYHR1,
,PTGR1,,ADIPOR2,
,MTSS1,,PA2G4,
,UBE2E1,,HEIH,
,ARHGEF25,,FBXO21,
,LAGE3,,DYNLRB1,
,PDCD7,,ENPP6,
,BRD7,,PDIA6,
,HMG20B,,MXRA7,
,GATA4,,ELN,
,LGALS8,,ANP32A,
,ARHGAP35,,DCUN1D4,
,APOC1,,NUDT4,
,AL118516.1,,SUMF2,
,MCFD2,,SSR4,
,KIAA0586,,APOO,
,C12orf75,,DHX29,
,SLC25A5,,NIPSNAP3A,
,PCM1,,NEK7,
,LACTB,,MYO9A,
,SRI,,KDELR2,
,NTAN1,,HMG20B,
,PPP1R3C,,SPEF2,
,ERRFI1,,CSNK2B,
,NRIP1,,CDC5L,
,NCSTN,,EIF3H,
,PPIP5K2,,SLC39A10,
,MAGOH,,R3HCC1,
,BX119904.2,,COG2,
,FGFR1,,AKR1A1,
,SCRN2,,ATP6V1D,
,CPQ,,C6orf62,
,RBM42,,TEX10,
,FDFT1,,HSD17B12,
,MKL2,,TMEM200B,
,CITED2,,MPC1,
,STIP1,,MPZL1,
,ZSCAN16-AS1,,EXOC4,
,IQCG,,SSBP1,
,MLLT6,,MEF2D,
,PRAF2,,IRF2BP2,
,NDUFV1,,GRHPR,
,CTDSPL,,CXCL2,
,RALY,,HNRNPM,
,SYT11,,AC008038.1,
,FKBP5,,CLCN3,
,TMX4,,MAN1A1,
,B4GAT1,,ZFAND6,
,LUM,,KXD1,
,SLC25A46,,SH3GLB2,
,NRBP1,,C7,
,CCDC124,,NDUFB10,
,PARVA,,SEC62,
,KIFAP3,,CEP70,
,SCARB2,,SDC2,
,MAF1,,DDX3X,
,HNRNPA3,,NCBP1,
,MPC1,,HTRA2,
,NMRAL1,,CWC15,
,FUS,,ITM2B,
,MRTO4,,ITGB1,
,ZRANB1,,PPP1R12C,
,SERPING1,,VPS13B,
,ESYT2,,PSMG2,
,CELF2,,RIOK3,
,APMAP,,COX14,
,RGS22,,PPP6R3,
,RHOQ,,NCOA3,
,METTL9,,CKLF,
,KDM5B,,IFT88,
,PIAS2,,KIAA0586,
,GTF2I,,TRIM13,
,SNHG9,,ATF7IP,
,CILP,,CSPG4,
,TMEM14B,,ARHGAP29,
,PHC2,,MXI1,
,NBEAL1,,GIGYF2,
,SFT2D1,,ADCY3,
,RAB22A,,CDK2AP2,
,CCDC66,,ING1,
,HNRNPH1,,FAM198B,
,CRYAB,,ATP5S,
,CDS2,,GAPVD1,
,CENPJ,,SRSF5,
,HNRNPUL1,,45910,
,ALDH2,,NUDC,
,PTP4A2,,TNKS,
,HNRNPU,,SNX21,
,TMCO1,,APLP2,
,SPPL3,,SYNGR1,
,FBXO25,,ATL3,
,ID2,,ZNF43,
,MAP3K20,,FOXP1,
,FBXW2,,HLA-F,
,AC005912.1,,G3BP2,
,MEGF8,,CTNNA3,
,CHMP2B,,TUBB2A,
,GADD45GIP1,,ALDOC,
,IMPAD1,,RGL1,
,ME1,,DTX3,
,BORCS7,,ERH,
,BTG3,,LARP7,
,PSMB8,,PTGIS,
,HNRNPH3,,COL6A3,
,PCCB,,PRR34-AS1,
,ARMC4,,JTB,
,FAXDC2,,PFDN5,
,HECTD1,,H2AFY,
,CDK11B,,WDR48,
,ETFB,,EMX2,
,FAM120AOS,,PNPLA2,
,LYZL6,,ARHGAP5,
,PSMA4,,YWHAB,
,ACRV1,,ZNF219,
,ENDOD1,,HGS,
,SHOC2,,PSMD6,
,MYDGF,,RBP1,
,AURKAIP1,,TMBIM1,
,CPED1,,DSE,
,KPNA3,,VPS35L,
,NCBP1,,IRF1,
,DAD1,,COL21A1,
,JAK1,,SESN1,
,TNNC1,,RFX2,
,TUBB6,,FUS,
,MANBAL,,CDKN1A,
,SF3B6,,CD63,
,VPS28,,CDIPT,
,LIMS1,,SMC6,
,FLII,,NAXE,
,KATNA1,,MEIS2,
,PLEKHA1,,COL27A1,
,ZDHHC20,,YBEY,
,POLR2C,,DECR1,
,SNAP23,,CTSA,
,EFHD1,,RPRD1A,
,SNX7,,STX8,
,ZNRF4,,RNPC3,
,PSMD12,,HNRNPA1P48,
,DCTN3,,PMEPA1,
,C1orf122,,SEMA3C,
,MMP24OS,,PRPF31,
,MAP2K2,,FAM219B,
,CRBN,,MLF2,
,AHSA1,,CALHM2,
,DPY19L4,,VPS45,
,KDSR,,POC1B,
,PTPN9,,RBM8A,
,CHCHD7,,FEM1B,
,CHMP3,,APOE,
,FKBP7,,RAN,
,ACTN4,,CS,
,ERG28,,INO80E,
,UQCC3,,PHF20,
,TMEM97,,NCS1,
,COA5,,SEC23IP,
,FMC1,,LARP4,
,GADD45G,,SNAI2,
,TRIM22,,NDUFB11,
,WDR48,,XRCC1,
,ATP5PB,,IFI6,
,ITPR1,,SYNPO,
,SMIM7,,TRMT112,
,ADCY5,,ATP6V0E2,
,STAT5B,,SELENOH,
,ABCA8,,UBE2E1,
,UBA2,,EGLN1,
,PTRH2,,MYOCD,
,ZNF516,,NDRG2,
,LAMTOR1,,CHMP2A,
,PNKD,,PPP1R1A,
,NLRP1,,ACTN1,
,ATP5MG,,LRRCC1,
,QKI,,TESC,
,NDUFB4,,NKAPL,
,OCIAD1,,CENPV,
,PYCR2,,EXOSC4,
,MIF4GD,,PURA,
,BTBD10,,NID1,
,BCAP31,,IDE,
,C22orf39,,EMP2,
,MYO1D,,RPAIN,
,PPP1R2C,,GNAO1,
,MSRB3,,SRSF11,
,CDC37,,CLOCK,
,PNRC1,,NUFIP2,
,BCAP29,,PDAP1,
,CEP70,,S100PBP,
,ACBD5,,FAM20C,
,DDOST,,UBE2J1,
,CETN1,,BRD7,
,GSR,,MTPN,
,ABHD2,,ARL6IP5,
,AC008114.1,,TMED10,
,ACOT13,,NR1H2,
,CCND1,,CDC40,
,ATP5MC3,,EHBP1L1,
,GGTA1P,,MIA3,
,FRY,,CMKLR1,
,PPDPF,,FYTTD1,
,NAMPT,,DIS3,
,DCAF4L1,,NEURL1B,
,EIF4G1,,CUEDC2,
,PCMTD2,,INHBA,
,GLT8D1,,SUGP2,
,STARD10,,PPIP5K2,
,RPA2,,POLR2E,
,JOSD2,,ST13,
,ACTL7B,,STXBP4,
,NDUFA11,,CENPB,
,JAG1,,EPB41L4A-AS1,
,USP46,,NEXN,
,DARS,,AGPAT1,
,RABAC1,,CDS2,
,EIF5,,PGAM1,
,PEPD,,TAX1BP1,
,STAT6,,TMEM230,
,ZNF677,,PCM1,
,SAP18,,SREBF2,
,KDM1A,,TWF2,
,GNPNAT1,,PDCD11,
,MYC,,TPGS1,
,CDC42,,PROS1,
,PARK7,,CMPK1,
,SNRNP25,,EGR2,
,SNAP25,,DCAF12,
,SNF8,,AEBP2,
,SPACA4,,ADRM1,
,RABGAP1,,CENPX,
,DTNBP1,,AGBL5,
,SIVA1,,PDZD8,
,COX7B2,,PKNOX1,
,USP16,,PPP2R2A,
,FAM198B,,MYO6,
,NNT-AS1,,YWHAQ,
,DNAJC19,,CHML,
,ASPH,,ASAP2,
,MPZL1,,FADS2,
,BNC2,,SMARCB1,
,MAP3K5,,TRAK1,
,FAM120A,,RFXANK,
,COPS6,,R3HDM1,
,PSIP1,,MTURN,
,ERLEC1,,FKBP8,
,SRGN,,SRPRA,
,ARPC1A,,SF3A2,
,SF3B5,,ANO1,
,KANK2,,PCGF2,
,CD82,,45724,
,MIR4458HG,,EIF3D,
,PARM1,,BAX,
,KPNB1,,SENP1,
,PAFAH1B1,,RAB11A,
,MARK3,,PDIA3,
,AOC3,,OFD1,
,MT-TL1,,MDM2,
,POLE4,,THBD,
,RHBDD2,,CENPJ,
,CEBPZOS,,ABTB1,
,EVI5,,SMC5,
,TMEM14C,,NAA10,
,TMED4,,PAFAH1B2,
,IDS,,KIAA1586,
,SNX17,,BTAF1,
,CYSTM1,,FARP1,
,NKAPL,,PLEC,
,NPIPP1,,GNPTG,
,IFT88,,WRN,
,PEA15,,EI24,
,KLHDC3,,TRIM23,
,MAP7D3,,KLC2,
,LAPTM4B,,CLTA,
,UBE2Q1,,TAPBP,
,PSME1,,EIF5A,
,POLE3,,COL3A1,
,MXI1,,KANSL1,
,PAIP1,,PDGFC,
,DDX50,,MBNL1-AS1,
,MLF2,,SERPINE1,
,YPEL2,,PCMTD1,
,TTK,,USP8,
,ATP2B4,,ABRAXAS2,
,RNF114,,TRIM24,
,FGD5-AS1,,ARCN1,
,NEO1,,STK25,
,BAG1,,CNN1,
,SLC7A2,,SEMA3D,
,RBX1,,TMEM159,
,LINC00963,,SSB,
,RMND5A,,PRKG1,
,THUMPD3,,DDX39A,
,COX7A1,,OAT,
,COX5A,,CKMT2,
,EGR1,,CTSD,
,TRPT1,,EIF2S2,
,MT-ATP8,,TNIP1,
,C12orf76,,DYRK4,
,DRG1,,IL17B,
,SPG21,,FUBP1,
,NR3C1,,VRK1,
,ZC3H13,,KLHDC3,
,PSMD6,,SLC25A5,
,SCFD1,,LGR6,
,DHX29,,UGP2,
,TMEM18,,UBL5,
,FBXO34,,ATMIN,
,PSMA3,,TXNDC16,
,ETFRF1,,SLC40A1,
,NADK2,,OLFML2A,
,SSBP1,,IFRD2,
,RGS5,,MYH10,
,C6orf89,,CCDC115,
,BOLA3,,MED21,
,CTSO,,CYP11A1,
,SURF2,,OSBPL1A,
,AGPAT2,,CDC37,
,SNX9,,DAB1,
,DSTN,,COL1A2,
,ARPC5,,GADD45A,
,LRMDA,,ACLY,
,CCDC25,,ZNF22,
,LINC01088,,STK3,
,AASDHPPT,,MXD4,
,NINJ1,,ETFB,
,UBA5,,ATP5F1E,
,NDUFB1,,HLA-E,
,MAN1A2,,DDX52,
,REEP3,,PHF3,
,RAB34,,CCNL1,
,TATDN1,,YTHDF2,
,TEX15,,SNORD3A,
,ITGA1,,HACD4,
,KPNA2,,TTBK2,
,KLF4,,SLC22A3,
,SFPQ,,STAT1,
,IFI35,,G3BP1,
,YME1L1,,RERG,
,GLRX5,,C11orf74,
,EXOSC8,,REV3L,
,ZNF91,,CDKN1B,
,TM2D1,,ERP29,
,SAFB2,,SMC3,
,DYNC1H1,,PCBP2,
,UROD,,PALB2,
,GPR107,,KLF6,
,ATP5IF1,,BLVRA,
,SNRPD3,,C5orf24,
,LTBP1,,FSTL1,
,NDUFB3,,DOCK1,
,ATP6V0B,,PPWD1,
,HBP1,,DHPS,
,WISP2,,COL4A2,
,RCAN2,,45908,
,EHD2,,NFE2L2,
,PLBD2,,NRBP1,
,ZC3H7B,,NT5C3B,
,EIF4G3,,ARID4B,
,RAD21,,IRF2BPL,
,AHNAK,,RXRG,
,CALCOCO2,,CNPY2,
,ATP5MC1,,PUM3,
,ZFAND6,,NINJ1,
,SDAD1,,SEC61G,
,CAV1,,WDR20,
,KRT17,,WDR13,
,S100A6,,RAF1,
,PFDN4,,RBMS2,
,RRAGA,,CARD19,
,UQCRH,,GRK5,
,ZCCHC7,,BTRC,
,MAPK10,,TGM2,
,DDX3Y,,ERGIC3,
,UBE2D4,,TMEM259,
,MYL9,,FGL2,
,TPRKB,,ZEB2,
,CEP104,,HIRIP3,
,TPI1,,HDAC5,
,FUBP1,,SNX19,
,G3BP2,,HINT2,
,YTHDF2,,RAP1GDS1,
,CCDC74A,,SHISA5,
,PPCS,,TRMT1L,
,NDUFA4,,LIMA1,
,BRWD1,,VWA1,
,CHMP5,,PDHA1,
,NUDC,,COX5A,
,ZBTB38,,PXDC1,
,CPM,,ITGA3,
,AP3D1,,SRP9,
,FNDC11,,LEPROTL1,
,ITGB3BP,,CEP295,
,TMEM208,,DTNBP1,
,SMIM37,,FLOT1,
,POP7,,RPN2,
,ZNF626,,PLEKHA1,
,IDE,,MYO1C,
,SNX1,,CCL19,
,LYPLAL1,,CYP4X1,
,SYNPO2,,TRIM44,
,UBE2I,,CFAP36,
,SMIM19,,CES2,
,XPO1,,YY1,
,ARPC3,,IQSEC1,
,ADSSL1,,COQ5,
,SPATA20,,VPS13D,
,FN1,,WDR47,
,HIGD1A,,R3HDM2,
,NMRK1,,ETF1,
,TXNRD1,,TROVE2,
,ID3,,ACYP1,
,NME5,,POLR2C,
,UQCRQ,,FAM50A,
,PPP1CB,,ZADH2,
,FAM96B,,HIP1,
,PRKAR2A,,RIOK1,
,SLBP,,SCD5,
,NMT1,,SNRPF,
,TXN2,,TOMM34,
,SMIM10L1,,TOPBP1,
,TMEM160,,FLOT2,
,IMMT,,HMGN3,
,CCDC50,,TBL1X,
,MAPK1IP1L,,UFM1,
,NDUFAB1,,TTC14,
,FIBP,,AC245297.1,
,RAB8A,,RHOBTB3,
,KRBOX1,,RRAGA,
,DKK3,,FBXL5,
,TBCB,,PHAX,
,ITGAV,,ZC3H13,
,HCFC1R1,,RNF5,
,G3BP1,,HELZ,
,DESI2,,SFXN1,
,NAXE,,PKN1,
,TMEM205,,KRIT1,
,KIF13A,,BAG3,
,DUSP3,,PID1,
,SNRNP40,,NDUFA2,
,ATP5PO,,TSPAN31,
,STAT3,,ATP5IF1,
,PFDN2,,LY6E,
,COPRS,,ZNF768,
,ZNF518A,,GOSR2,
,GSTO1,,RTN3,
,RNF24,,TBC1D17,
,PFDN6,,45723,
,NDUFB7,,SNHG8,
,ZFR,,BRWD1,
,MYLK,,AQR,
,BTG2,,ATP6V0E1,
,THUMPD3-AS1,,SOX15,
,SPESP1,,RNF6,
,FOS,,MOB1A,
,,,SDAD1,
,,,DES,
,,,CORO1B,
,,,PCDH18,
,,,BPHL,
,,,PARM1,
,,,GPNMB,
,,,DAZAP1,
,,,FAM76A,
,,,UTP20,
,,,GLMP,
,,,MAP1A,
,,,CTDNEP1,
,,,BZW2,
,,,UBQLN1,
,,,SOAT1,
,,,EBF1,
,,,UQCC2,
,,,ENPEP,
,,,SIPA1L1,
,,,MIR4458HG,
,,,ABCA5,
,,,FGF1,
,,,ACKR3,
,,,MT-CYB,
,,,SLC1A4,
,,,GJC1,
,,,TIMM17B,
,,,REM1,
,,,CXXC5,
,,,SCML1,
,,,GOT1,
,,,CCDC117,
,,,VPS13A,
,,,UBE2H,
,,,UNC50,
,,,PUF60,
,,,HEATR1,
,,,GDF11,
,,,PPP2R5A,
,,,CCDC25,
,,,AKR7A2,
,,,DIXDC1,
,,,SNRPA,
,,,SLC25A1,
,,,CISD1,
,,,NR2C1,
,,,NF1,
,,,PRKCSH,
,,,VMP1,
,,,EXOC7,
,,,NDUFV3,
,,,LSMEM2,
,,,PLCB1,
,,,MAP3K8,
,,,ARHGEF9,
,,,SAR1B,
,,,BROX,
,,,MRNIP,
,,,FADS3,
,,,ZNF331,
,,,RIMKLB,
,,,MAGOH,
,,,S100A11,
,,,PENK,
,,,MSC,
,,,BTBD10,
,,,SRL,
,,,BAG6,
,,,MGA,
,,,LDHA,
,,,MEA1,
,,,SFT2D2,
,,,ZCCHC11,
,,,CTDSP1,
,,,CCDC82,
,,,DBNL,
,,,C4orf3,
,,,VDAC2,
,,,NREP,
,,,GOLGA5,
,,,TRAM1,
,,,OS9,
,,,C3orf70,
,,,AFG3L2,
,,,MTIF3,
,,,45718,
,,,DOCK7,
,,,STAMBP,
,,,CSE1L,
,,,PIN1,
,,,CASC3,
,,,RNF7,
,,,ARMC4,
,,,FAF2,
,,,TPI1,
,,,CCDC69,
,,,HADH,
,,,STX10,
,,,VPS4A,
,,,HDGF,
,,,PNPLA8,
,,,NDUFB3,
,,,HECTD1,
,,,VTI1B,
,,,ANKRD13A,
,,,SOX4,
,,,PARN,
,,,USP16,
,,,ALDH6A1,
,,,CD164,
,,,ANP32B,
,,,TLK2,
,,,SNAPIN,
,,,SNX29,
,,,TMEM50B,
,,,DNAJC2,
,,,COPRS,
,,,FAM162B,
,,,KDELR1,
,,,KATNBL1,
,,,APPL2,
,,,ZFYVE16,
,,,AKAP9,
,,,ARHGDIB,
,,,PRSS23,
,,,PSPHP1,
,,,MGP,
,,,MYL12A,
,,,NFAT5,
,,,CCDC174,
,,,NDUFAF3,
,,,ENTPD1,
,,,LSAMP,
,,,TMEM183A,
,,,HK1,
,,,BAG4,
,,,MFSD10,
,,,TMF1,
,,,ITGA9,
,,,SH3BGR,
,,,OTUD6B-AS1,
,,,CRNDE,
,,,SNRNP40,
,,,FBXL15,
,,,SVIP,
,,,LRRC17,
,,,MAF,
,,,SPCS1,
,,,SLC25A4,
,,,DPYSL3,
,,,TERF2IP,
,,,TCEA2,
,,,HNRNPH3,
,,,TRIOBP,
,,,DNAJC19,
,,,MPRIP,
,,,DCAF10,
,,,CCDC186,
,,,BLVRB,
,,,VPS28,
,,,TIMM17A,
,,,METTL9,
,,,PRRC1,
,,,ZFC3H1,
,,,NTRK3,
,,,NKTR,
,,,SLC7A2,
,,,UBA6,
,,,TRIM28,
,,,DICER1,
,,,BCAP29,
,,,LINC00982,
,,,TMA16,
,,,CCDC92,
,,,BANF1,
,,,PTBP3,
,,,NOL10,
,,,IL6ST,
,,,CTR9,
,,,DYNC1H1,
,,,GMDS,
,,,EHMT1,
,,,PHB2,
,,,BIRC2,
,,,NBR1,
,,,ATP5PB,
,,,SCRN2,
,,,CAB39L,
,,,IFIT5,
,,,CCNDBP1,
,,,BTG1,
,,,ORC3,
,,,TBK1,
,,,BLOC1S1,
,,,INSIG1,
,,,ATXN2L,
,,,DPH3,
,,,ETV1,
,,,PHPT1,
,,,CTSO,
,,,MAP1LC3B,
,,,UBE2D2,
,,,SLK,
,,,TRAPPC1,
,,,EIF1AX,
,,,UBXN7,
,,,KMT2C,
,,,HSPD1,
,,,CXCL12,
,,,SMARCAD1,
,,,MAL,
,,,XRN1,
,,,IMP3,
,,,HERPUD2,
,,,ATF6,
,,,SH3D19,
,,,NEDD9,
,,,NDUFS6,
,,,SUPT16H,
,,,SUCO,
,,,PLAGL1,
,,,CORO1C,
,,,ORMDL1,
,,,PMP22,
,,,C5orf42,
,,,STIP1,
,,,PITPNA,
,,,CTBP2,
,,,SF3B3,
,,,KIAA0232,
,,,HUWE1,
,,,UBE2B,
,,,COPG1,
,,,TATDN1,
,,,SORBS1,
,,,RDX,
,,,TMEM45A,
,,,CLIP1,
,,,SCCPDH,
,,,VPS35,
,,,TALDO1,
,,,CREB3L2,
,,,BEX4,
,,,CALU,
,,,SUCLA2,
,,,ECPAS,
,,,MT-CO3,
,,,NOL8,
,,,PDCD2,
,,,SF3B1,
,,,C1orf21,
,,,ZBTB16,
,,,C12orf65,
,,,ZBTB41,
,,,WASL,
,,,PTCD3,
,,,PER3,
,,,SPAG9,
,,,COX17,
,,,METTL7A,
,,,SLC25A39,
,,,GTF2E2,
,,,TET1,
,,,PHLDA1,
,,,DNAJC9,
,,,WDR26,
,,,PIAS1,
,,,JAK1,
,,,SPATS2,
,,,CWC25,
,,,PPP1CC,
,,,CKS2,
,,,PGLS,
,,,COX7A2L,
,,,VKORC1,
,,,DHX30,
,,,EDNRA,
,,,UQCRH,
,,,MAGED1,
,,,FAM207A,
,,,BUB3,
,,,KIAA1551,
,,,RRBP1,
,,,CDH11,
,,,TNPO1,
,,,MGMT,
,,,EPS15,
,,,GOLGA2,
,,,FAM173A,
,,,USP22,
,,,LRRFIP2,
,,,ZNF462,
,,,HSPE1,
,,,SNAPC3,
,,,SELENOS,
,,,NAE1,
,,,NAA50,
,,,LGALSL,
,,,LZIC,
,,,AHCTF1,
,,,GRIP2,
,,,NSD1,
,,,AIP,
,,,COL4A3BP,
,,,RRP1B,
,,,HYOU1,
,,,PRKAR2A,
,,,RCOR3,
,,,SBDS,
,,,MAPRE1,
,,,ERI3,
,,,CMC2,
,,,NPAT,
,,,CHAMP1,
,,,SLIRP,
,,,GORASP2,
,,,PFDN6,
,,,ICE2,
,,,TNRC6B,
,,,DDX21,
,,,CAMTA1,
,,,LAMTOR5,
,,,TSHZ1,
,,,45907,
,,,ITSN1,
,,,UBE4A,
,,,NISCH,
,,,SUPT5H,
,,,ACADM,
,,,RBM18,
,,,NT5DC1,
,,,ALAS1,
,,,RSBN1L,
,,,GOLGB1,
,,,NDUFAF8,
,,,TMX4,
,,,CAMLG,
,,,POLE4,
,,,TMEM263,
,,,LNPK,
,,,CTTN,
,,,FRYL,
,,,ZNF507,
,,,THYN1,
,,,ABCE1,
,,,PSMG1,
,,,DDX18,
,,,ZDHHC4,
,,,SERPING1,
,,,COA5,
,,,MRAS,
,,,OBSL1,
,,,CMIP,
,,,ICA1L,
,,,RARS2,
,,,SNRPE,
,,,RANBP6,
,,,ZBTB44,
,,,PXK,
,,,SOCS4,
,,,ZMAT3,
,,,DCTN3,
,,,IARS,
,,,TRUB1,
,,,C9orf16,
,,,BIRC6,
,,,HNRNPC,
,,,SEC22B,
,,,SCAMP2,
,,,IFT81,
,,,SH3PXD2B,
,,,CSNK1A1,
,,,MZT2A,
,,,SCP2,
,,,SPTAN1,
,,,GMPS,
,,,KIAA0100,
,,,SPDL1,
,,,SMIM37,
,,,SF3B2,
,,,ECE1,
,,,DBI,
,,,TRNT1,
,,,NOC3L,
,,,RORA,
,,,UBE2D3,
,,,SMS,
,,,SH3GLB1,
,,,TRIP11,
,,,MCRIP1,
,,,FARSB,
,,,DYNC1I2,
,,,PPP1CB,
,,,LYST,
,,,SEC11A,
,,,HSP90B1,
,,,DDAH1,
,,,DPP8,
,,,SSR2,
,,,METTL14,
,,,PIBF1,
,,,GSTO1,
,,,DMAC1,
,,,TMEM98,
,,,DHX9,
,,,ZC3H15,
,,,PRDM2,
,,,HMGCR,
,,,NFIA,
,,,TXNL1,
,,,FOXJ3,
,,,HSBP1,
,,,SIGIRR,
,,,OPA1,
,,,EMC2,
,,,KIF3A,
,,,PRPF4B,
,,,NOL7,
,,,GSR,
,,,EIF4G1,
,,,TCEAL3,
,,,MTMR6,
,,,UBE2W,
,,,NIPBL,
,,,ARL4D,
,,,ATF2,
,,,NUDT21,
,,,PRPF8,
,,,LMAN1,
,,,PALLD,
,,,ALDH9A1,
,,,FKBP14,
,,,SAR1A,
,,,TUBGCP2,
,,,USP14,
,,,TOB2,
,,,MIER1,
,,,ATRAID,
,,,HDDC2,
,,,ZMYND8,
,,,COPS2,
,,,FAM213A,
,,,FAM104B,
,,,ERLIN1,
,,,TAF1B,
,,,HMGN2,
,,,TMEM120A,
,,,TXNDC12,
,,,DZIP3,
,,,ATP10D,
,,,GOLGA4,
,,,TMEM258,
,,,PRPF40A,
,,,FAM216A,
,,,CYBRD1,
,,,SNX13,
,,,COQ10B,
,,,EIF4H,
,,,ST3GAL1,
,,,GSTM3,
,,,PPP1R10,
,,,UBE2V2,
,,,KDM5A,
,,,TBC1D5,
,,,SUPT20H,
,,,TRIO,
,,,VPS26A,
,,,VPS13C,
,,,CNOT1,
,,,CAVIN2,
,,,RPAP3,
,,,GOSR1,
,,,UFL1,
,,,AHNAK,
,,,EXOC5,
,,,MED4,
,,,PREPL,
,,,DERL2,
,,,SOCS2,
,,,ZCRB1,
,,,ATG14,
,,,TRPT1,
,,,MAOA,
,,,ACAA2,
,,,RAB9B,
,,,ZNHIT3,
,,,AZIN1,
,,,INSR,
,,,C15orf61,
,,,TXNDC9,
,,,HBS1L,
,,,TTC3,
,,,SETX,
,,,SEC11C,
,,,FILIP1L,
,,,FZD3,
,,,FHL1,
,,,SLTM,
,,,POLI,
,,,SELENOK,
,,,IFT74,
,,,MORC3,
,,,FNDC3A,
,,,GID8,
,,,CNOT4,
,,,UTP11,
,,,MLH1,
,,,GNS,
,,,VPS37A,
,,,ACADL,
,,,TMEM14B,
,,,GPX8,
,,,NBEAL1,
,,,CFAP97,
,,,RBM25,
,,,GFPT1,
,,,RARS,
,,,EML4,
,,,PIK3C2A,
,,,RAD21,
,,,ACAP2,
,,,IDH3G,
,,,KIAA1143,
,,,RFC1,
,,,SYAP1,
,,,FAM204A,
,,,SRFBP1,
,,,RBBP7,
,,,U2SURP,
,,,CDC42BPA,
,,,EXOSC9,
,,,MLLT10,
,,,45904,
,,,ANXA7,
,,,HSPA5,
,,,LTBP1,
,,,SPIDR,
,,,DYNLL2,
,,,COPA,
,,,PTPN11,
,,,COPB2,
,,,BPTF,
,,,FGFR1OP2,
,,,SLC30A9,
,,,ZNF638,
,,,NDUFB5,
,,,S100A16,
,,,SPAG16,
,,,KIAA1109,
,,,MTF2,
,,,TPM3,
,,,CDC37L1,
,,,KLHL42,
,,,ARL1,
,,,THUMPD1,
,,,EMP3,
,,,DDX50,
,,,ATP6V1F,
,,,DDB1,
,,,HSPA4,
,,,ASS1,
,,,PSMD14,
,,,ARFGAP3,
,,,NBN,
,,,DDX17,
,,,IMMT,
,,,WRB,
,,,CIAPIN1,
,,,GTF2H5,
,,,JMJD1C,
,,,CNN2,
,,,PEX1,
,,,GALM,
,,,PARP1,
,,,APOBEC3C,
,,,SMCHD1,
,,,PRPF6,
,,,BLOC1S6,
,,,BUD23,
,,,EPHX1,
,,,EIF2A,
,,,CTSC,
,,,NOLC1,
,,,GNL2,
,,,P4HA1,
,,,PTGDS,
,,,PSMD1,
,,,SCOC,
,,,RAB21,
,,,CHD6,
,,,REXO2,
,,,MAPK1IP1L,
,,,VCAM1,
,,,CDC123,
,,,IFITM3,
,,,HSP90AA1,
,,,PLXDC2,
,,,CHD9,
,,,FCHO2,
,,,TM9SF2,
,,,FRS2,
,,,HSP90AB1,
,,,SMU1,
,,,RBBP6,
,,,SGCB,
,,,RAB7A,
,,,TIMP2,
,,,PRELP,
,,,HMGN1,
,,,RAB3GAP1,
,,,DNAJB6,
,,,UACA,
,,,OXR1,
,,,DGCR6L,
,,,ATE1,
,,,PRKACA,
,,,RBMS3,
,,,45911,
,,,NAP1L4,
,,,CENPC,
,,,ATP2B1,
,,,ERLEC1,
,,,IPO7,
,,,HIPK3,
,,,ESF1,
,,,BNIP2,
,,,ITFG1,
,,,LIN7C,
,,,PCYOX1,
,,,CTNNB1,
,,,CEBPZ,
,,,ADH5,
,,,WLS,
,,,SSR1,
,,,EIF5,
,,,TMEM30A,
,,,THRAP3,
,,,,
,,,,
,,,,
,,,,
,,,,
,,,,
,,,,
,,,,
,,,,
,,,,
,,,,
,,,,
,,,,
,,,,
,,,,
,,,,
,,,,
,,,,
,,,,
,,,,
,,,,
,,,,
,,,,
,,,,
,,,,
,,,,
,,,,
,,,,
,,,,
,,,,
,,,,
,,,,
,,,,
,,,,
,,,,
,,,,
,,,,
,,,,
,,,,
,,,,
,,,,
,,,,
,,,,
,,,,
,,,,
,,,,
,,,,
,,,,
,,,,
,,,,
,,,,
,,,,
,,,,
,,,,
,,,,
,,,,
,,,,
,,,,
,,,,
,,,,
,,,,
,,,,
,,,,
,,,,
,,,,
,,,,
,,,,
,,,,
,,,,
,,,,
,,,,
,,,,
,,,,
,,,,
,,,,
,,,,
,,,,
,,,,
,,,,
,,,,
,,,,
,,,,
,,,,
,,,,
,,,,
,,,,
,,,,
,,,,
,,,,
,,,,
,,,,
,,,,
,,,,
,,,,
,,,,
,,,,
,,,,
,,,,
,,,,
,,,,
,,,,
,,,,
,,,,
,,,,
,,,,
,,,,
,,,,
,,,,
,,,,
,,,,
,,,,
,,,,
,,,,
,,,,
,,,,
,,,,
,,,,
,,,,
,,,,
,,,,
,,,,
,,,,
,,,,
,,,,
,,,,
,,,,
,,,,
,,,,
,,,,
,,,,
,,,,
,,,,
,,,,
,,,,
,,,,
,,,,
,,,,
,,,,
,,,,
,,,,
,,,,
,,,,
,,,,
,,,,
,,,,
,,,,
,,,,
,,,,
,,,,
,,,,
,,,,
,,,,
,,,,
,,,,
,,,,
,,,,
,,,,
,,,,
,,,,
,,,,
,,,,
,,,,
,,,,
,,,,
,,,,
,,,,
,,,,
,,,,
,,,,
,,,,
,,,,
,,,,
,,,,
,,,,
,,,,
,,,,
,,,,
,,,,
,,,,
,,,,
,,,,
,,,,
,,,,
,,,,
,,,,
,,,,
,,,,
,,,,
,,,,
,,,,
,,,,
,,,,
,,,,
,,,,
,,,,
,,,,
,,,,
,,,,
,,,,
,,,,
,,,,
,,,,
,,,,
,,,,
,,,,
,,,,
,,,,
,,,,
,,,,
,,,,
,,,,
,,,,
,,,,
,,,,
,,,,
,,,,
,,,,
,,,,
,,,,
,,,,
,,,,
,,,,
,,,,
,,,,
,,,,
,,,,
,,,,
,,,,
,,,,
,,,,
,,,,
,,,,
,,,,
,,,,
,,,,
,,,,
,,,,
,,,,
,,,,
,,,,
,,,,
,,,,
,,,,
,,,,
,,,,
,,,,
,,,,
,,,,
,,,,
,,,,
,,,,
,,,,
,,,,
,,,,
,,,,
,,,,
,,,,
,,,,
,,,,
,,,,
,,,,
,,,,
,,,,
,,,,
,,,,
,,,,
,,,,
,,,,
,,,,
,,,,
,,,,
,,,,
,,,,
,,,,
,,,,
,,,,
,,,,
,,,,
,,,,
,,,,
,,,,
,,,,
,,,,
,,,,
,,,,
,,,,
,,,,
,,,,
,,,,
,,,,
,,,,
,,,,
,,,,
,,,,
,,,,
,,,,
,,,,
,,,,
,,,,
,,,,
,,,,
,,,,
,,,,
,,,,
,,,,
,,,,
,,,,
,,,,
,,,,
,,,,
,,,,
,,,,
,,,,
,,,,
,,,,
,,,,
,,,,
,,,,
,,,,
,,,,
,,,,
,,,,
,,,,
,,,,
,,,,
,,,,
,,,,
,,,,
,,,,
,,,,
,,,,
,,,,
,,,,
,,,,
,,,,
,,,,
,,,,
,,,,
,,,,
,,,,
,,,,
,,,,
,,,,
,,,,
,,,,
,,,,
,,,,
,,,,
,,,,
,,,,
,,,,
,,,,
,,,,
,,,,
,,,,
,,,,
,,,,
,,,,
,,,,
,,,,
,,,,
,,,,
,,,,
,,,,
,,,,
,,,,
,,,,
,,,,
,,,,
,,,,
,,,,
,,,,
,,,,
,,,,
,,,,
,,,,
,,,,
,,,,
,,,,
,,,,
,,,,
,,,,
,,,,
,,,,
,,,,
,,,,
,,,,
,,,,
,,,,
,,,,
,,,,
,,,,
,,,,
,,,,
,,,,
,,,,
,,,,
,,,,
,,,,
,,,,
,,,,
,,,,
,,,,
,,,,
,,,,
,,,,
,,,,
,,,,
,,,,
,,,,
,,,,
,,,,
,,,,
,,,,
,,,,
,,,,
,,,,
,,,,
,,,,
,,,,
,,,,
,,,,
,,,,
,,,,
,,,,
,,,,
,,,,
,,,,
,,,,
,,,,
,,,,
,,,,
,,,,
,,,,
,,,,
,,,,
,,,,
,,,,
,,,,
,,,,
,,,,
,,,,
,,,,
,,,,
,,,,
,,,,
,,,,
,,,,
,,,,
,,,,
,,,,
,,,,
,,,,
,,,,
,,,,
,,,,
,,,,
,,,,
,,,,
,,,,
,,,,
,,,,
,,,,
,,,,
,,,,
,,,,
,,,,
,,,,
,,,,
,,,,
,,,,
,,,,
,,,,
,,,,
,,,,
,,,,
,,,,
,,,,
,,,,
,,,,
,,,,
,,,,
,,,,
,,,,
,,,,
,,,,
,,,,
,,,,
,,,,
,,,,
,,,,
,,,,
,,,,
,,,,
,,,,
,,,,
,,,,
,,,,
,,,,
,,,,
,,,,
,,,,
,,,,
,,,,
,,,,
,,,,
,,,,
,,,,
,,,,
,,,,
,,,,
,,,,
,,,,
,,,,
,,,,
,,,,
,,,,
,,,,
,,,,
,,,,
,,,,
,,,,
,,,,
,,,,
,,,,
,,,,
,,,,
,,,,
,,,,
,,,,
,,,,
,,,,
,,,,
,,,,
,,,,
,,,,
,,,,
,,,,
,,,,
,,,,
,,,,
,,,,
,,,,
,,,,
,,,,
,,,,
,,,,
,,,,
,,,,
,,,,
,,,,
,,,,
,,,,
,,,,
,,,,
,,,,
,,,,
,,,,
,,,,
,,,,
,,,,
,,,,
,,,,
,,,,
,,,,
,,,,
,,,,
,,,,
,,,,
,,,,
,,,,
,,,,
,,,,
,,,,
,,,,
,,,,
,,,,
,,,,
,,,,
,,,,
,,,,
,,,,
,,,,
,,,,
,,,,
,,,,
,,,,
,,,,
,,,,
,,,,
,,,,
,,,,
,,,,
,,,,
,,,,
,,,,
,,,,
,,,,
,,,,
,,,,
,,,,
,,,,
,,,,
,,,,
,,,,
,,,,
,,,,
,,,,
,,,,
,,,,
,,,,
,,,,
,,,,
,,,,
,,,,
,,,,
,,,,
,,,,
,,,,
,,,,
,,,,
,,,,
,,,,
,,,,
,,,,
,,,,
,,,,
,,,,
,,,,
,,,,
,,,,
,,,,
,,,,
,,,,
,,,,
,,,,
,,,,
,,,,
,,,,
,,,,
,,,,
,,,,
,,,,
,,,,
,,,,
,,,,
,,,,
,,,,
,,,,
,,,,
,,,,
,,,,
,,,,
,,,,
,,,,
,,,,
,,,,
,,,,
,,,,
,,,,
,,,,
,,,,
,,,,
,,,,
,,,,
,,,,
,,,,
,,,,
,,,,
,,,,
,,,,
,,,,
,,,,
,,,,
,,,,
,,,,
,,,,
,,,,
,,,,
,,,,
,,,,
,,,,
,,,,
,,,,
,,,,
,,,,
,,,,
,,,,
,,,,
,,,,
,,,,
,,,,
,,,,
,,,,
,,,,
,,,,
,,,,
,,,,
,,,,
,,,,
,,,,
,,,,
,,,,
,,,,
,,,,
,,,,
,,,,
,,,,
,,,,
,,,,
,,,,
,,,,
,,,,
,,,,
,,,,
,,,,
,,,,
,,,,
,,,,
,,,,
,,,,
,,,,
,,,,
,,,,
,,,,
,,,,
,,,,
,,,,
,,,,
,,,,
,,,,
,,,,
,,,,
,,,,
,,,,
,,,,
,,,,
,,,,
,,,,
,,,,
,,,,
,,,,
,,,,
,,,,
,,,,
,,,,
,,,,
,,,,
,,,,
,,,,
,,,,
,,,,
,,,,
,,,,
,,,,
,,,,
,,,,
,,,,
,,,,
,,,,
,,,,
,,,,
,,,,
,,,,
,,,,
,,,,
,,,,
,,,,
,,,,
,,,,
,,,,
,,,,
,,,,
,,,,
,,,,
,,,,
,,,,
,,,,
,,,,
,,,,
,,,,
,,,,
,,,,
,,,,
,,,,
,,,,
,,,,
,,,,
,,,,
,,,,
,,,,
,,,,
,,,,
,,,,
,,,,
,,,,
,,,,
,,,,
,,,,
,,,,
,,,,
,,,,
,,,,
,,,,
,,,,
,,,,
,,,,
,,,,
,,,,
,,,,
,,,,
,,,,
,,,,
,,,,
,,,,
,,,,
,,,,
,,,,
,,,,
,,,,
,,,,
,,,,
,,,,
,,,,
,,,,
,,,,
,,,,
,,,,
,,,,
,,,,
,,,,
,,,,
,,,,
,,,,
,,,,
,,,,
,,,,
,,,,
,,,,
,,,,
,,,,
,,,,
,,,,
,,,,
,,,,
,,,,
,,,,
,,,,
,,,,
,,,,
,,,,
,,,,
,,,,
,,,,
,,,,
,,,,
,,,,
,,,,
,,,,
,,,,
,,,,
,,,,
,,,,
,,,,
,,,,
,,,,
,,,,
,,,,
,,,,
,,,,
,,,,
,,,,
,,,,
,,,,
,,,,
,,,,
,,,,
,,,,
,,,,
,,,,
,,,,
,,,,
,,,,
,,,,
,,,,
,,,,
,,,,
,,,,
,,,,
,,,,
,,,,
,,,,
,,,,
,,,,
,,,,
,,,,
,,,,
,,,,
,,,,
,,,,
,,,,
,,,,
,,,,
,,,,
,,,,
,,,,
,,,,
,,,,
,,,,
,,,,
,,,,
,,,,
,,,,
,,,,
,,,,
,,,,
,,,,
,,,,
,,,,
,,,,
,,,,
,,,,
,,,,
,,,,
,,,,
,,,,
,,,,
,,,,
,,,,
,,,,
,,,,
,,,,
,,,,
,,,,
,,,,
,,,,
,,,,
,,,,
,,,,
,,,,
,,,,
,,,,
,,,,
,,,,
,,,,
,,,,
,,,,
,,,,
,,,,
,,,,
,,,,
,,,,
,,,,
,,,,
,,,,
,,,,
,,,,
,,,,
,,,,
,,,,
,,,,
,,,,
,,,,
,,,,
,,,,
,,,,
,,,,
,,,,
,,,,
,,,,
,,,,
,,,,
,,,,
,,,,
,,,,
,,,,
,,,,
,,,,
,,,,
,,,,
,,,,
,,,,
,,,,
,,,,
,,,,
,,,,
,,,,
,,,,
,,,,
,,,,
,,,,
,,,,
,,,,
,,,,
,,,,
,,,,
,,,,
,,,,
,,,,
,,,,
,,,,
,,,,
,,,,
,,,,
,,,,
,,,,
,,,,
,,,,
,,,,
,,,,
,,,,
,,,,
,,,,
,,,,
,,,,
,,,,
,,,,
,,,,
,,,,
,,,,
,,,,
,,,,
,,,,
,,,,
,,,,
,,,,
,,,,
,,,,
,,,,
,,,,
,,,,
,,,,
,,,,
,,,,
,,,,
,,,,
,,,,
,,,,
,,,,
,,,,
,,,,
,,,,
,,,,
,,,,
,,,,
,,,,
,,,,
,,,,
,,,,
,,,,
,,,,
,,,,
,,,,
,,,,
,,,,
,,,,
,,,,
,,,,
,,,,
,,,,
,,,,
,,,,
,,,,
,,,,
,,,,
,,,,
,,,,
,,,,
,,,,
,,,,
,,,,
,,,,
,,,,
,,,,
,,,,
,,,,
,,,,
,,,,
,,,,
,,,,
,,,,
,,,,
,,,,
,,,,
,,,,
,,,,
,,,,
,,,,
,,,,
,,,,
,,,,
,,,,
,,,,
,,,,
,,,,
,,,,
,,,,
,,,,
,,,,
,,,,
,,,,
,,,,
,,,,
,,,,
,,,,
,,,,
,,,,
,,,,
,,,,
,,,,
,,,,
,,,,
,,,,
,,,,
,,,,
,,,,
,,,,
,,,,
,,,,
,,,,
,,,,
,,,,
,,,,
,,,,
,,,,
,,,,
,,,,
,,,,
,,,,
,,,,
,,,,
,,,,
,,,,
,,,,
,,,,
,,,,
,,,,
,,,,
,,,,
,,,,
,,,,
,,,,
,,,,
,,,,
,,,,
,,,,
,,,,
,,,,
,,,,
,,,,
,,,,
,,,,
,,,,
,,,,
,,,,
,,,,
,,,,
,,,,
,,,,
,,,,
,,,,
,,,,
,,,,
,,,,
,,,,
,,,,
,,,,
,,,,
,,,,
,,,,
,,,,
,,,,
,,,,
,,,,
,,,,
,,,,
,,,,
,,,,
,,,,
,,,,
,,,,
,,,,
,,,,
,,,,
,,,,
,,,,
,,,,
,,,,
,,,,
,,,,
,,,,
,,,,
,,,,
,,,,
,,,,
,,,,
,,,,
,,,,
,,,,
,,,,
,,,,
,,,,
,,,,
,,,,
,,,,
,,,,
,,,,
,,,,
,,,,
,,,,
,,,,
,,,,
,,,,
,,,,
,,,,
,,,,
,,,,
,,,,
,,,,
,,,,
,,,,
,,,,
,,,,
,,,,
,,,,
,,,,
,,,,
,,,,
,,,,
,,,,
,,,,
,,,,
,,,,
,,,,
,,,,
,,,,
,,,,
,,,,
,,,,
,,,,
,,,,
,,,,
,,,,
,,,,
,,,,
,,,,
,,,,
,,,,
,,,,
,,,,
,,,,
,,,,
,,,,
,,,,
,,,,
,,,,
,,,,
,,,,
,,,,
,,,,
,,,,
,,,,
,,,,
,,,,
,,,,
,,,,
,,,,
,,,,
,,,,
,,,,
,,,,
,,,,
,,,,
,,,,
,,,,
,,,,
,,,,
,,,,
,,,,
,,,,
,,,,
,,,,
,,,,
,,,,
,,,,
,,,,
,,,,
,,,,
,,,,
,,,,
,,,,
,,,,
,,,,
,,,,
,,,,
,,,,
,,,,
,,,,
,,,,
,,,,
,,,,
,,,,
,,,,
,,,,
,,,,
,,,,
,,,,
,,,,
,,,,
,,,,
,,,,
,,,,
,,,,
,,,,
,,,,
,,,,
,,,,
,,,,
,,,,
,,,,
,,,,
,,,,
,,,,
,,,,
,,,,
,,,,
,,,,
,,,,
,,,,
,,,,
,,,,
,,,,
,,,,
,,,,
,,,,
,,,,
,,,,
,,,,
,,,,
,,,,
,,,,
,,,,
,,,,
,,,,
,,,,
,,,,
,,,,
,,,,
,,,,
,,,,
,,,,
,,,,
,,,,
,,,,
,,,,
,,,,
,,,,
,,,,
,,,,
,,,,
,,,,
,,,,
,,,,
,,,,
,,,,
,,,,
,,,,
,,,,
,,,,
,,,,
,,,,
,,,,
,,,,
,,,,
,,,,
,,,,
,,,,
,,,,
,,,,
,,,,
,,,,
,,,,
,,,,
,,,,
,,,,
,,,,
,,,,
,,,,
,,,,
,,,,
,,,,
,,,,
,,,,
,,,,
,,,,
,,,,
,,,,
,,,,
,,,,
,,,,
,,,,
,,,,
,,,,
,,,,
,,,,
,,,,
,,,,
,,,,
,,,,
,,,,
,,,,
,,,,
,,,,
,,,,
,,,,
,,,,
,,,,
,,,,
,,,,
,,,,
,,,,
,,,,
,,,,
,,,,
,,,,
,,,,
,,,,
,,,,
,,,,
,,,,
,,,,
,,,,
,,,,
,,,,
,,,,
,,,,
,,,,
,,,,
,,,,
,,,,
,,,,
,,,,
,,,,
,,,,
,,,,
,,,,
,,,,
,,,,
,,,,
,,,,
,,,,
,,,,
,,,,
,,,,
,,,,
,,,,
,,,,
,,,,
,,,,
,,,,
,,,,
,,,,
,,,,
,,,,
,,,,
,,,,
,,,,
,,,,
,,,,
,,,,
,,,,
,,,,
,,,,
,,,,
,,,,
,,,,
,,,,
,,,,
,,,,
,,,,
,,,,
,,,,
,,,,
,,,,
,,,,
,,,,
,,,,
,,,,
,,,,
,,,,
,,,,
,,,,
,,,,
,,,,
,,,,
,,,,
,,,,
,,,,
,,,,
,,,,
,,,,
,,,,
,,,,
,,,,
,,,,
,,,,
,,,,
,,,,
,,,,
,,,,
,,,,
,,,,
,,,,
,,,,
,,,,
,,,,
,,,,
,,,,
,,,,
,,,,
,,,,
,,,,
,,,,
,,,,
,,,,
,,,,
,,,,
,,,,
,,,,
,,,,
,,,,
,,,,
,,,,
,,,,
,,,,
,,,,
,,,,
,,,,
,,,,
,,,,
,,,,
,,,,
,,,,
,,,,
,,,,
,,,,
,,,,
,,,,
,,,,
,,,,
,,,,
,,,,
,,,,
,,,,
,,,,
,,,,
,,,,
,,,,
,,,,
,,,,
,,,,
,,,,
,,,,
,,,,
,,,,
,,,,
,,,,
,,,,
,,,,
,,,,
,,,,
,,,,
,,,,
,,,,
,,,,
,,,,
,,,,
,,,,
,,,,
,,,,
,,,,
,,,,
,,,,
,,,,
,,,,
,,,,
,,,,
,,,,
,,,,
,,,,
,,,,
,,,,
,,,,
,,,,
,,,,
,,,,
,,,,
,,,,
,,,,
,,,,
,,,,
,,,,
,,,,
,,,,
,,,,
,,,,
,,,,
,,,,
,,,,
,,,,
,,,,
,,,,
,,,,
,,,,
,,,,
,,,,
,,,,
,,,,
,,,,
,,,,
,,,,
,,,,
,,,,
,,,,
,,,,
,,,,
,,,,
,,,,
,,,,
,,,,
,,,,
,,,,
,,,,
,,,,
,,,,
,,,,
,,,,
,,,,
,,,,
,,,,
,,,,
,,,,
,,,,
,,,,
,,,,
,,,,
,,,,
,,,,
,,,,
,,,,
,,,,
,,,,
,,,,
,,,,
,,,,
,,,,
,,,,
,,,,
,,,,
,,,,
,,,,
,,,,
,,,,
,,,,
,,,,
,,,,
,,,,
,,,,
,,,,
,,,,
,,,,
,,,,
,,,,
,,,,
,,,,
,,,,
,,,,
,,,,
,,,,
,,,,
,,,,
,,,,
,,,,
,,,,
,,,,
,,,,
,,,,
,,,,
,,,,
,,,,
,,,,
,,,,
,,,,
,,,,
,,,,
,,,,
,,,,
,,,,
,,,,
,,,,
,,,,
,,,,
,,,,
,,,,
,,,,
,,,,
,,,,
,,,,
,,,,
,,,,
,,,,
,,,,
,,,,
,,,,
,,,,
,,,,
,,,,
,,,,
,,,,
,,,,
,,,,
,,,,
,,,,
,,,,
,,,,
,,,,
,,,,
,,,,
,,,,
,,,,
,,,,
,,,,
,,,,
,,,,
,,,,
,,,,
,,,,
,,,,
,,,,
,,,,
,,,,
,,,,
,,,,
,,,,
,,,,
,,,,
,,,,
,,,,
,,,,
,,,,
,,,,
,,,,
,,,,
,,,,
,,,,
,,,,
,,,,
,,,,
,,,,
,,,,
,,,,
,,,,
,,,,
,,,,
,,,,
,,,,
,,,,
,,,,
,,,,
,,,,
,,,,
,,,,
,,,,
,,,,
,,,,
,,,,
,,,,
,,,,
,,,,
,,,,
,,,,
,,,,
,,,,
,,,,
,,,,
,,,,
,,,,
,,,,
,,,,
,,,,
,,,,
,,,,
,,,,
,,,,
,,,,
,,,,
,,,,
,,,,
,,,,
,,,,
,,,,
,,,,
,,,,
,,,,
,,,,
,,,,
,,,,
,,,,
,,,,
,,,,
,,,,
,,,,
,,,,
,,,,
,,,,
,,,,
,,,,
,,,,
,,,,
,,,,
,,,,
,,,,
,,,,
,,,,
,,,,
,,,,
,,,,
,,,,
,,,,
,,,,
,,,,
,,,,
,,,,
,,,,
,,,,
,,,,
,,,,
,,,,
,,,,
,,,,
,,,,
,,,,
,,,,
,,,,
,,,,
,,,,
,,,,
,,,,
,,,,
,,,,
,,,,
,,,,
,,,,
,,,,
,,,,
,,,,
,,,,
,,,,
,,,,
,,,,
,,,,
,,,,
,,,,
,,,,
,,,,
,,,,
,,,,
,,,,
,,,,
,,,,
,,,,
,,,,
,,,,
,,,,
,,,,
,,,,
,,,,
,,,,
,,,,
,,,,
,,,,
,,,,
,,,,
,,,,
,,,,
,,,,
,,,,
,,,,
,,,,
,,,,
,,,,
,,,,
,,,,
,,,,
,,,,
,,,,
,,,,
,,,,
,,,,
,,,,
,,,,
,,,,
,,,,
,,,,
,,,,
,,,,
,,,,
,,,,
,,,,
,,,,
,,,,
,,,,
,,,,
,,,,
,,,,
,,,,
,,,,
,,,,
,,,,
,,,,
,,,,
,,,,
,,,,
,,,,
,,,,
,,,,
,,,,
,,,,
,,,,
,,,,
,,,,
,,,,
,,,,
,,,,
,,,,
,,,,
,,,,
,,,,
,,,,
,,,,
,,,,
,,,,
,,,,
,,,,
,,,,
,,,,
,,,,
,,,,
,,,,
,,,,
,,,,
,,,,
,,,,
,,,,
,,,,
,,,,
,,,,
,,,,
,,,,
,,,,
,,,,
,,,,
,,,,
,,,,
,,,,
,,,,
,,,,
,,,,
,,,,
,,,,
,,,,
,,,,
,,,,
,,,,
,,,,
,,,,
,,,,
,,,,
,,,,
,,,,
,,,,
,,,,
,,,,
,,,,
,,,,
,,,,
,,,,
,,,,
,,,,
,,,,
,,,,
,,,,
,,,,
,,,,
,,,,
,,,,
,,,,
,,,,
,,,,
,,,,
,,,,
,,,,
,,,,
,,,,
,,,,
,,,,
,,,,
,,,,
,,,,
,,,,
,,,,
,,,,
,,,,
,,,,
,,,,
,,,,
,,,,
,,,,
,,,,
,,,,
,,,,
,,,,
,,,,
,,,,
,,,,
,,,,
,,,,
,,,,
,,,,
,,,,
,,,,
,,,,
,,,,
,,,,
,,,,
,,,,
,,,,
,,,,
,,,,
,,,,
,,,,
,,,,
,,,,
,,,,
,,,,
,,,,
,,,,
,,,,
,,,,
,,,,
,,,,
,,,,
,,,,
,,,,
,,,,
,,,,
,,,,
,,,,
,,,,
