EC-OA,EC-AZFc,EC-INOA_B,EC-KS,EC_INOA_S
ADIRF,MT-ND6,PRM1,PRM1,PRM1
TUBA1B,PRM2,PRM2,PRM2,PRM2
PCBP1,PRM1,MT-RNR2,MT-ND6,HMGB4
EEF1D,FTH1,HMGB4,FTH1,TSACC
MT-ND6,HLA-DRB6,MT-RNR1,UBB,LELP1
UBB,ADIRF,HIST1H4C,ADIRF,TNP1
LINC01921,UBB,TSACC,HMGB4,CRISP2
COX20,TUBA1B,ID3,EEF1D,SMCP
FTH1,LELP1,HLA-DRB6,GAPDH,LINC00467
LRRC75A-AS1,HMGB4,MT-ATP8,PCBP1,SPTY2D1OS
ICAM2,MT-ND1,LELP1,TUBA1B,MT-RNR2
GAPDH,CRISP2,TSC22D3,LRRC75A-AS1,TCP11
PRELID1,LINC00467,TNP1,HLA-C,AL365357.1
ARL2BP,B2M,RAMP3,IGFBP7,C10orf62
MT-TE,SMCP,DUSP1,HLA-A,NUPR2
HLA-DRB5,MT-ND2,CALM1,TSACC,TPPP2
RAB1B,TSACC,CRISP2,AL450405.1,GSG1
FLII,TNP1,ACTG1,HLA-DRB5,PHF7
EMC6,TRIM36,MT-ND4L,LELP1,TRIM36
KBTBD4,CABS1,CD59,LINC00467,AKAP4
NUDT3,C10orf62,LINC00467,JUN,DUSP1
TMA7,LRRC75A-AS1,SMCP,VIM,MT-ND1
NHP2,TPPP2,MT-CO1,HLA-DRB6,ACKR1
PPIB,GSG1,CFL1,CRISP2,MT-ND2
MIF,EEF1D,ANXA2,PTGDS,BOD1L2
MT-TW,AKAP4,SPTY2D1OS,SMCP,CABS1
DDT,SPTY2D1OS,ACTB,PPIB,CAPZA3
TUBA1C,NUPR2,MLF1,MT-ND5,GTSF1
DUSP1,TMA7,ACKR1,JUNB,CMTM2
PET100,ATP5ME,BRK1,ACTA2,POSTN
SH3BP5,TEX46,TAGLN2,HSPG2,OAZ3
ILK,GAPDH,TCP11,PTMS,IZUMO4
AC092069.1,GPX3,TPI1,TNP1,ROPN1L
KANK3,MT-TE,NFKBIA,C10orf62,C1orf194
ISLR,SH3RF2,TMEM230,HSPA1A,MLF1
PINK1,DUSP1,NUPR2,ACTB,SPINK2
SRSF9,FCN3,C10orf62,SELENOP,PROCA1
XAF1,SELENOP,GPX3,HLA-B,SH3RF2
ARHGDIA,CCDC196,HLA-DRA,SPTY2D1OS,GTSF1L
CDK4,PROCA1,TPPP2,TPPP2,CALM1
HSPG2,TCP11,FKBP1A,HSPB1,LEMD1
MT-ND1,NNMT,SLC25A5,TAGLN,LINC00301
MTATP6P1,MS4A14,CD74,EEF1A1,TMCO5A
TSSK2,ACSBG2,GSG1,CCDC85B,LGALS1
SNORD13,CEP170P1,NPDC1,GADD45B,TEX38
MGAT2,PCBP1,FAM229B,ISLR,CCDC196
ADGRA2,LINC00301,ADGRL4,FOS,LINC00919
AC115618.3,ACKR1,AKAP4,NOP53,CABYR
ICAM3,C12orf54,FTL,CRIP2,CDKN3
SPSB3,CCL23,EIF3I,RAMP2,CCL23
MAZ,GTSF1L,FCN3,AKAP4,AC010255.3
AC098679.1,TSPAN1,MT-ND2,LGALS1,TEX46
ZFPL1,CAPZA3,SYPL1,H1FX,ACSBG2
LY6K,C12orf50,HACD3,TPT1,SPATA42
AC005912.1,LEMD1,HIST1H2AA,TRIM36,UBL4B
RDX,OAZ3,PABPC1,MT-CO1,SPATA3
FBXW2,AC010255.3,SYNGR2,CTGF,CCDC54
GAPDHS,TSPAN16,MTRNR2L1,MT-CO3,MS4A14
CERS2,BPIFA3,TRIM36,GSG1,FAM229B
GPX3,TMCO5A,FCGRT,ACKR1,ACTL7A
LSM1,CCDC70,CD151,TCP11,ISLR
MYL12A,FSCN3,CABS1,NUPR2,TMEM31
IFITM3,SPATA3,CAPZA3,CABS1,SPATA33
AHR,ID3,MT-ND1,APOD,C12orf50
MAP3K12,SPATA42,DCUN1D1,GNG11,ID3
CAP1,CLU,AQP1,MT-ND4,HIST1H2AA
STUB1,PHF7,VIM,PRDX1,C12orf54
AP1G2,FAM81B,ARF4,LEMD1,CDIPT-AS1
FAR2P1,SPATA19,DAZAP2,ZFP36,B2M
MT-RNR1,DNAJB8,TSPAN7,POSTN,COX8C
ACAT2,SH3GL3,ODF2,B2M,KIF2C
C8orf59,UBL4B,RPN2,BCAM,SPATA19
PRDX2,MT-ND3,ERGIC3,SQSTM1,TEX35
TAP1,ACAP1,MT-CYB,ICAM2,PGK2
STK24,C1orf194,ID1,HLA-E,C20orf141
C8orf48,RAMP3,IL3RA,CAPZA3,S100A10
MT-CO2,SPRY1,SERPINA5,ID3,CAV1
ATP5ME,UBQLN3,OAZ3,PROCA1,AC097636.1
PLPP1,DCUN1D1,BOD1L2,SLC25A6,MRVI1-AS1
NDUFS7,TEX35,NQO1,GAS6,TSPAN16
PNPLA6,ODF2,PSMF1,GTSF1,C9orf24
RANGRF,PPM1G,UBE2L6,ESAM,FSCN3
HIST1H4C,IZUMO4,SLC3A2,FXYD6,BPIFA3
PTTG1IP,PGK2,S100A10,TXNIP,TIMD4
SELENOP,TEX44,TSPAN6,TEX46,FAM81B
FDPS,BOD1L2,GLUL,CCDC196,MAEL
OST4,CMTM2,S100A16,MLF1,CCDC37-AS1
C22orf23,MT-ATP8,CLDN5,OAZ3,TCP10L
CCZ1,TEX38,SH3RF2,DCN,ROPN1B
JPX,ACTL7A,PSMC5,HSPA1B,ANKRD7
NUMA1,RNF151,TMEM59,PSME1,RNF151
MAPK7,CST3,TMED9,MS4A14,TSSK6
MAN2C1,GABRG3-AS1,CMTM2,NOSTRIN,VIM
HNRNPA1L2,CCDC54,CIRBP,ACSBG2,C16orf82
NPDC1,TMEM31,PROCA1,C1orf115,TPD52L3
SERPING1,C9orf24,TSNAX,AC010255.3,DNAJB8
HLA-DRB6,AC005912.1,PTMA,IER2,DNAJC5B
ELN,PECAM1,LAPTM4A,RBP1,CSMD2-AS1
ITPKB,CDIPT-AS1,EIF1,FKBP5,AC239803.2
OLFML2A,ACTRT2,PPP2R1A,BRI3,EIF1
PSMD7,FAM187B,EEF1A1,CCDC54,SPACA3
CLSTN1,TCP10L,PRDX3,TMCO5A,ADAD1
SPARCL1,ANKMY1,ASS1,SPATA42,FAM71F1
SEC14L1,SPACA9,KLHDC3,SH3RF2,CCDC70
MT-ND2,OLFM1,C1orf194,NNMT,GABRG3-AS1
B2M,ROPN1L,OLFM1,PHF7,PPP1R2C
DDX5,SGK1,TAF9,TMEM31,IQCF1
NNMT,CABYR,ALKBH7,MYL9,FAM229A
TCIM,CSMD2-AS1,SON,C12orf54,DDX4
FKBP5,NTRK3-AS1,CD320,SPATA3,SH3GL3
SLC33A1,GTSF1,PHF7,ILK,UBQLN3
LGALS1,TPD52L3,NDUFB5,AES,CEP170P1
GLMP,SPACA3,CAPZB,TAGLN2,LINC01191
ZNF786,PRM3,SRGN,BST2,LINC00608
PDIA6,SPINK5,IGF2,SPATA19,CT83
SC5D,AQP1,IZUMO4,TEX38,FAM187B
MT-TL1,C16orf82,TUFM,GTSF1L,TEX44
BECN1,TCIM,CABYR,CAVIN1,PTGDS
FOSB,ISG20L2,GTSF1L,FDPS,SMKR1
SDR39U1,ALKBH7,TMEM219,LMO2,NTRK3-AS1
FAHD2CP,TSSK6,ROPN1L,BPIFA3,C10orf82
MAMLD1,TIMD4,LINC00301,UBL4B,SPACA9
CAPSL,SPATA33,AKR1C3,HLA-F,ACTRT2
HNRNPA1,LINC00608,MYC,CEP170P1,SPANXB1
TSSK1B,PRDX1,ANAPC13,LINC00301,FAM71E1
IRF2BP2,GSN,ATAD1,PRDX2,NNMT
TUBA3C,KIF2C,PSMB5,CDIPT-AS1,AQP5
ZMAT5,ID1,LEMD1,CT83,C10orf53
ANXA1,MFAP3L,UBE2D3,BOD1L2,AKAP14
NTMT1,FAM229B,CCDC54,DSTN,ROPN1
MT-ND5,DUSP23,TMCO5A,S100A10,H1FNT
POLR2E,USP2,AC010255.3,FSCN3,CYLC1
,MLF1,DRG1,FAM81B,DDI1
,HLA-DQA2,CRHBP,AC239803.2,HEMGN
,IQCF1,NNMT,COX8C,MFAP3L
,FOS,MORN2,DCUN1D1,IFITM3
,CCDC91,TEX38,IER3,AC109635.4
,HEMGN,CCDC196,SNHG7,TEX37
,PFDN5,LINC00919,NACA,ACAP1
,POSTN,EGFL7,C12orf50,TEX26
,CCDC136,PCBP2,MT-CYB,TSPAN1
,AQP5,ECH1,ROPN1L,DYNLRB2
,LINC01681,OSMR,CCDC37-AS1,PDXK
,IGFBP7,LY6E,DNAJC5B,LINC00943
,FAM107A,OSER1,ARL2BP,SPACA7
,C20orf141,TSPAN1,EGR1,SCP2D1
,DNAJC5B,ACSBG2,FOSB,SAMD4A
,DKKL1,TEX46,C11orf96,DCUN1D1
,SPATA18,TPD52L1,C1orf194,PNRC1
,SMKR1,TEX264,CMTM2,BRDT
,TEX37,HLA-DPA1,FAM187B,ARMC12
,C7orf31,MS4A14,TIMD4,IQCF2
,ARMC12,UBE2N,ACTL7A,TMCO2
,LINC02189,CDKN3,MCTP1,CYLC2
,C10orf82,PGK1,KIF2C,LCA5L
,PPIB,RHOC,MKL2,SPATA18
,SAMD4A,SPATA42,C9orf24,PRM3
,FUNDC2P2,TMEM31,MT-ND1,SPEM2
,LGALS1,C12orf54,HLA-DRB1,LINC02189
,IFITM3,UBL4B,TSPAN16,DNAJA4
,SLCO2A1,SPATA3,NTRK3-AS1,C6orf99
,MRVI1-AS1,HLA-DMB,MT-ATP6,LINC00854
,FAM71E1,GPX4,SH3BP5,AKAP3
,MCTP1,SLCO2A1,CSMD2-AS1,ADIG
,ICAM2,ILF2,NHP2,CCDC169
,SCP2D1,EIF5A,GABRG3-AS1,SEPT7P9
,SEPT7P9,ADGRG1,CAV1,RNF32
,SPEM2,ACTL7A,CLEC14A,HLA-DRB6
,C6orf99,ATP5PB,LINC00919,IQCF3
,CCSER2,PPP6C,TEX35,VWA3B
,OST4,BAG5,CYLC1,CST13P
,LINC01227,HLA-DMA,FAM71E1,IFITM2
,C8orf59,ITM2A,OAZ1,ODF2
,AC092666.1,LDB2,PRELID1,ACRBP
,LRRC37A16P,AMZ2,MT-ND4L,CCDC136
,MT-TS2,POSTN,C20orf141,SPANXD
,CCDC37-AS1,C12orf50,TCP10L,FANCD2OS
,AL355357.1,CCL23,DNAJB8,BANF2
,FAM71F1,VRK3,TSPAN1,LINC01350
,AL359853.3,SRPK2,IZUMO4,RBP7
,ADAD1,FAM110D,MALAT1,C2orf88
,TEX51,TFPI,XIST,CLPB
,BANF2,PDXK,SPINK2,DCN
,HLA-DRB5,VAMP2,TPD52L3,RAB11FIP4
,JUN,GSTK1,FAM107A,PLCZ1
,AC097636.1,LEPROT,KANK3,BCL2L14
,MYL12A,JPT1,TSSK6,C17orf64
,AC109635.4,ATP1B3,FAM71F1,TEX51
,AC140479.4,VDAC2,AC097636.1,AL596275.2
,TEKT3,FBXO7,AC007681.1,MAP3K14-AS1
,CYLC1,BCAP31,LINC00608,AL355357.1
,LINC00854,EFNA1,IQCF2,IRGC
,ISLR,CYYR1,MT-CO2,PAGE2B
,IL3RA,SPATA19,SCP2D1,HSPA4L
,MORN2,TEX35,DDT,BST2
,RNF133,PSMA1,CST13P,SPATA4
,CYLC2,DDX5,CABYR,DKKL1
,FAM229A,KDELR2,TEX37,SIRPD
,LINC00943,SGK1,FAM229B,PRR30
,IQCF3,PSMA7,EPHX1,AL359853.3
,ZBTB20-AS1,PGK2,C10orf82,AC092666.1
,SPATA7,MT-CO2,CAVIN2,IZUMO2
,GALNTL5,UQCRC2,ADGRL4,BX119904.2
,H1FNT,GTSF1,PGK2,TEX53
,CT83,SDCBP,C16orf82,DUSP23
,IQCF2,KDELR1,HEMGN,USP2
,LINC02314,OAZ2,VWF,SPTBN1
,BCL2L14,SWI5,PPP1R2C,CFAP97D1
,CD59,CDIPT-AS1,LINC00943,ZBTB20-AS1
,HIST1H4C,FAM81B,UBQLN3,ERICH2
,NPDC1,CEP170P1,C12orf57,MORN2
,TEX26,C20orf141,ATP5ME,FUNDC2P2
,SPACA7,CCT8,ARMC12,HYPM
,LINC01191,MFF,LINC00854,SPATA3-AS1
,H2AFJ,STMN1,SPEM2,LINC01676
,PDE1A,SLC25A3,RACK1,FAM209B
,ACRBP,SDHC,COX20,PDCL2
,FBXO39,HMOX2,RNF151,TBX18-AS1
,CEP112,AC097636.1,SH3GL3,WASF1
,CST13P,TSPAN16,AC007969.1,SPP1
,FNDC4,C9orf24,SPATA33,ANKMY1
,AC209154.2,FSCN3,H1FNT,AQP1
,ROPN1,BPIFA3,MAEL,FCN3
,CLPB,AC239803.2,TUBA1A,SPATA24
,UBQLNL,GHITM,ADIG,AC010325.1
,ACTL9,GNB2,SPACA7,NDUFA12
,GNG11,PECAM1,FAU,C5orf52
,LCA5L,SPATA33,DDX4,AC025524.2
,C9orf43,SDHD,TEX44,LINC01227
,PDXK,C12orf10,SPACA3,AC209154.2
,SWI5,CALR,ZNF124,TTC29
,MAEL,HEBP1,LINC01227,HSPA1A
,DEFB119,HLF,IQCF1,CYB5R2
,ZNF683,GRINA,PINK1,SPINK5
,NHP2,CCDC37-AS1,AL138785.1,LDHC
,TEX53,ROPN1B,HEXIM1,YPEL1
,DDX4,TSSK6,AKAP3,CENPU
,H3F3AP4,CCDC91,MRVI1-AS1,SPATA9
,PLCZ1,PTP4A1,CIRBP,RNF133
,TSPAN6,MDH1,TMA7,PPP3R2
,FAM92A,GRN,WASF1,ZNF683
,ADGRL4,G3BP1,CA4,PDHA2
,CYSLTR1,PA2G4,FCN3,C3orf30
,PDHA2,ARPC2,TEX26,HOOK1
,ROPN1B,LDHA,AC092666.1,GKAP1
,PRR30,SERPINB6,STUB1,PTMA
,CDKN3,RNF151,AL359853.3,EEF1A1
,AC025524.2,RRAGA,NUMA1,EFCAB1
,GKAP1,PSMB8,MAGED2,AC140479.4
,MAP3K14-AS1,ERG28,DDIT4,TEKT3
,LINC01667,SPACA9,MFAP3L,LINC00226
,SPATA3-AS1,LAMTOR1,IGFBP6,C5orf49
,SPATA6,MPC2,CCDC70,MS4A5
,RAB11FIP4,ARHGDIB,SPANXD,KIF2B
,CREM,RGS22,LINC02189,TM4SF1
,DDI1,C16orf82,DDI1,C7orf31
,PMS1,TPD52L3,CYLC2,IGFBP7
,AKAP3,MRVI1-AS1,PPP1R14A,AHNAK
,PTGDS,DNAJB8,SPANXB1,ALKBH7
,COX20,DNAJC5B,PRM3,SLCO2A1
,TSGA10,CSMD2-AS1,SEPT7P9,FSCB
,FAM46C,FAM71E1,RHOB,C9orf43
,LINC01304,ITM2B,ARHGDIA,TXNDC8
,EHD1,PHKB,BX119904.2,CETN1
,ADIG,TIMD4,RAB1B,SLIT1-AS1
,COX8C,MDH2,AL596275.2,ACTL9
,LINC00293,TPM4,HNRNPA0,C1orf100
,CEP85L,STOML2,CCL23,ACRV1
,C5orf52,DUSP23,SRSF9,SELP
,FAM209B,EWSR1,DDX5,OLFM1
,AL596275.2,FAM92A,ACAP1,RGS2
,VIM,SELENOF,CDKN3,MEIOC
,ASRGL1,SPACA3,AFAP1L1,TSGA10
,MFF,FAM71F1,MT-TP,IFI6
,LINC00710,CCDC70,MT-TE,TEX48
,IL13RA1,GABRG3-AS1,ACTRT2,GALNTL5
,PCYT2,PPP1R2C,HSPA4L,LINC01539
,SPARCL1,IQCF1,ENAH,AC097375.3
,OSER1,TCP10L,AL355357.1,AC004797.1
,DRICH1,TSPAN4,TEX53,RFPL3S
,C2orf88,C11orf71,TMEM179B,UBQLNL
,CNTFR-AS1,TCN2,COL6A2,LINC00293
,CXCL16,CCT2,TEX51,AL672043.1
,SPZ1,BABAM2,AKAP14,LINC02314
,MT-TW,ZFYVE21,AC109635.4,C3orf22
,RNF32,SERPING1,CCDC91,FAM71C
,AC104971.2,CYSTM1,SUN2,CA4
,ODF3L2,LDHB,CTSZ,ENAH
,AC004797.1,HLA-E,LINC01676,CCDC91
,SIRPD,SH3GL3,SPATA3-AS1,AFAP1L1
,C10orf53,UBQLN3,CYSLTR1,CXCL16
,AC097375.3,CMAHP,LINC01350,VAMP2
,ETS2,ACAP1,PPDPF,TIMP3
,DNAJA4,DGCR6L,GADD45G,NRIP3
,LINC01350,MFAP3L,PLCZ1,MORN5
,FSCB,FAM229A,ADAD1,SPATA17
,AC008267.5,HSPA8,UBC,KLHL10
,ZDHHC19,COPS5,ATF3,LINC01304
,ENG,HDAC1,CSRP1,MIR7515HG
,YPEL1,SARAF,SPATA18,YBX2
,TLE4,LINC00608,IL1R1,45726
,FAM220A,CT83,RALY,45912
,COX6C,FAM187B,KLF2,C9orf153
,PPP1R2C,TEX44,CDK4,CCDC179
,CEP170,RPN1,C10orf53,SPZ1
,MT-CO2,PPP1R14A,PPP1R15A,TEX36-AS1
,LRTOMT,MCRIP1,SELP,CST3
,STIP1,NDUFV3,LINC02314,SSX2IP
,CPXM2,CEP112,TMCO2,RGS22
,VRK3,TXNDC12,BRDT,PPM1G
,VWA3B,CST3,XAF1,RAMP2
,NRDC,HERPUD1,HOOK1,SPATA7
,TXNDC2,BLCAP,FUNDC2P2,PSME1
,TCN2,IPO5,FAM84A,AC018558.1
,HOOK1,IFI27,MT2A,TKTL1
,SPATA12,TIMM50,TPM4,PPP1R14A
,NRAV,RNH1,PNRC1,AC008267.5
,ARHGAP28,ATP6AP2,ELOVL2,MAGED2
,TSC22D3,NTRK3-AS1,TXNDC8,IGLC2
,SPATA24,C10orf82,CFAP97D1,AC104971.2
,SSX2IP,NUDT14,SNHG6,ASB17
,WASF1,RNF38,NDUFS7,SLIT2-IT1
,CCT2,GABARAPL2,JUND,DAB1-AS1
,IFT57,RAB5C,SEC14L1,TMCO5B
,TAPBP,PPT1,ATP5F1D,SPATA46
,SPATA9,C3orf38,MZT2B,SPANXN4
,LINC01676,EIF3M,PPIA,AC007681.1
,AC239803.2,RAB1A,KIF2B,ABHD1
,C3orf22,EIF3D,GBP4,CYSLTR1
,AC097375.2,TSC22D1,HNRNPD,GBP4
,TMEM53,FKBP5,SPATA9,TXNDC2
,AKAP14,SAMD4A,TBX18-AS1,CREM
,WASHC3,CXCL16,MAP3K14-AS1,SPATA12
,LINC00919,CCDC136,AC025524.2,CNTFR-AS1
,TXNDC8,ACRBP,HYPM,TBC1D21
,RFPL3S,ACTRT2,SIRPD,DRICH1
,LINC01539,SPANXB1,MIF,CSNKA2IP
,RBP7,COX7A2L,SAMD4A,TMEM210
,KLHL10,PIM3,IQCF3,COX7B2
,CTNNA3,C14orf119,CCSER2,LINC01667
,HMOX2,PCAT19,ZBTB20-AS1,C20orf85
,KNSTRN,SRP9,S100A6,AL157756.1
,ATP1B3,NSUN4,PRR30,PRSS58
,TTC29,BAG1,NES,SPANXN3
,PSMF1,MTCO1P12,TM4SF1,ZNRD1ASP
,BRDT,PPIC,BANF2,SPRY1
,OSBPL10,NDUFS2,LINC00293,HLA-C
,GLRX2,WASF2,PDIA6,JPT1
,GPX1,AQP5,LCA5L,NUCKS1
,HES1,C10orf53,SLIT1-AS1,RNF17
,EFCAB6,AKAP14,CD63,OTUB2
,IRGC,ROPN1,SMKR1,PECAM1
,IQGAP2,H1FNT,ITM2B,CAVIN2
,FDPS,H2AFJ,FLNA,ZBBX
,FAM120B,HLA-DQA2,SPATA7,LINC01723
,ISCA1,TEX26,FSCB,AC006012.1
,PIK3R3,CYLC1,IFITM3,LINC00710
,PPP4R1L,DDI1,S100A13,MACROD2-AS1
,FLII,HLA-DQA1,OST4,AC135977.1
,KIF2B,RNF168,VWA3B,AC008114.1
,ABHD1,NUCB1,MTUS1,LRRD1
,TMEM270,CLPB,SPANXN4,SYCE3
,C20orf85,SLC39A1,PIK3C2A,PP2D1
,FAM71C,ACP1,DKKL1,AC097375.2
,DZIP1,ANXA4,AC209154.2,LINC00927
,RGS22,KIF2C,GNAI2,HIST1H2BA
,LINC00927,ARPC4,FAM209B,TMEM270
,OTUB2,ATP5F1B,CRTAP,SPACA1
,DDX5,RUVBL2,TIMP2,RPGRIP1
,NSUN4,PLSCR1,RGS2,TSPAN6
,AL157756.1,OSBPL10,C2orf88,LY96
,TEX36-AS1,ESD,CALM1,FHAD1
,TBC1D21,TMEM147,GPIHBP1,ODF3L2
,ZDHHC3,CARHSP1,HIST1H2AA,FAM46C
,FAM71D,COX8C,RAB11FIP4,CTGF
,PRSS58,LINC01191,ODF2,TTC39A
,MIR7515HG,IFT57,ROPN1,C11orf65
,KLHDC3,CYC1,CCL2,ABCA17P
,BX119904.2,CLK4,ROPN1B,ACTRT3
,TEX48,SAMHD1,LINC01191,DOC2A
,LRRC8C-DT,TMEM204,CCDC169,UBB
,RNF38,TPST2,AC140479.4,C6orf201
,HSPA1A,TUBG1,EFCAB6,FKBP5
,MTFR1,C6orf99,PAGE2B,FAM220A
,PTTG1IP,TEX37,FAM43A,HLA-B
,NRIP3,THRAP3,RNF133,NME5
,NDUFA1,RNF138,IZUMO2,MAP1B
,MPC2,PRSS23,SPATA24,TUBA1A
,MORN5,RAE1,DYNLRB2,GNG11
,AC007681.1,DNAJA4,SSBP4,ARHGAP28
,ESS2,SPATA7,CENPU,CD34
,LRRD1,THSD7A,ANKMY1,FAM71D
,CCDC7,RHEB,RGS22,SPAG17
,AC135977.1,AP3M2,ACRBP,C9orf116
,C9orf153,NRDC,IL33,TSC22D3
,MT-ATP6,EEF1E1,CCT2,CSRNP1
,DOC2A,DDX20,TEX36-AS1,NFIA
,DAB1-AS1,SMKR1,SPRY1,KITLG
,TMCO2,RTRAF,FABP5,C2CD6
,RNF138,ELOVL1,IRGC,MT-TL1
,C3orf30,C7orf31,AL672043.1,OSBPL10
,ARL2BP,TMEM9B,MT-TS2,RAB3IP
,POLB,TALDO1,MARCKS,CCT2
,TBX18-AS1,PMS1,CLPB,NACA
,CCDC169,LINC00943,C17orf64,PPP1R32
,DCN,CCDC169,C3orf30,DNALI1
,IZUMO2,SPACA7,VPS51,LOXHD1
,NDUFA4,SCP2D1,LINC00226,MGP
,AC018558.1,JAGN1,VWA1,FBXO39
,NUDCD1,CSRNP1,TPM2,PODXL
,LY96,HP1BP3,HSPB6,EFCAB6
,AC103591.3,TUBB4B,TEKT3,JCAD
,S100A6,URM1,DNAJA4,HMOX2
,CFAP97D1,WBP2,LINC01667,DAZL
,FANCD2OS,PPP1R7,DRICH1,ZDHHC19
,C1orf100,DKKL1,CNTFR-AS1,AIF1L
,AL672043.1,ANKRD7,PCBP2,MPC2
,NUMA1,ASRGL1,BTG1,NRAV
,MEOX1,CD300LG,MYADM,PCAT6
,KIAA1257,LYPLA1,FANCD2OS,SWI5
,ZNF345,NUP98,COMT,ZNF704
,FHL5,SPATA18,SPACA9,PTMS
,NFKBIB,SSU72,COL6A1,MEF2C
,C5orf49,STMP1,PRMT1,LRRFIP1
,RPGRIP1,ARMC12,RERGL,HRASLS5
,HNRNPD,SPATA24,MYH11,ASRGL1
,ARPC5L,LINC00854,MIR7515HG,PMS1
,NARF,IQCF2,KLHL10,JUN
,HYPM,TMCO2,AC018558.1,MT-ATP8
,ERICH2,CYLC2,FTL,MT2A
,SLIT1-AS1,HEMGN,FXYD5,TEX15
,LUZP1,ACTR10,AC004797.1,NOSTRIN
,XAF1,CYB5R3,AC097375.3,IFIT3
,NQO1,ZDHHC3,CCL4L2,TTK
,CENPU,CCSER2,AQP5,GADD45B
,EIF1,TPP2,LINC01681,TPP2
,MKL2,MAEL,UBQLNL,PABPC3
,C6orf201,ISCA1,LINC01539,SH3BP4
,FAM110D,QARS,GALNTL5,ISG20L2
,PLEKHO1,SPINK2,C3orf22,IL1R1
,GALNT15,S100A6,C6orf99,AL451165.2
,TMCO5B,TMEM120A,PECAM1,FAM13C
,DGCR6L,TRAPPC3,LTBP4,REXO5
,EIF5A2,CHMP5,MMP28,CAVIN1
,CCDC179,DCAF1,FGFR1,BCAM
,DANCR,HES1,FCGRT,MSN
,TMEM210,HDLBP,CCDC136,KLF13
,NACA,EIF6,ATP5F1B,ITGA1
,CSNKA2IP,PRM3,PIK3R3,CCDC7
,POLR3C,SPEM2,BCL2L14,PDGFD
,CFAP43,LINC02189,SPATA46,CTNNA3
,LINC01723,AC109635.4,AP2M1,UTRN
,SPANXB1,TMED5,ERAP2,RNF138
,TPM4,SELP,TMCO5B,FAM104A
,PP2D1,ORMDL1,SPZ1,CD36
,CYB5R2,ADAD1,CCDC179,SYNE2
,SPATA4,ISG20L2,ZNF683,APOA1
,MS4A5,TUBA4A,VAMP2,PCYT2
,ATP5MD,ESAM,MS4A5,CCDC126
,CYB5R4,NUTF2,ODF3L2,CAV2
,SRPK2,CLDND1,RFPL3S,RAMP3
,PRDX2,MOSPD3,CTNNA3,CD2AP
,IL1R1,JAM2,SPATA12,AKAP1
,SAMHD1,DRAM2,FIS1,SPATA6
,KRIT1,MTX2,GPRC5B,FCMR
,BACH1,IQGAP2,F8,C2orf73
,PCAT6,DYNLRB2,UBXN1,CFAP43
,NDUFB1,EHD4,FAM229A,AMZ2
,ACTG1,PSAP,PDCL2,TUBG1
,KDELR1,GORASP2,VSIR,CCSER2
,ATP5MG,PRCP,LINC00927,PLPP3
,UBE2N,LGALS1,AC135977.1,UBC
,COL1A2,DDOST,RNF32,FAM107A
,RABIF,HSPA4L,LINC01723,LMNA
,45912,GPBP1L1,TUBA1C,OSER1
,CLIP1,TIMMDC1,DUSP23,PTP4A1
,CALM2,PPM1G,LRRFIP1,EHD1
,MIR202HG,LAPTM4B,CAPNS1,COL1A2
,SERPING1,HAGLR,SPANXN3,SEMA6D
,THSD7A,ELP5,CD34,TMSB4XP4
,SLIT2-IT1,YPEL1,DOC2A,WASHC3
,MACROD2-AS1,AKAP3,C5orf52,RNF38
,AC006012.1,ADIG,PDHA2,TLE4
,ZBBX,TCIM,SPATA6,GBP1
,C17orf64,CTNND1,SH3BGRL3,SERP2
,CSRNP1,HYAL2,ACTL9,STARD10
,CA4,GNG12,C9orf153,PLS3
,PABPC3,POLR1D,OTUB2,NFKBIB
,TIMP2,RAB34,DNAJB1,ARHGAP18
,LRRC27,ARHGAP28,DAB1-AS1,SETD9
,PDLIM1,OSTC,GSTP1,MKL2
,RAB3IP,VPS25,PFN1,RANGAP1
,PALMD,SCAMP2,C5orf49,WWTR1
,FBXO7,RNF216,FAM71C,MFF
,45726,ANAPC16,C9orf43,PPP1R1C
,LOXHD1,SSR2,ASRGL1,APOD
,HSPA4L,PEF1,PLCB4,CRIP2
,FABP5,GMPR2,ROBO4,NR1D2
,SERPINH1,SEPT7P9,PMS1,MKRN2
,MCRIP1,ODC1,ANKRD7,AC109326.1
,FHAD1,GKAP1,TRIR,UBE2N
,TXN,SPG21,IGFBP4,KIAA1257
,ZNF124,HLA-DRB1,IGFBP5,CCND1
,LINC00226,SF3B4,PKN1,KDM4D
,PPP3R2,CD47,LY6E,ARL15
,DDX20,IGF2-2,EIF4B,GAS6
,SEM1,IQCF3,AC008114.1,EPHX1
,RETREG1,CFAP97D1,ISYNA1,MTFR1
,PSME1,CST13P,LINC00710,FAM110D
,CR381670.1,GSTM3,C20orf85,CKS2
,SPINK2,LRRFIP1,MEIOC,HLA-E
,HIP1,ARF1,CCDC7,ACTB
,C2CD6,EIF5A2,FAM69B,PSORS1C1
,FAM114A2,BAZ1A,PP2D1,VRK3
,SETD9,HERC2P2,CD99,PABPC1
,C2orf73,FUNDC2,APP,GNAI2
,PPP1R36,PSMD8,AC097375.2,ADM5
,SRPK1,EIF3F,SDR39U1,ERAP2
,FKBP5,CCDC126,LMNA,MAPK10
,BAG5,GNG2,ACRV1,CNN1
,IFITM1,ARHGAP31,TTC39A,MGST3
,SLC2A3,GOLGA7,C1orf100,TIPARP-AS1
,GIGYF2,MED21,CLSTN1,CA2
,CYYR1,ARPC1A,SOCS3,ZNF385D
,RNF17,FAM107A,WASHC3,RBM3
,NOSIP,SETD9,TEX48,ESAM
,EFCAB1,MKRN2,EEF2,ITGB1
,BAG1,SSX2IP,ZFP36L1,FNDC4
,RFTN2,DEGS1,HLA-DQA2,TLN1
,CLK4,LTA4H,SPSB3,CPXM2
,PFKP,IGFBP4,AC104971.2,CRNDE
,AMZ2,SERTAD1,SGK1,ADGRL4
,ASB17,LCA5L,SPINK5,PLCB1
,ANKEF1,C2orf88,C8orf59,PPP4R1L
,AKAP1,SPANXD,SSX2IP,ATP1B3
,STPG1,FANCD2OS,CTSA,AL591846.1
,TNFRSF1A,ZFP36L2,SNORD3A,TAF9
,TPP2,BANF2,ZFAS1,RGCC
,AURKAIP1,LINC01350,FBXO39,LRTOMT
,SERF2,PRR13,MGP,CDH13
,TMEM255B,HNRNPF,NUDT3,KNSTRN
,RBBP8,RAB11A,ISG20L2,SLC25A37
,TIMM50,NME5,HES1,TPD52L1
,NFKBIA,ATP6V0D1,NENF,MT1E
,PHKG2,RNF141,LY96,GPX3
,DYNLL1,BRIX1,MT-ND2,KPNA2
,C12orf10,RHOA,FAM129A,CCDC110
,LCN6,RNF114,BGN,RETREG1
,FUBP1,POLB,45726,FUZ
,SAT1,NUDT21,PRSS58,GSKIP
,CBX3,ARL4D,C2CD6,IGHG1
,SPATA17,LUZP1,LRRD1,CLK4
,DRG1,ALDH3A2,LAMB2,CBX6
,CLPP,BCL2L14,CSNKA2IP,CCDC115
,SPATA46,TEX51,TXNDC2,CEP85L
,AC093752.1,NRAV,PDXK,HSPA1B
,VCP,ZBTB20-AS1,ASB17,DPCD
,DHX57,AC140479.4,LINC01304,CENPK
,DYNLRB2,AL596275.2,C6orf201,DEFB119
,SERPINB6,MAP3K14-AS1,COL18A1,CD59
,PPP1R32,AL355357.1,SPATA17,PSME2
,PITRM1,IRGC,TWF2,GNAQ
,GABARAPL1,ERICH2,IFI16,ELK3
,TTC39A,DNM3,BAD,MT-TY
,ILK,TRIM69,MT1E,ODC1
,DAAM2,CYB5R2,MT-TW,TEX30
,TAF9,MFSD1,SMTN,MARCKS
,NDUFV3,MTFR1,CD151,MEOX1
,IPO5,GSKIP,SMAD1,TPM4
,SRSF5,COPS3,CERS2,HLA-A
,AES,UFM1,ZYX,AL445524.1
,MT-ND4L,RAN,ABHD17A,EMP3
,PSMA7,IAH1,MORN5,IFIT2
,DNALI1,SPARC,HYI,APOBEC3C
,PTP4A1,BCL3,HLA-DQB1,AZIN2
,RN7SL2,LRTOMT,ARL4A,H2AFJ
,LARP1B,PDLIM1,HIST1H2BA,FTH1
,NDUFAF3,RPRD1A,USP2,GNAS
,ABCC4,KIAA0586,HRASLS5,HMGB1
,BRAP,STARD3NL,SLIT2-IT1,FAM92A
,ANKRD29,G2E3,C7orf31,TRIM56
,CALCOCO2,FNDC4,NRN1,SELE
,HRASLS5,TEKT3,AL157756.1,BGN
,CAVIN1,CLPP,GNAI1,CARHSP1
,DNAJC2,SEC13,OS9,FXYD6
,BCL3,ENG,RPGRIP1,ALDH1A1
,C11orf65,EMC3,DUSP1,CHURC1
,SPANXD,PCYT2,MPG,IGFBP5
,ACTRT3,EIF4H,SLCO2A1,NRDC
,ATP5PD,STRAP,MORN2,CNBP
,TNFAIP8,FAM46C,JPX,ARL4A
,PRELID1,FLOT1,SPATA4,ESS2
,DDT,MMADHC,NDFIP1,FHL5
,GPX4,UBE2J1,KLF4,CTSZ
,ZNF385D,GTPBP4,HSPA2,PTTG1
,HERC2P3,GIMAP2,ZNRD1ASP,ISCA1
,DPCD,ZPR1,CYB5R2,FOXP1
,ZPR1,TFG,AC010325.1,IFT57
,RANGAP1,RNF32,TRIM56,PRKAR1A
,VARS,MLF2,CHMP4B,HENMT1
,JPT1,HMGB1,PSAP,ARPC5L
,TRIP12,HSP90AB1,PRRC2B,FILIP1L
,PDCL2,ZFP36,ABCA17P,KHDRBS1
,DSTN,TMBIM1,AC008038.1,SERPINF1
,SPAG17,NELFE,REX1BD,JUP
,ZNF608,SIRPD,TKTL1,UACA
,HSPA1B,PRR30,GPR146,BCAT1
,NASP,TRIAP1,TAF9,KLHDC9
,G2E3,ERI3,PPP3R2,NORAD
,CCL2,AL359853.3,MCAM,STMN1
,RUVBL2,AC092666.1,EPB41L3,C2orf40
,AC092070.2,IZUMO2,TBC1D21,ZKSCAN1
,PAXX,BX119904.2,VRK3,ANXA1
,COX6A1,TEX53,HENMT1,THBS3
,SCAMP2,ATP6V0E1,CPXM2,DANCR
,GSTA1,LRPAP1,AC005912.1,EPB41L3
,C9orf116,VWA3B,LDB2,IGLC3
,HAGLROS,SDF2,SPAG17,ITGAE
,PPP1R2,COPS8,AQP1,GNB1
,HLA-DMB,GIMAP7,ERICH2,SPTAN1
,PPP1R7,EIF4E,JCAD,GID4
,HDLBP,WDR1,SETD9,PHKG2
,MAD1L1,TGFBR3,CHCHD2,FAU
,SPANXN4,NSMCE1,IL32,FAM111A
,UPF2,HOOK1,IGF2-2,LARP1B
,C1orf43,RAB11FIP4,TPI1,KDR
,CA2,CTSB,CAV2,CAPN2
,SERTAD1,BTG2,TSC22D3,HES1
,SPTLC2,NPC2,CD9,S100A13
,CEP57,NBAS,FLII,MYLK
,BAZ1A,EMP2,AC116533.1,MTUS1
,PRND,ZBTB1,NUDCD1,LAMA4
,MT-TP,TECR,NDUFA12,LRRC8C-DT
,CCDC126,GSN,RRAS,IL32
,LAMTOR1,ATRAID,CTHRC1,CELF2
,MOSPD3,SPATA6,LDHB,RAD17
,SPATA22,DNAJC4,BCAT1,TAGLN2
,HSPG2,PRAF2,TMEM210,PDE1A
,COX5A,BRDT,CCL4,FAM213A
,ZC3H14,ARL2,CFD,SMAD5
,CALM1,EHD1,P4HB,SECISBP2
,MPLKIP,SURF4,RABAC1,SOX4
,AP3M2,SLC25A39,CEP170,TUBB
,LRRC6,RBP7,ADGRA2,GSTA1
,DHX29,FUNDC2P2,NRIP3,DGCR6L
,GPI,PHKG2,CAP1,PPP1R36
,ELK3,HYPM,HSF1,CX3CL1
,CEP350,SPATA3-AS1,ZBBX,ITGA6
,TMEM179B,LINC01676,MACROD2-AS1,C11orf71
,CEP41,FAM209B,SAMHD1,MYCT1
,STARD10,TBX18-AS1,GKAP1,STPG1
,JAK1,RABIF,SOX18,CPE
,FBXW5,SLC20A1,SLC9A3R2,TIMP2
,RAB13,LSM4,SNHG9,PHTF1
,TECR,UROD,CA2,IFT172
,YBX2,FHL1,JUP,FOS
,CORO1B,MTCH1,C2orf73,MYC
,SH3BP5,BSG,CLK4,PPP1R16B
,AC010325.1,UBE2D2,RTL8C,TMBIM4
,ATAD1,MTCH2,PRKAR1A,OAZ1
,MEIOC,SPATA4,OSER1,HADHB
,RPN1,MTUS1,GNAS,HP1BP3
,CLDN5,ELOF1,TMED1,NTHL1
,RAC1,SLC25A6,CREG1,CEP112
,PAGE2B,AP1S2,TSGA10,ID1
,DNAJC4,ANKMY1,MYL12A,LAMA2
,KPNA2,CEP57,PSMB9,MT-TV
,C3orf38,SOX17,SPATA22,AK3
,FXR1,EBLN3P,PLTP,C12orf57
,CRBN,APH1A,LRRC37A16P,DYSF
,ZNRD1ASP,CREM,KLF13,BNIP3L
,SECISBP2,TSGA10,DAZL,ITPKB
,KARS,TOMM22,TPP2,TIAM1
,SLC3A2,ZNF22,TMEM270,DUBR
,ATP11C,CPXM2,EMC6,SERPINA5
,BCAP31,CNIH1,FAM71D,DDX20
,TM4SF1,PRDX1,ALDOC,NFKBIA
,PRKAR2A,PPP4R1L,SCRN2,NLK
,FAM104A,AC025524.2,MT-RNR1,PSMF1
,HEBP1,LINC01227,TSPAN6,ZNF124
,GSKIP,FBXO39,IL6ST,ITSN2
,CAP1,AC209154.2,DYSF,INSIG1
,ZNF366,ZDHHC19,PHLDA1,LGALS3BP
,ZFAND4,GYG1,COX7C,DRG1
,NUCKS1,ZFAS1,SDHD,CDH11
,RALGAPA2,JUN,USP15,KLF10
,NCBP1,EIF3E,TSR3,COL6A3
,BLCAP,CDC42EP1,ARHGAP28,KLHL7
,AFAP1,SIGMAR1,ACTG1,SNHG5
,SLC25A37,IFT22,HIST1H1C,RBP1
,TOX4,COPE,NQO1,DZIP1
,NUP98,PRDX4,PPP1R36,ISYNA1
,BZW1,PRDX6,FHL2,RASSF2
,GID4,TM2D2,TGFB1I1,HEXIM1
,SPACA1,COPB2,PABPC1,NFIB
,HSPA8,KARS,AAMDC,CD9
,KDM5B,KPNA2,FAM46C,AC007969.1
,CHD4,SERINC3,FNBP1L,CXCL12
,ACRV1,PPA2,EEF1B2P6,SPATA22
,NGLY1,SNRNP40,PPP4R1L,TRIM2
,SEC14L1,C10orf128,NR4A1,NGLY1
,OSMR,METAP1,EEF1B2,CMAHP
,ZNF91,AKR1B1,MAZ,FANK1
,NUDT2,CHID1,CD40,CRTAP
,HEY1,NFKBIB,TMEM243,BEX3
,ECE1,PLCZ1,DPEP1,PCMTD2
,ANKRD7,C17orf64,NUCKS1,IGF2-2
,RAE1,RANBP9,AC008267.5,TCF4
,TMEM38B,DPM2,COX7B2,MTDH
,AASDH,TMEM38B,KNSTRN,FAM198B
,CPE,OXA1L,RNF38,ATP2B4
,VPS35L,DEPP1,DEXI,IGKC
,C11orf71,PHB2,HMOX2,ANGPTL1
,S100A10,SRSF7,JPT1,TMEM126A
,COX7B2,BZW2,TTK,RHOU
,HSPA5,ZNF345,IGFBP2,KCNN3
,NUDT3,ECSCR,45912,RPIA
,STMN1,MAPK1IP1L,DNAH14,LINC01681
,ACTN1,PHF20,PSME2,BBX
,NSMCE1,AC007681.1,NDUFA11,ANKEF1
,ANAPC7,TXN,LAMA4,B9D1
,SERPINF1,GPX1,FAM92A,PSAP
,EPB41L3,ATF4,RAD23A,CALM3
,INPP1,AC008267.5,EVA1B,LIFR
,SLC25A33,ID2,CALCRL,ZC3H14
,IQCG,SPATA9,PTP4A1,MCTP1
,OAZ2,RNF133,KITLG,SPA17
,ALDH1A1,ZNF683,GNB2,FANCI
,FARP2,C3orf30,TTC29,SRSF5
,SBNO1,ESS2,THSD7A,GPX4
,MPHOSPH9,ZNF124,DHX29,SMOC2
,HSPH1,LIMS2,ABHD1,PIH1D2
,SUCLA2,ARMC8,LTBP3,IQGAP2
,SQSTM1,FRG1CP,LRTOMT,NFIX
,PSMG2,PPHLN1,C11orf65,APOL3
,CAPZB,TM4SF1,MEOX1,LRRC6
,MT-CO1,CLEC14A,PCAT6,SOCS7
,STAU1,TSEN34,TNFAIP8,RGS5
,JPX,MAGT1,IER5,ATP5F1B
,MET,TIAM1,HOXD9,CEP170
,SERPINB1,SYS1,NORAD,MAP3K20
,TMSB10,AC010325.1,TEX15,SLC25A6
,PTMA,ADCY4,RASD1,SELENOP
,PHF20,SSR1,SOX4,CALD1
,NBAS,YTHDF2,PRDX5,G0S2
,ZNF766,IMPDH2,APOL3,IL3RA
,BRK1,SERPINH1,PABPC3,C15orf41
,PAIP2,ELOA,SDF4,NOP53
,KDR,BUD23,ESM1,BTNL9
,UBE2J1,LMAN2,YBX2,YME1L1
,ZFAND3,USP2,CYR61,SPATA20
,SOCS7,THYN1,APLNR,APH1B
,MTUS1,NLK,STARD7,NSUN4
,FNBP1L,DPM1,NRAV,KIAA1210
,FAM198B,POLR2H,PROCR,PSMB9
,PLCB4,TXNDC15,ATXN2L,STIP1
,HIST1H2BA,BTN3A2,CD93,MYL9
,ZNF638,EI24,ACTN4,TMEM53
,SDHD,CTNNA3,C9orf116,COBLL1
,HIST1H1C,SPATA12,EPB41L4A-AS1,BAZ1A
,FAM9C,MAPKAPK5-AS1,TRIP12,MET
,ZMAT2,LINC00226,NDRG2,MT-TP
,RHOU,C5orf49,VAT1,C1S
,BST2,MS4A5,NTHL1,CTNNB1
,CENPJ,KIF2B,H2AFX,PKN1
,PLEKHA1,FAM120B,RNF17,SNHG7
,MIEN1,PSMC4,TFAM,HOXD9
,TUBG1,ADM5,PLPP1,SRPK2
,LBH,DNAJC2,CCL3L1,LTBP4
,C6orf89,ITGA5,CKLF,ARPC5
,PSME3,CDKN1B,SWI5,MPZL2
,CLEC14A,CDC42EP4,ABCC4,TIMP1
,FOXJ3,PDCL2,RANGRF,ATP11C
,PABPC1,CEP170,FAM198B,CEP41
,RNASE1,PIK3C2A,OLFM1,TNS1
,HENMT1,IFNGR2,PTOV1,EDNRB
,ABCD4,HK1,TOX4,GPRC5B
,TUFM,RAD1,GSTO2,LDHB
,BEX1,TMEM30A,PFKL,MMP2
,DEFB123,POLR3GL,HIST1H1E,EIF4B
,SRSF4,NCBP2,NDUFC2,IPO5
,HACD3,C6orf89,OSMR,APLNR
,ELOF1,PTDSS1,FLT1,SPCS1
,SLC39A1,VPS35L,ANXA11,FAM9C
,TCTA,FHL5,SYCE3,ZNF345
,FHL1,ALDH9A1,RHOU,ADD3
,MFGE8,ATP6V1A,FHAD1,ACTN1
,HLA-B,PLCB4,THAP5,FAM129A
,HAGLR,TM4SF18,RAB11B,RBBP8
,ATP6V1D,LOXHD1,LMO4,ZFAND3
,CLASP1,ABHD1,EIF5,BLCAP
,TFAM,FSCB,BACH1,ECM2
,MTCH2,TXNDC8,CITED4,FN1
,THAP5,NRIP3,IRF1,NECAB1
,VPS25,REEP6,COL15A1,DNAH14
,DDOST,CETN1,SRPK1,CIRBP
,RDX,OTUB2,EIF5A2,NUP214
,TXNIP,SLIT1-AS1,IMP3,ESM1
,TEX15,ACTL9,EMP3,ISG15
,PEG10,C1orf100,CD59,RABIF
,NUP214,ACRV1,NECAB1,RAPGEF2
,KIAA1210,TSSC4,KIAA1257,NRN1
,TMTC1,BAG6,ETFB,IFIT1
,NUTF2,CMTM3,PPP1CA,AC093752.1
,GYG1,PDHB,PODXL,MEA1
,ASB8,DCAF5,TSPAN4,ESYT2
,C2orf40,CCNDBP1,MTFR1,BACE1
,HK1,PCMT1,RHOC,PPP1R7
,RBM8A,NASP,IFT57,CYB5R4
,EXOSC4,PLEKHA1,MMP2,CLSTN1
,WDR3,ABCB1,BZW1,EID1
,LRPAP1,MFGE8,RALGAPA2,BEX1
,ARHGAP31,MALAT1,CYYR1,RAB31
,IFITM2,C5orf52,TNFAIP8L1,OBSL1
,NELFCD,LEPROTL1,TGFB1,RARRES2
,DDIT4,SLC25A11,PRKAR2B,H6PD
,45904,PDLIM5,BEST1,PSD3
,RSRP1,PSMD13,PTMAP4,NDN
,AP1G1,DNAJC15,NRDC,PRMT1
,CRNDE,FTSJ3,THY1,STEAP4
,XBP1,GOSR2,ATF4,AL353743.1
,MT-TL1,GABARAPL1,TNFSF12,PRPS2
,THBS3,SPATA17,CETN1,CDC42
,MYC,MAD2L2,METRN,CYYR1
,MAPKAPK5-AS1,ALG5,KDM4D,DHX57
,TMEM160,AGBL5,GIMAP7,NARF
,XRN2,B9D1,RDX,NSA2
,ARID2,DANCR,PHB,SLC25A33
,BUD31,RDH11,NDN,CCDC85B
,PCCB,HSD17B11,IL13RA1,SGK1
,TRNT1,CSTF3,KAT5,IQCG
,NABP2,TUBB,CDIPT,RACK1
,MYO9A,ITGB1,MXD4,ADGRG1
,VDAC2,ANKEF1,RARRES2,DDX5
,ERGIC3,EMCN,TIMP1,KAT6B
,RNF41,YWHAE,HIST1H1D,DPYSL3
,EIF2AK4,MAPRE1,BCL7C,PLCB4
,ITGA6,AP3B1,AHNAK,OLFML2A
,RSRC2,TSPAN12,G3BP1,LRRC27
,CDK4,ZNF436,CBX6,MSI2
,CHORDC1,DHRS7B,MTRNR2L1,SCARB2
,SYS1,PCGF3,COIL,MLLT6
,HMGB1,TEX48,CCDC115,INSL3
,ACTA2,PABPC3,PENK,ROCK2
,DNAJC15,GALNTL5,CYHR1,IL13RA1
,FBXW2,PGM2,SELENOM,NXN
,COQ8A,PSMA5,CREM,SPESP1
,ZFP36,RTL8B,ID1,FLNA
,IFT88,LINC01539,MFAP4,ODF2L
,TMEM219,C6orf201,CNN3,RASSF3
,RANBP9,AC097375.3,FKBP8,GLRX2
,NOLC1,AC004797.1,DDX17,FGFR1
,REXO5,RFPL3S,RFLNB,REEP6
,CKLF,ACTRT3,NDUFB1,HAGLROS
,ADGRG1,UBQLNL,NFIC,PSMG1
,YTHDF2,LINC00293,EXOC6,ATP6V1D
,EHMT1,AL672043.1,MTDH,FAM120B
,RPN2,LINC02314,CHCHD10,CXorf36
,SPATA5,C3orf22,ADAMTS9,HSPH1
,EIF4E,FAM71C,BAALC,ZFAND4
,PIK3C2A,HADHB,AC103591.3,TPD52
,ADGRA2,RTL8C,ZMYM2,IFI44L
,CNTRL,WRB,RBM42,H1F0
,IMMT,EBNA1BP2,RSRC2,ZNF280B
,CITED1,CCDC90B,CCDC126,RCAN2
,ANKRD26,IDH3G,EIF3G,ZNF608
,TRIM69,GMPS,STPG1,AC018521.5
,DIAPH1,CYSLTR1,TFPI,NDUFA13
,DDX17,NABP2,AC006012.1,SPARCL1
,EFCAB13,TM2D3,SF3A2,ATP5F1D
,MYOF,RBM7,CD83,MAD1L1
,AC109326.1,TCTN3,SHC1,THSD7A
,GOSR2,LY96,TLE4,ARL6IP6
,RRBP1,ENO1,PPP1R32,PAK2
,UBLCP1,STOM,FAM120B,KLF3
,RFTN1,COPZ1,LINC01578,SRPK1
,SUN2,SELENOW,ADM,CLIC4
,SLIRP,DCTPP1,DHX57,HIPK3
,ZCRB1,LCN6,PRKCSH,CDH5
,SELP,LRRC32,GLRX2,RRAS
,ZMYM2,TMSB10,ZNF345,ATAD1
,WDR20,KLHL7,SOD3,ANGPT2
,CUL2,APH1B,SLFN5,AC005912.1
,EMC6,SEC62,ATP8B2,SOCS2
,LIMS2,NUDCD1,BTN3A2,OSGIN2
,GAS6,ADRM1,GADD45GIP1,BLOC1S1
,MGST2,NOSIP,KHDRBS1,RSAD2
,TBCB,PSMB4,DPP7,NUP155
,CMAHP,C2orf73,CPE,MTMR10
,RNF115,SCCPDH,SERP2,TAF7
,DNAJC10,CCT7,KLC1,FMNL2
,PPP2R1A,TMEM50B,NME3,UBAP2
,PRDX4,PIAS1,FYTTD1,EFEMP2
,PINK1,C4orf3,TNS1,CLPP
,RNF7,LMBR1L,PLPP3,SC5D
,SPCS1,ZC3H14,CX3CL1,NID1
,TNFRSF1B,AAR2,EMD,CRHBP
,DDX39A,TRUB2,CFAP43,DOCK9
,EIF4G1,EFCAB6,PLSCR1,CDA
,NLK,PDHA2,H3F3A,HLA-DQA1
,CD300LG,TLE4,HPCAL1,INPP1
,TNFSF10,LTBR,CCL3,KLHL36
,MAP1LC3B,MGMT,MTCH1,GVINP1
,PAFAH1B1,WASHC3,XRCC5,IQGAP1
,ZNF675,PNO1,SNHG25,ATRX
,SH3BGRL3,HMGCL,PLD3,EPM2AIP1
,MGST3,MED13L,CBLN1,ETS1
,BAG6,KLHL10,USP22,AFAP1
,MORF4L1,NUP155,HSD17B12,COL4A2
,COMMD6,RPGRIP1,EHD2,NQO1
,CCDC90B,ZNF487,FXR1,VCL
,AC073861.1,ODF3L2,ENPP2,IDS
,TRMT112,SERGEF,TAP1,XIAP
,CEBPG,SDHAF2,PPP1R16B,MBNL3
,SELENOK,LINC01304,PPM1F,RALGAPA2
,TALDO1,MIR7515HG,GNB1,RAB5B
,GATM,45912,AAMP,CENPJ
,SRSF9,C9orf153,G0S2,45719
,F8,CCDC179,SLC25A3,NSRP1
,FAM76B,TXNDC2,UBE2N,MYO5C
,KANK3,CCDC110,ZNF385D,HSPA2
,TBX3,SPZ1,AC113935.1,NR2F2
,CAVIN2,TEX36-AS1,BSG,PIGP
,EIF4H,SNX5,ZFPL1,RFLNB
,APH1B,IQCG,RAB3IP,PPP1R15A
,TSPAN13,AAMP,PLXND1,WDFY1
,DAD1,MYL6B,GIMAP1,DNAJC18
,PARP14,FBXW5,KPNA2,PLEKHO1
,GNAS,PSMD11,COX10,HIST1H1E
,PHTF1,MVB12A,BUD31,PPDPF
,CCDC82,GNPTG,WWTR1,ELOB
,IFI44,ATP5PF,PTP4A3,PIK3C2A
,TMCC3,GGT5,BTF3,LMO4
,RTN3,GPI,NFIA,CHP1
,SRP14,FAM32A,CCDC107,DCAF1
,GPBP1L1,UQCRC1,MINDY2,TCN2
,LYPLA1,DDX4,IQCG,NFIC
,XRCC5,MIOS,ZNF100,PPIA
,CNN3,GIGYF2,NUP155,CYB5A
,RIOK1,PSMC3,NSUN4,GNG2
,LPIN1,CYB5R4,CEP57,DLC1
,ZDHHC20,RALGAPA2,CDC42EP5,HSD17B11
,FOPNL,CD58,ATG14,MCC
,MBNL3,ATP6V1E1,WDR13,ZNF292
,SLC16A7,ECE1,RPIA,EDF1
,STK24,ICAM1,ADGRG1,NR3C1
,SRP9,COMT,CXCL2,PFDN5
,FLT1,LDHC,KLHDC2,JUND
,MTX2,NUP37,ACD,FDFT1
,ARHGAP26,CLK1,BAG5,CMC2
,NUPR1,DCAF13,MGST3,IGFBP6
,UBA52,WDR43,OAF,PJA2
,SLCO2B1,MEX3C,C1S,DYNLL1
,SNRPE,DCTN2,KIAA1586,KRBOX1
,MTATP6P1,CNOT2,ESS2,ZFP36L2
,ARL4A,HEXB,CMAHP,IRF1
,EXOC6,MYL9,RNF130,IAH1
,PSMB5,MRTO4,PRMT5,METAP1
,TUBA1A,PIAS2,ACAA1,HMGN2
,ABHD2,TTBK2,IFT172,HHLA3
,TUBA1C,HAX1,ARID2,IGFBP4
,TIMMDC1,LCMT1,MRFAP1,SSBP1
,ENPP5,SRRT,SPACA1,NDUFB8
,ARHGDIA,UBLCP1,SRPK2,TNFRSF11B
,COX14,RNF5,ATP11C,MSMO1
,BAG3,WASF1,DLC1,QKI
,SDR39U1,SLC35G2,ANGPT2,GTF2A2
,CAV1,HCP5,ATP8B1,45902
,LRRFIP2,PPP1R32,NME4,BAG5
,EIF3I,AC104971.2,LCN6,EZR
,FATE1,RABGGTB,FANCI,RHOA
,SON,ZFAND4,PPM1G,MYADM
,GSTK1,ASB17,PMVK,MX1
,SOD2,SLIT2-IT1,NXN,HNRNPA0
,FAM13C,UTP4,PLEC,SVIL
,NDUFS7,DAB1-AS1,EXT1,PAFAH1B1
,CCT6A,TMCO5B,TNS3,SBNO1
,MTIF3,SPATA46,CYB5R4,NAV3
,AC007969.1,SPANXN4,NGLY1,EIF3E
,UQCRB,PEPD,GTPBP6,WASF2
,EDN1,SMAGP,RABIF,FXR1
,HERC2P2,RHBDD2,HAGLR,MSL1
,PSME2,SMIM7,CITED2,MMP15
,GADD45B,HADH,CLTB,IFIT5
,GTF2A2,MPZL2,RHOA,FBLN5
,EPS8,IMMT,PQBP1,ANKRD36
,LDB2,PDE1A,ATP6V1D,THRA
,SPANXN3,UBA52,NLK,COL15A1
,TAF12,PPP4C,DCHS1,CNN3
,RAB1B,DPP7,PALB2,TROVE2
,WARS,CUL4B,IL3RA,EXT1
,ARPC2,HIGD1A,DDX20,FAM214A
,CCDC110,GALNT15,SNRPB,ARRDC3
,GGT5,FAM45A,MAPK3,FXYD5
,SLFN5,TMEM53,NDUFA1,TNFAIP3
,ASAP1,SLC44A2,UBE2Q1,EIF4E
,PSMA2,C9orf43,EIF2S2,DYNLL2
,SPATA20,LYRM1,SECISBP2,FBXW5
,NDUFC1,PAPD4,ZNF358,ACP1
,ATP5PB,TTC29,SCAND1,COL6A1
,HSP90B1,PTMS,CEP112,SH3KBP1
,REXO2,RAD17,AC027644.3,LMO2
,HLA-DQA1,DERL2,SUMF2,TPRG1L
,ATP8B2,CAPNS1,CXCL3,CALM2
,SUPT6H,RAD23A,TPM1,RBBP7
,ACP1,PML,CHD3,LRRC58
,BEX3,CD40,SPARCL1,SEC31A
,EIF1B,MORN5,ZNF451,SCP2
,MT-RNR1,ST6GAL1,HIPK2,MT-TS2
,CETN1,GPS1,RCSD1,LIMS1
,EPAS1,MAD1L1,SNHG16,BCL3
,CLK1,MAN1A1,UXS1,WASHC2C
,COPS3,FAM9C,EFCAB1,PCNP
,PRPS2,TSFM,INO80E,SMARCA1
,SOX9,SHISA5,RNF187,BRK1
,PODXL,AKR1A1,CAPN2,JUNB
,EIF3E,CASP4,ELN,SAMD9
,ZC3H7B,ATG12,WDR20,PEAK1
,COX6B1,PFKP,ARL8A,ATP5ME
,AAMDC,TEX30,CXCL16,TPST2
,MCFD2,PSMB8-AS1,YIPF3,FAHD2B
,LARP7,COL15A1,EFCAB13,POLR3C
,INSL3,IL18BP,STK24,OSMR
,FANCI,AP1S1,LRRC17,CD63
,CERS2,TNFRSF1A,SLC22A17,PAM
,KLHL7,NOB1,ARL14EP,NCALD
,IFNGR1,FUZ,CCDC138,CCDC90B
,MIEF1,MAF1,ASAP2,UBE2D3
,BCLAF1,SDHB,DNAJC2,LDLR
,HSP90AA1,CNTFR-AS1,LSR,TM4SF18
,RARRES3,TBC1D21,MAPK10,DDA1
,ZNF131,DRICH1,TMEM109,MARCKSL1
,HNRNPK,CSNKA2IP,FAM220A,COL6A2
,ENAH,TTC39A,MLLT6,ANXA3
,EML1,TMEM210,ZNF503,CEBPD
,ADAMTS9,DNAJC18,AKR7A2,HLA-DMB
,SPESP1,LINC01667,APOL1,ATP5F1A
,SYAP1,C20orf85,LYPLA1,CD200
,HNRNPR,DOC2A,ACP1,INSR
,HSPD1,AL157756.1,SOCS7,ANP32A
,CFL1,PRSS58,MDK,RASSF9
,PDCD6,SPANXN3,RNF138,RNF130
,IL6ST,AK6,LAMP1,PLAT
,HYAL2,NGDN,UBAP2,GIGYF2
,SKP1,RELA,AC073861.1,ZEB1
,NBPF1,SHROOM4,GRHPR,MOSPD3
,PTTG1,COMMD7,MXRA7,COX5A
,CRHBP,NDRG3,EIF1,PDLIM1
,RBM3,TXNIP,ATP5PD,C10orf128
,ZNF22,IDH3B,GLMP,SQSTM1
,ABI1,ABCE1,IPO5,TMEM159
,REEP1,PPP1CA,TNFRSF19,ARL6IP1
,ATP5PF,EIF3H,EXOC3L1,GSN
,GPRC5B,CCNY,GALNT15,DDX6
,HMGN5,SAT2,SERTAD4-AS1,MOK
,LDHC,EIF4A3,CNPY2,TMED10
,NUDC,PPIL1,MAFB,EIF1AX
,DYNLL2,PDE2A,BECN1,GPI
,FKBP1A,ARPC5L,S100A4,PSMD6
,AC099560.2,CA2,PCMTD2,AR
,GUK1,NSL1,CAMK1,STAG2
,RASSF8,COPB1,C11orf1,AHR
,SMC1A,PSMA3,KXD1,ZNF131
,KLF4,SECISBP2L,SPOCK1,ZNF451
,TSG101,AC018558.1,ZFHX3,EXOSC4
,FXYD6,KLHDC9,EDRF1,RANBP9
,LDHB,C2CD6,STMN1,PLAC9
,LMAN1,C11orf1,ALDH2,BTG1
,ATP5MPL,OAZ1,TIE1,KLHDC3
,KMT2E,PSMC2,LEPR,RBPMS
,IRF2BP2,ZFR,LGALS3BP,SRSF10
,NDUFC2,BACH1,HIPK3,SNRNP200
,HIST1H1E,SPRY1,ARPP19,CAMSAP2
,AHNAK,SELENOT,CALHM2,WDR20
,TAGLN,PARVB,MVP,PRKAR2B
,UQCR11,ABCD4,ADAM15,EFNB2
,TMEM258,PPP1CC,SLC25A37,POLB
,TGFBR3,45904,COL4A2,SMARCA2
,KDELR2,CDKN1A,DUT,PRNP
,SOX4,SNX2,ACTRT3,FAM114A2
,SRP54,IFI44,RNH1,CEP350
,IFI16,MORF4L1,DDIT3,PCBP2
,JUND,ATP6AP1,IL11RA,COMMD2
,RGS2,LIPA,PPIL4,SERINC1
,ASS1,HPRT1,PURA,LYPLA1
,KLF13,PPP3R2,AL445524.1,MYH9
,DEPP1,SPATA20,DCXR,TBCA
,MAP1B,PACRG,GIGYF2,PIK3R1
,ZCWPW1,LINC01723,CSNK2B,AC022706.1
,CLDN11,PPP1R1C,AGPAT1,SNX9
,GART,AC006012.1,CENPJ,C12orf10
,ZFP36L1,45719,SLCO2B1,TRAK2
,PPP1R14A,TIMM22,HMGB3,COX10
,CTSV,LINC00710,SRRM1,BRAP
,HLA-DQB1,MACROD2-AS1,TRIM47,DNAJC2
,SWAP70,FAM71D,HEBP2,ZFAND5
,AC116533.1,AC135977.1,RN7SL2,ZC3HAV1
,EIF4B,AC008114.1,YY1,CD99
,POGLUT1,LRRD1,POLB,PDGFB
,NDUFB8,PP2D1,TRMT6,CDK6
,C19orf24,AC097375.2,CDC42,PTMAP2
,SCRG1,LINC00927,FADS2,COL4A4
,SPARC,HENMT1,FANK1,INMT
,ANXA1,TMEM270,APH1B,45911
,JUNB,SPACA1,AFG3L2,SERPING1
,APLNR,KIF17,CEP85L,MAGED1
,YBX1,PSMD6,NDUFB8,COX7A2
,JCAD,KXD1,DOCK6,PTPRM
,HSD17B12,COX14,HS6ST1,ZNF462
,G0S2,CCDC7,COL4A4,MYH11
,LPP,MYO9A,GPM6A,AAMP
,CLSTN1,TMEM42,FAAP20,FHL2
,COX7C,PRKRA,TBCA,FATE1
,ID2,ELOVL2,CTSD,OAS3
,SEC62,POLR3C,RNASE1,TIMM50
,PRRC2B,AMZ2P1,FGD5,FOSB
,CDH2,45726,RAMP3,BNIP2
,ACAT2,CCND3,PET100,FAM76B
,CTSA,FAM220A,LRRC8C-DT,KCTD20
,ATXN2L,ATP8B1,RCAN2,FADS1
,EDNRB,AKAP1,IRF2BP2,STAT1
,UQCR10,ZNF24,IFITM2,FGD5
,UQCRQ,EIF3G,RGCC,UQCR11
,AFAP1L1,ZNRD1ASP,RASIP1,GPIHBP1
,FOSB,DZIP1,SLC52A3,DOCK1
,CCDC186,DDX39A,NUP214,COL3A1
,NOSTRIN,SERP2,CCDC32,BMI1
,SMIM26,PRPF38A,UQCC3,PPFIBP1
,SNHG9,YBX2,ANXA2,HIPK2
,EVL,PAM,APLP2,PPP1CB
,APOD,TAPT1,IFNGR1,BACH1
,MMP15,ADIPOR1,MYLK,TFAM
,NDUFB4,EPB41L3,MPP1,PSMB5
,EGR1,KNSTRN,FOPNL,C11orf1
,C10orf128,45902,EDF1,S100A6
,PRMT1,NIF3L1,SELENOH,ANKRD10
,PRKAR1A,CAV1,EGR2,ACTN4
,GNG5,SLC25A37,AC090498.1,HECW2
,RAN,CXorf36,CARD10,RSRC2
,MINOS1,GSDMD,LOXHD1,PRDX4
,RAB8A,TBPL1,EIF3F,TRIM22
,IL33,CPVL,SERTAD4,MCRIP1
,PRKAR2B,FAM114A2,CHMP6,YIPF3
,AL136979.1,RACK1,NUBP1,C5orf15
,SNRPD2,BABAM1,LRRC27,FBXL3
,NPIPP1,MT-ND4,EMC7,NDFIP1
,C12orf57,GABPB1,UBE2V2,SYNE1
,PIN4,BCKDK,AC034236.1,ZDHHC3
,KITLG,DNAJB12,DLK1,H1FX
,MAF,CYP2R1,YPEL3,FILIP1
,DDX24,AL445524.1,PSMB8,HSF2
,APP,NUP50,YWHAB,CD81
,PSMD7,TNFRSF1B,NME5,DTX3L
,ROMO1,COMMD10,CXCL8,C3orf38
,IER5,YIPF3,MFF,DPYSL2
,RHOB,VSIR,CCNI,FBXO7
,TACC1,MIEN1,CUEDC2,MAOA
,TGFBR2,MKL2,PSMC1,TSPAN2
,TSPYL1,MYNN,PSMA4,CSGALNACT1
,ECHS1,SHARPIN,TMEM259,EIF4A2
,NDUFB3,RTCB,SRSF2,NIPSNAP3A
,PSMC1,EXT2,NAPRT,MCL1
,ATP5MF,DNASE1L3,PEAR1,VAMP3
,ITPR3,HNRNPA1,ITPR3,LEPROT
,C1orf115,PCAT6,KLHL7,RBFOX2
,SMC3,TBK1,DNALI1,DNAJC4
,TSC22D1,SLC16A7,PSD3,ZFAS1
,TCEAL9,SMC1A,PCGF2,AP2M1
,AC113935.1,PCCB,CDH11,NIPSNAP2
,TMBIM4,DHX29,DHX38,MINDY4
,PDIA6,TNFRSF11B,ASMTL,ST8SIA6
,HP1BP3,CIAPIN1,ALDH1A1,ARL6IP5
,TBCA,TMX2,ITGB5,VSIR
,ERH,SNX3,VASP,C1orf123
,RAB31,HAT1,HDAC7,RALY
,MEF2C,BCAT1,CEBPD,PEG10
,QKI,PSMG2,SPESP1,NT5E
,ATP5PO,MEA1,CTSF,PTPRK
,GNB1,TIPARP-AS1,TUSC1,SERPINE2
,NDUFA2,IFITM2,INSR,CD40
,LIFR,GFM1,TKT,ZFHX3
,HEXIM1,THBS3,LDHC,GZF1
,SNORD3A,HRASLS5,BX284668.5,CSRP2
,JAG1,RGL2,KDM5B,GIMAP1
,SUSD3,LDOC1,GNPTG,NDUFA11
,ARHGAP18,EFCAB1,NINJ1,TIMMDC1
,CXCL2,RBP5,SCPEP1,CYBA
,PHB,FIP1L1,ESYT2,ELP5
,COX7B,TSPAN13,HBEGF,SGCB
,MYADM,TWSG1,MT-TT,SAMM50
,COL15A1,MYL12B,ATG101,ZCWPW1
,HNRNPA0,XRCC4,SNX6,SH2D4A
,ATP5MC2,SQOR,CNBP,TJP1
,LSM1,MINDY4,FUBP1,SETX
,MYCT1,PRNP,ATAD1,PAIP2
,AIF1L,APOPT1,CPNE2,APOL6
,TMEM100,AHCY,CD300LG,ABI3BP
,USP22,TRMT13,HSPD1,HOOK3
,ZYG11B,STARD10,TRIOBP,45907
,HLA-F,SNHG3,CAVIN3,IFI16
,SPOCK1,SERINC1,DTD1,BCCIP
,APOBEC3C,C1R,CCND1,NUDCD1
,AC034236.1,AL451165.2,PTPRM,RFC1
,PDGFC,ATF2,GRAP,EPB41L4A-AS1
,AFG3L2,GNS,MTND3P10,GYG1
,EIF3M,ASB8,LUC7L3,MPC1
,NOP53,RAD51C,SHANK3,ARHGAP5
,SPP1,NSD1,TSPAN3,FTL
,HNRNPA3,MTATP6P1,PRNP,STOM
,KCTD12,IGFBP7,NUCB1,PEG3
,PPP1R15A,PSMB2,DZIP1,KIAA1586
,EHD4,UBL7,UPF2,HECA
,SMIM27,PTMAP2,IDH3B,MTCH2
,TMEM243,FTH1,FOXC1,CREG1
,MIR4458HG,NARF,FAM129B,AURKAIP1
,SSBP1,MTIF3,EIF1AX,PNRC2
,ESAM,LRRC8C-DT,TLN1,TCAF1
,LPAR6,HSDL2,PCAT19,SUCLG2
,SMARCD2,CENPJ,ECSCR,GJA4
,PFDN4,LPIN1,FRMD3,LRRC1
,UTRN,RAB3IP,PSMD12,KIF27
,WDR83OS,BOD1,PFDN5,RHOBTB3
,C1orf54,MBD4,LAPTM5,ZNF706
,ADGRF5,WDR20,MET,TIE1
,SOX18,MEOX1,ANKRD29,ITGA9
,SNRPG,RRP1B,RBBP8,EFCAB14
,SLK,STK16,B9D1,APP
,CTSZ,C1GALT1C1,SNHG5,HNRNPH2
,COX17,RPA1,TIAM1,TNFRSF1A
,NSRP1,EXOC6,ACO2,VAT1
,PLPP3,SECISBP2,SMDT1,TRMT6
,YWHAE,PIH1D1,NOTCH4,SUDS3
,ASAP2,PIK3R3,LAPTM4A,FARP2
,PTPRM,WDR61,RANGAP1,PELO
,NFIB,ERCC1,BAZ1A,CCNDBP1
,PRDX3,ARL4A,AP001324.1,HMGN5
,AL450405.1,ABCA17P,STX10,PLCG2
,ITPKB,SNAI2,SORBS3,45722
,CD52,SPCS1,PDGFB,SERPINB1
,PTMS,GSTO2,ACTA2-AS1,RTL8A
,SMARCA1,KIF1B,PPP2CB,DBF4
,FOXC1,SUCLA2,RETREG1,DHX29
,ENPP2,NDFIP2,PDE2A,CLTC
,RBBP6,SLC25A33,ZNF91,CLK1
,UQCC3,CDC5L,COL4A3,SRP9
,RSL24D1,RCN2,SIX5,TMEM59
,CDH11,IL11RA,TMEM53,CYP1B1
,RSL1D1,LIMCH1,C3orf38,FAM114A1
,RBX1,INTS14,ITPK1,CYBRD1
,SLC30A1,LRRC75A-AS1,FAM13C,SPATA13
,NDUFB2,SIRT2,C1orf43,HMGCS1
,TCEAL8,NACA,CYB5R3,SLC25A3
,ECI2,TMSB4X,CCDC110,LPIN1
,,XPR1,AL590867.2,C6orf48
,,CYTH1,RAD17,TOX4
,,RHOU,TMBIM4,GHITM
,,HACL1,OSBPL10,STMP1
,,CCNH,TEX30,CTSO
,,FAM135A,CCDC68,SASH1
,,TMEM242,RTL8A,SLC25A46
,,CSNK2B,ADI1,RDX
,,CEP41,SBNO1,DZIP3
,,RHOG,LGALS3,MIEN1
,,AHNAK,POLR2E,RAB13
,,ERGIC2,RASSF1,SERTAD1
,,FBXO3,AL590226.1,VARS
,,CMAS,NAA10,PIM3
,,BAG3,POLR2J3,SPDL1
,,DNALI1,HNRNPM,PDXDC1
,,SLC2A3,GSN,NSMCE1
,,TMEM128,CTBP2,USP33
,,COPG1,ZDHHC19,SELENOK
,,SNAPC5,XIAP,MTIF3
,,SPTBN1,HCFC1R1,NKTR
,,HLA-DPB1,REXO5,EIF2B4
,,NDUFV1,EIF4E,CDKN1A
,,PPP1R11,FHL5,GOSR2
,,MED27,EFNB2,EEF1E1
,,SPINT2,MAP3K20,CSTF3
,,CEBPD,GSTM1,CBLN1
,,RBM39,RANBP9,ZNFX1
,,YIPF1,EFEMP2,SH3GLB1
,,RBM3,CPSF3,ANAPC7
,,CRYL1,PDE9A,VMA21
,,WDR3,FANCM,MOB4
,,DCP1A,MOB2,CASC4
,,UXT,TNFAIP3,CEP57
,,XBP1,ANXA6,MAP4
,,C9orf116,MPHOSPH9,NKAP
,,TMEM99,TUBG1,HLA-DQA2
,,UBE2E3,BCCIP,ELOC
,,SPAG17,KIAA0586,SLC2A3
,,TIMM23,SDAD1,TES
,,OSCP1,ZNF593,BAG1
,,AL450405.1,CCZ1,MORF4L2
,,SPINK5,GABPB1-IT1,LYRM1
,,FOS,GSKIP,RNF168
,,TXN2,PNMA1,RAB6A
,,MANF,DAD1,COX7A1
,,C7,BPHL,ARHGAP26
,,SORBS3,PIGP,MPZL1
,,ATP6V0B,AC004057.1,EGFR
,,SLC25A17,VPS28,SCRN1
,,KRT18,CENPK,AL450405.1
,,MPDU1,ARHGEF1,ETS2
,,LRRC27,TESC,TGFBR3
,,SMIM20,SRM,ARPP19
,,SGF29,SPTBN1,ITM2C
,,OSGIN2,MYH9,FABP5
,,POLR1C,PSMB4,PHB2
,,ABCA5,ITPKB,DNAJA1
,,EFCAB11,MTA1,C11orf74
,,TAF2,CEP350,ELF1
,,PRKAG1,LTC4S,STX8
,,SDHAF3,PDGFD,FBXO21
,,MTAP,PCSK7,KIAA0586
,,CDC27,RBCK1,PCYOX1
,,ZNF100,PNPLA2,EIF3D
,,SF3B5,ISCA1,EPAS1
,,JTB,KCNN3,SLC3A2
,,NOP56,CAMKK2,GRHPR
,,ECD,UNC50,ARID2
,,HNRNPR,HTRA2,FAM210B
,,MSH2,IER5L,SCCPDH
,,CNN3,AASDH,RNF141
,,COL4A1,CD302,PLSCR1
,,TXNDC9,SERPINF1,PRCP
,,PDCD6,STIP1,NDUFV3
,,PAXX,UQCR10,SYNJ2BP
,,ACAA2,C7orf49,MPDZ
,,PSENEN,MYOF,RNF7
,,POP4,LRP10,TMEM18
,,CLIC1,JMJD8,MGLL
,,KDM4D,MIR1244-2,YWHAQ
,,ZFAND3,FAM98A,ADAMTS9
,,MPHOSPH9,ZNF766,HSPA9
,,PRPF4,NBL1,GIMAP6
,,AC005912.1,GID4,SUCLA2
,,FAM104A,CD81,NPDC1
,,SPA17,IDS,GTF2H5
,,VTA1,G2E3,MIB1
,,DNAL4,PTMAP2,LAMB1
,,CEBPZOS,HGS,RNF216
,,SNAPIN,MAF1,TMEM245
,,NME6,LITAF,CGGBP1
,,REEP5,DCAF1,SMC6
,,RETREG1,NUDT22,HSPA5
,,TMEM138,TMPO,PCCB
,,SNHG11,ANKRD36,TUBB4B
,,C2orf40,LIMA1,NDUFB1
,,FKBP10,NOP10,GSTP1
,,PRRG1,TBCB,OST4
,,DAD1,AK9,ZCCHC8
,,GIMAP6,FAM98C,RTF1
,,WDR13,CCNDBP1,DEK
,,BRI3,WDR74,SRSF6
,,AP3M1,TMEM199,HNRNPA2B1
,,COA3,IFI6,MYO9A
,,HSP90B1,GYPC,PTGIS
,,OBSL1,AIF1L,ATP1B1
,,DHX57,MTIF2,EPSTI1
,,C9orf16,AHCTF1,ADAR
,,BLVRA,ECM1,RUNX1T1
,,PEX3,SNRPN,MT1F
,,SH3YL1,TSPAN31,COX5B
,,GPN1,LSM1,TXNL4A
,,ATP6V1G1,FAM114A2,LIMA1
,,MGP,CRACR2B,PRKRIP1
,,CISD2,PKM,EIF2S2
,,SRSF4,CCDC90B,HSPE1
,,CADM1,ZFR,TRA2B
,,ARID2,SPHK1,EIF5A2
,,NUDT15,ZNF768,HOXD8
,,FRY,TUBB4B,CIR1
,,PLPP5,45908,PSMG2
,,CALHM2,MED13L,PPP4R2
,,TARDBP,PCCB,TRAPPC3
,,DERA,DDAH2,MYO1B
,,CD9,SPPL3,TTC28-AS1
,,GPAA1,SNX21,LMBR1
,,BTF3,YPEL1,SNRPE
,,YIF1B,HSF2,IFT88
,,CTSD,HMG20B,RGS16
,,MAPK10,FADS1,FAM171A1
,,ZNF160,MYL6,PTPRB
,,STK3,TP53I11,TESC
,,MT-ND6,SYNM,TMEM37
,,CEP350,GLUL,IL33
,,NXT1,LZTS2,HSPA8
,,SOX4,LDOC1,ST6GAL1
,,AC007969.1,LRRC1,B4GALT1
,,PINX1,PSMD7,CNOT6L
,,ARL13B,GOLIM4,TSC22D1
,,ABHD2,RGS3,MPLKIP
,,RNF13,THBS1,NHLRC2
,,CDA,LIX1L,TMEM183A
,,PARK7,GNL2,TCEAL4
,,SP110,PLAC9,HMGCR
,,NBN,TNFRSF4,RAN
,,NSMCE2,H6PD,IFT22
,,ANAPC10,TRIM28,SPOCK1
,,FARSA,HLA-DPB1,ZBTB20
,,SKP1,CCNY,H2AFZ
,,TDGF1,MLF2,MYO1E
,,BZW1,45723,RAB7A
,,CCDC138,RAB40B,HK1
,,SMARCAD1,ZNF280B,NASP
,,RANGAP1,GPNMB,APOLD1
,,MEIOC,ANGPTL1,SMAD1
,,GNB4,CTDNEP1,
,,CAST,CUTA,
,,RRP36,RASSF3,
,,EIF2D,ITGA9,
,,HEIH,ORMDL1,
,,BACE2,BRAP,
,,OXLD1,ISG15,
,,UTP23,ATP2B4,
,,NRGN,AL358472.1,
,,RSPH3,PRKDC,
,,HIST1H1E,LRRC6,
,,EMC7,TRNT1,
,,HLA-DQB1,DNTTIP2,
,,VARS,TMEM37,
,,CARD8-AS1,C12orf75,
,,STARD7,NSA2,
,,SPEF2,PDGFC,
,,GPR108,CYBRD1,
,,NDUFA1,TP53I13,
,,BACE1,GSDMD,
,,HNRNPH3,CRHBP,
,,PGAM1,RNF168,
,,NRBF2,LRPAP1,
,,TIPARP,HECTD1,
,,ELP6,RBM39,
,,UTP18,SRSF10,
,,LSM14B,TNFRSF14,
,,TMEM41A,DVL1,
,,AMD1,APOE,
,,ARPC3,DPT,
,,PHTF1,CLN5,
,,TSG101,APOLD1,
,,GPRC5B,PHYHD1,
,,PIR,NCOR2,
,,NOL10,ZBTB1,
,,MT2A,TSR2,
,,TLR4,FAM53B,
,,RND3,C5orf56,
,,GAS5,YWHAH,
,,LARP1B,CTBP1,
,,TMBIM6,AC109326.1,
,,ANKRD36,SRGN,
,,USPL1,TSKU,
,,ISY1,TMEM126A,
,,CENPU,GTPBP4,
,,GSTZ1,CST3,
,,SNRPC,TIPARP-AS1,
,,GNG11,ZFAND4,
,,C11orf65,CEBPG,
,,C17orf62,EHD1,
,,PSD3,PITRM1,
,,NAGK,PYCR2,
,,BRD1,TMEM18,
,,DYNLL2,PAFAH1B2,
,,H3F3B,DPYSL3,
,,PEBP1,UBE2D3,
,,HBS1L,TRMT112,
,,DPF2,NFIX,
,,COX6C,GPBP1L1,
,,SOD2,ZMAT5,
,,PLRG1,UQCRB,
,,UBB,RASSF8,
,,CWC25,LAMA5,
,,BCKDHB,C6orf141,
,,SYCE3,MSN,
,,TMEM140,FYN,
,,PITHD1,KRIT1,
,,E2F4,ATP6AP1,
,,SMC2,SIGIRR,
,,NUPR1,EID1,
,,ST3GAL1,FAM189A2,
,,GTPBP8,COPS6,
,,SUMO2,LRIG1,
,,MED23,GGA1,
,,CPSF2,STMP1,
,,RNF17,ZNF580,
,,RPAP2,GBP1,
,,CGRRF1,GVINP1,
,,PDE6D,AL451165.2,
,,CDK7,ALYREF,
,,SOCS7,KIF26A,
,,GID4,C17orf80,
,,TMTC1,NR1H2,
,,PARN,FAHD2CP,
,,SELE,HDGFL3,
,,TTC32,MRNIP,
,,CD36,ZNF384,
,,TOMM7,ZNF638,
,,NDRG2,MIF4GD,
,,SQSTM1,TPRG1L,
,,FABP5,PYCARD,
,,KYAT3,POLR3C,
,,PSORS1C1,THAP2,
,,TGFBR2,PIH1D2,
,,FMO2,KIF27,
,,HSPB1,AFF4,
,,GZF1,GTF3C6,
,,JUND,PLIN2,
,,EIF4A2,EBPL,
,,CALM3,AP002004.1,
,,CKS2,AFAP1,
,,FLT1,PAIP2,
,,DAZL,AMZ2,
,,C11orf58,CYSTM1,
,,VOPP1,MMP24OS,
,,TMEM33,TMEM54,
,,TMEM100,EXOC7,
,,ROMO1,HDDC3,
,,TJP1,ZNF608,
,,SERF2,NUP58,
,,IL33,CCM2L,
,,PTTG1IP,USP42,
,,MEF2C,NPTN,
,,HNRNPA3,ECI2,
,,PNRC1,GSTM4,
,,EMP3,TNFSF10,
,,ISLR,ACE,
,,ATP5F1E,AIP,
,,CHD3,ZNF322,
,,PRPF6,NUPR1,
,,TPM3,PLP2,
,,,FSCN1,
,,,C8orf82,
,,,PCYT2,
,,,ANKEF1,
,,,MMP15,
,,,ELOB,
,,,RCN1,
,,,PAM,
,,,METTL26,
,,,UNC119,
,,,MED21,
,,,NTAN1,
,,,SEMA6D,
,,,IL16,
,,,PCOLCE,
,,,ATP5PB,
,,,SIVA1,
,,,RING1,
,,,HEY1,
,,,RFXANK,
,,,RBPMS,
,,,TSPAN15,
,,,JTB,
,,,STAB1,
,,,RCN3,
,,,LUZP1,
,,,NOL11,
,,,UBXN4,
,,,YWHAQ,
,,,ZNF32,
,,,CLIP1,
,,,ZNF428,
,,,EPAS1,
,,,PITPNA,
,,,EVL,
,,,MAP2K2,
,,,ANKRD12,
,,,NCBP1,
,,,FMNL2,
,,,PAPOLA,
,,,NBAS,
,,,KAT6B,
,,,HSPBP1,
,,,DNAJC24,
,,,VTI1B,
,,,C10orf128,
,,,RARS2,
,,,DALRD3,
,,,MKRN2,
,,,PGLS,
,,,DCUN1D4,
,,,DPCD,
,,,ZNF22,
,,,SH3BP4,
,,,HLF,
,,,HSPH1,
,,,PPP1R14B,
,,,RBBP7,
,,,MPC2,
,,,EIF3B,
,,,XPR1,
,,,GPN3,
,,,MED30,
,,,EIF3D,
,,,RBM23,
,,,CTNNBIP1,
,,,MACF1,
,,,FLI1,
,,,45910,
,,,FDFT1,
,,,HS3ST1,
,,,CRYAB,
,,,KANK2,
,,,AKT1,
,,,HEXB,
,,,DRAP1,
,,,LARP1B,
,,,PARP14,
,,,SPIDR,
,,,TLNRD1,
,,,POLR2C,
,,,MAP3K11,
,,,ANXA1,
,,,DRG1,
,,,SAP30,
,,,SREBF2,
,,,PPP5C,
,,,VPS4A,
,,,ATXN7L3B,
,,,FAM204A,
,,,HES4,
,,,PRKD3,
,,,EFCAB14,
,,,AC026271.1,
,,,SRP54,
,,,NET1,
,,,SHOC2,
,,,MAP1B,
,,,AC099560.2,
,,,LIMS2,
,,,U2AF2,
,,,PTGS2,
,,,BROX,
,,,PIAS3,
,,,CHST12,
,,,ATP5F1A,
,,,ATP5MC2,
,,,RGS16,
,,,HNRNPA1,
,,,ARL6IP6,
,,,ARPC4,
,,,PDLIM7,
,,,WFS1,
,,,MAP2,
,,,KLF10,
,,,SLC10A3,
,,,ANKRD10,
,,,C22orf39,
,,,CHMP1B,
,,,APRT,
,,,SUCLA2,
,,,BTN3A3,
,,,GIT2,
,,,RASSF2,
,,,RELA,
,,,MLST8,
,,,PTGIS,
,,,CHORDC1,
,,,SMIM14,
,,,PGRMC2,
,,,NDUFB7,
,,,AMD1,
,,,NDUFA4L2,
,,,PRPF31,
,,,FUS,
,,,BEX4,
,,,SELENON,
,,,CD164,
,,,AHR,
,,,HINT1,
,,,CDC5L,
,,,SRF,
,,,FBXO18,
,,,TRAPPC2B,
,,,GZF1,
,,,TAF2,
,,,NDUFA10,
,,,OFD1,
,,,THRA,
,,,FAM104A,
,,,TMEM245,
,,,CIC,
,,,CDC42EP1,
,,,NOP58,
,,,NTMT1,
,,,PUF60,
,,,SFT2D1,
,,,DNASE1L1,
,,,BEX1,
,,,TALDO1,
,,,DHRS7,
,,,AC093752.1,
,,,PPP1R9B,
,,,NREP,
,,,TRAF7,
,,,ASAP1,
,,,FAM107B,
,,,DDX24,
,,,SEC11A,
,,,HIVEP2,
,,,MT1A,
,,,PPP3CA,
,,,RBM38,
,,,NECTIN2,
,,,FAM50A,
,,,BCAP29,
,,,CWC15,
,,,CMBL,
,,,RMND5A,
,,,TUBB,
,,,ARPC1A,
,,,ZFYVE21,
,,,BRD7,
,,,ABRACL,
,,,AKT1S1,
,,,TRIM2,
,,,RABGAP1,
,,,FRYL,
,,,KLF6,
,,,SLC15A3,
,,,SCARB1,
,,,PLK3,
,,,METTL9,
,,,HTRA1,
,,,HSPA12B,
,,,SMIM26,
,,,CD74,
,,,CALCOCO2,
,,,TOMM20,
,,,NUCB2,
,,,AR,
,,,NFKBIB,
,,,TAPBPL,
,,,AP1S2,
,,,VPS37B,
,,,TIMM8B,
,,,TMEM100,
,,,NDUFB10,
,,,CCDC82,
,,,AP1G1,
,,,RNF111,
,,,NKTR,
,,,PHB2,
,,,C21orf91,
,,,CYB561,
,,,POR,
,,,COL1A2,
,,,SH3GLB2,
,,,DEGS1,
,,,ZC3H14,
,,,NDST1,
,,,ELK3,
,,,UBA1,
,,,ACTN1,
,,,OSR2,
,,,NDUFV3,
,,,UNC45A,
,,,MAP1LC3A,
,,,NARF,
,,,RAE1,
,,,GPX3,
,,,GGTA1P,
,,,TMSB4X,
,,,MDM4,
,,,RRAGA,
,,,TSPO,
,,,PSMD6,
,,,IFI35,
,,,RGS5,
,,,AIMP2,
,,,TAX1BP3,
,,,LMCD1,
,,,NPIPA5,
,,,MARCKSL1,
,,,PLA2G16,
,,,PSORS1C1,
,,,CPNE8,
,,,TMEM47,
,,,CEP41,
,,,HDGF,
,,,FKBP10,
,,,G3BP2,
,,,EGFL7,
,,,RFTN1,
,,,ABR,
,,,TACC1,
,,,KRBOX1,
,,,LRRC8C,
,,,EEF1E1,
,,,ROMO1,
,,,ZC3H15,
,,,CSE1L,
,,,MYO9B,
,,,CSNK1E,
,,,HDAC9,
,,,DHRS3,
,,,CHP1,
,,,CTSL,
,,,ETS2,
,,,DNASE2,
,,,GADD45A,
,,,ZNF524,
,,,CDH5,
,,,CD99L2,
,,,OAT,
,,,DAB2IP,
,,,SNAI1,
,,,DPY19L1,
,,,RAB5C,
,,,TRIP10,
,,,FGD4,
,,,DAAM2,
,,,ARHGAP25,
,,,ARIH1,
,,,YTHDC2,
,,,ZNF704,
,,,MGST2,
,,,ZBED3,
,,,RANBP2,
,,,ARRDC3,
,,,FAM76B,
,,,PDCD11,
,,,ST8SIA4,
,,,NCSTN,
,,,RAN,
,,,GRPEL1,
,,,EMC4,
,,,CKS2,
,,,HIP1,
,,,CNOT10,
,,,CTSO,
,,,APOBEC3C,
,,,UBAP2L,
,,,DZIP3,
,,,POLR2I,
,,,SART1,
,,,SCD5,
,,,ECI1,
,,,PDLIM2,
,,,OLFML2A,
,,,COLGALT1,
,,,MINK1,
,,,AZI2,
,,,LYVE1,
,,,GNL1,
,,,CTDSP1,
,,,LHFPL2,
,,,CPLX1,
,,,MEF2D,
,,,FHL3,
,,,PALMD,
,,,PHF20,
,,,C1orf123,
,,,SET,
,,,PSMA2,
,,,ICA1,
,,,ILVBL,
,,,ZNF511,
,,,XRN2,
,,,CTSB,
,,,UBTF,
,,,TSHZ1,
,,,TNFAIP2,
,,,AGTRAP,
,,,RIPOR1,
,,,RPRD1A,
,,,CYB5A,
,,,HIBADH,
,,,MIR4458HG,
,,,MAP1LC3B,
,,,FAM212A,
,,,ARF5,
,,,SYF2,
,,,NRGN,
,,,SIPA1,
,,,MPLKIP,
,,,HNRNPA1P48,
,,,DCTD,
,,,NEK1,
,,,CLK1,
,,,TAX1BP1,
,,,NDUFS5,
,,,ARHGDIB,
,,,SPNS2,
,,,GANAB,
,,,DDX54,
,,,INSIG1,
,,,C1orf122,
,,,CCDC174,
,,,TMEM38B,
,,,MAT2B,
,,,FMNL3,
,,,CNN2,
,,,TRMT10C,
,,,MFSD10,
,,,PELO,
,,,SLC25A4,
,,,MAOB,
,,,THBS3,
,,,USPL1,
,,,CHST14,
,,,EIF4G2,
,,,AEBP1,
,,,STAT6,
,,,BAX,
,,,HLX,
,,,MGLL,
,,,TOB1,
,,,CTNNAL1,
,,,RAPH1,
,,,ZKSCAN1,
,,,GABRA2,
,,,GUK1,
,,,PTPRK,
,,,SENP1,
,,,NT5C,
,,,LRRC47,
,,,MOSPD2,
,,,IQSEC1,
,,,MYL12B,
,,,THSD1,
,,,CMC2,
,,,HSP90AB1,
,,,METTL14,
,,,CYBA,
,,,DNM1L,
,,,FLT4,
,,,DYNC1H1,
,,,DLL1,
,,,DIAPH1,
,,,ACVRL1,
,,,SLC44A1,
,,,BMP4,
,,,45909,
,,,CPSF2,
,,,MFGE8,
,,,ELF2,
,,,TMEM205,
,,,MDFIC,
,,,RILPL2,
,,,DGAT1,
,,,LYRM2,
,,,GNG2,
,,,COG6,
,,,ADRM1,
,,,EFNA1,
,,,ROCK2,
,,,RBX1,
,,,ARF1,
,,,TSPYL1,
,,,C20orf27,
,,,TOMM7,
,,,NOL8,
,,,B3GNT2,
,,,SMARCB1,
,,,FILIP1,
,,,AK3,
,,,CWF19L2,
,,,DNM3OS,
,,,WIPF3,
,,,ZNF267,
,,,NRP1,
,,,PPHLN1,
,,,PDLIM4,
,,,PDE1A,
,,,TNS2,
,,,DEGS2,
,,,SEC24B,
,,,SOD1,
,,,MYO9A,
,,,DAP,
,,,LRRC8A,
,,,NUP50,
,,,HSDL2,
,,,MSX1,
,,,NRBF2,
,,,MTCH2,
,,,METAP1,
,,,IQGAP2,
,,,ZFAND5,
,,,THUMPD3,
,,,CCDC25,
,,,DNAJC9,
,,,PHF8,
,,,GIMAP6,
,,,LAP3,
,,,SPCS1,
,,,RPAIN,
,,,LHFPL6,
,,,CNP,
,,,CDK9,
,,,MT-TL1,
,,,HMGB1,
,,,HMGXB3,
,,,THAP11,
,,,AHCYL1,
,,,SNAPIN,
,,,NR3C1,
,,,ICAM1,
,,,LMBRD1,
,,,CCAR1,
,,,TSPAN2,
,,,MVB12A,
,,,LAMTOR4,
,,,NKAP,
,,,FBXO17,
,,,EIF3K,
,,,SH3BGRL2,
,,,DNM3,
,,,CCDC92,
,,,SRSF11,
,,,RAB8A,
,,,GALT,
,,,CBX7,
,,,C19orf66,
,,,ADIPOR2,
,,,NDUFV1,
,,,WDR3,
,,,CORO1C,
,,,MAGEF1,
,,,KTN1,
,,,PSIP1,
,,,MYH10,
,,,TMEM183A,
,,,AC022706.1,
,,,PCYOX1,
,,,ETF1,
,,,STARD3,
,,,TMEM59,
,,,FAM174A,
,,,BRK1,
,,,SCRN1,
,,,NDUFB5,
,,,MAP4K2,
,,,PAFAH1B1,
,,,FADS3,
,,,BRD2,
,,,SCML1,
,,,TCF4,
,,,TUSC3,
,,,VDAC3,
,,,RIOK1,
,,,PLIN3,
,,,C5orf24,
,,,SLC16A7,
,,,DHPS,
,,,SMIM29,
,,,BEX3,
,,,SNRPA,
,,,PRKAG2,
,,,CRNDE,
,,,PLAT,
,,,ERF,
,,,NEU1,
,,,PRKAR2A,
,,,ATN1,
,,,GPATCH1,
,,,SELENOF,
,,,RPF2,
,,,POP7,
,,,IPO7,
,,,PPP2CA,
,,,RAB34,
,,,ORC3,
,,,SEC13,
,,,TMEM94,
,,,EEPD1,
,,,HIST2H2AC,
,,,BABAM2,
,,,BTN3A1,
,,,FRG1HP,
,,,GHITM,
,,,ING1,
,,,MAGEH1,
,,,CCDC124,
,,,TIMM50,
,,,WDR75,
,,,KAT2B,
,,,RCN2,
,,,SHISA5,
,,,POGZ,
,,,FBLIM1,
,,,ARHGAP26,
,,,YIF1A,
,,,HACD3,
,,,C19orf70,
,,,RBM3,
,,,TMBIM6,
,,,TMED5,
,,,MOSPD1,
,,,TES,
,,,DKK3,
,,,CMPK1,
,,,COX7A1,
,,,LAMC1,
,,,UFM1,
,,,GABARAPL2,
,,,CUL2,
,,,MORF4L1,
,,,SNAP23,
,,,NOTCH1,
,,,CDV3,
,,,SLC25A46,
,,,ABCA5,
,,,GPAA1,
,,,HHEX,
,,,BTBD10,
,,,DCTN2,
,,,FLNB,
,,,ORC5,
,,,FMC1,
,,,LYSMD2,
,,,ABCE1,
,,,BLOC1S4,
,,,NTN4,
,,,DDX21,
,,,TMEM140,
,,,FBXO25,
,,,FBXO34,
,,,PUM3,
,,,ABHD14A,
,,,NR2F2,
,,,ST8SIA6,
,,,PPWD1,
,,,ERH,
,,,ATP1B3,
,,,DECR1,
,,,SNX9,
,,,CARD6,
,,,PRKD2,
,,,PRPS2,
,,,C15orf61,
,,,FBXL15,
,,,TMEM159,
,,,MED13,
,,,HNRNPU,
,,,RAB8B,
,,,VKORC1,
,,,EIF2S1,
,,,DDX3Y,
,,,FBXW2,
,,,BLOC1S1,
,,,CFL1,
,,,SELENOK,
,,,PEBP1,
,,,FBXO7,
,,,ZNF675,
,,,ACADM,
,,,NAMPT,
,,,EIF5A,
,,,EHMT2,
,,,PHF3,
,,,RAB35,
,,,IFIT2,
,,,VGLL4,
,,,LMBR1,
,,,NDUFA2,
,,,TNRC18,
,,,CSNK1A1,
,,,ATF6,
,,,VPS26A,
,,,PSMF1,
,,,EHD4,
,,,CLSTN3,
,,,IAH1,
,,,PHKB,
,,,CTSC,
,,,ECSIT,
,,,WDR18,
,,,DNAJC15,
,,,HCFC2,
,,,ARID4B,
,,,HADHB,
,,,TK2,
,,,LDLR,
,,,CTTNBP2NL,
,,,YWHAZ,
,,,SUPT20H,
,,,FARP2,
,,,TRAP1,
,,,IFIT3,
,,,EXOC3L2,
,,,USP16,
,,,EMC10,
,,,ACAT2,
,,,CDK2AP2,
,,,CAT,
,,,45718,
,,,SAR1B,
,,,SPTAN1,
,,,SDHAF3,
,,,ARHGAP18,
,,,LMF2,
,,,NDUFB4,
,,,CDIP1,
,,,ARPC5L,
,,,EIF3E,
,,,NFE2L1,
,,,MSL1,
,,,CR381670.1,
,,,CLTA,
,,,EIF4G3,
,,,WDR1,
,,,PARP9,
,,,PRAF2,
,,,PEPD,
,,,BAIAP2-AS1,
,,,SPATA5,
,,,SVIL,
,,,LYST,
,,,ZCCHC8,
,,,MYCBP2,
,,,PITPNB,
,,,PHTF1,
,,,RPAP3,
,,,PPP1R7,
,,,RIOK3,
,,,ARHGEF3,
,,,ZFAND3,
,,,CCS,
,,,GTF2A2,
,,,ABI3BP,
,,,ENY2,
,,,PRPSAP1,
,,,CUL4B,
,,,IARS,
,,,ICE2,
,,,SYNPO,
,,,IMMT,
,,,ITGA10,
,,,PROS1,
,,,EXOSC6,
,,,CCT7,
,,,TBC1D2B,
,,,CAPZB,
,,,ZMYND8,
,,,UBALD1,
,,,CALD1,
,,,SASH1,
,,,KIAA0040,
,,,ING4,
,,,NRIP1,
,,,C12orf65,
,,,COX7A2,
,,,DYNC1LI1,
,,,TMEM120A,
,,,STK25,
,,,LIMS1,
,,,SLC50A1,
,,,RAB13,
,,,NDUFB11,
,,,FOXN2,
,,,UBAC1,
,,,HECW2,
,,,H2AFJ,
,,,EPN2,
,,,RAC1,
,,,ZCRB1,
,,,PSMC3,
,,,DANCR,
,,,PGRMC1,
,,,IGF2R,
,,,SLC25A1,
,,,ETFRF1,
,,,SEC62,
,,,KIFAP3,
,,,SLC20A1,
,,,APH1A,
,,,TANC1,
,,,RPAP2,
,,,FIBP,
,,,SFR1,
,,,45907,
,,,GLRX5,
,,,ACBD3,
,,,UQCRC1,
,,,GYG1,
,,,PDPR,
,,,CSDE1,
,,,TPD52L1,
,,,ZNF395,
,,,BBS2,
,,,MANBAL,
,,,TIMM17A,
,,,WWC3,
,,,CENPC,
,,,WDR43,
,,,COX8A,
,,,ZNF131,
,,,CSTF3,
,,,BRWD1,
,,,WDR82,
,,,CCDC80,
,,,AP3S1,
,,,PKIG,
,,,ARHGEF15,
,,,GRN,
,,,CAPRIN1,
,,,LXN,
,,,COPE,
,,,HSD17B11,
,,,TLE1,
,,,CCND3,
,,,RNF41,
,,,ARPC5,
,,,FAM241A,
,,,POLK,
,,,YME1L1,
,,,MZT2A,
,,,SDCBP,
,,,UTP11,
,,,AP3B1,
,,,CCT4,
,,,MYO1E,
,,,GPATCH11,
,,,GBP3,
,,,ATP5IF1,
,,,PRKRIP1,
,,,RNF4,
,,,SAMM50,
,,,MAP3K13,
,,,NIPBL,
,,,STX8,
,,,EIF3H,
,,,GRK5,
,,,PSMD1,
,,,DERL2,
,,,SH3BGRL,
,,,TERF2IP,
,,,FAXDC2,
,,,YWHAE,
,,,ESF1,
,,,TRMT1L,
,,,ARF3,
,,,EIF3M,
,,,VPS29,
,,,STRN4,
,,,PSMG2,
,,,LIMCH1,
,,,ATP1B1,
,,,C9orf3,
,,,DNAJC3,
,,,SPTLC2,
,,,NUFIP2,
,,,TCEAL3,
,,,ABHD2,
,,,DPYD,
,,,JAM2,
,,,GOLGA1,
,,,S100PBP,
,,,KIAA1551,
,,,IFNAR1,
,,,SOX7,
,,,IMPDH2,
,,,GAA,
,,,COX7A2L,
,,,NSD1,
,,,SPDL1,
,,,COX6B1,
,,,SWAP70,
,,,RTN4,
,,,TMTC1,
,,,KMT2A,
,,,LARP4,
,,,CMTR1,
,,,MPC1,
,,,PIN4,
,,,ERP29,
,,,TCEAL2,
,,,THRAP3,
,,,RSPRY1,
,,,HNRNPAB,
,,,METAP2,
,,,SEC61B,
,,,NARS,
,,,RHOG,
,,,HNRNPR,
,,,VEZF1,
,,,MX1,
,,,SLU7,
,,,TUG1,
,,,ZNF331,
,,,SUPT16H,
,,,FUT8,
,,,UTP20,
,,,PTTG1,
,,,MEA1,
,,,GLT8D1,
,,,PRDX4,
,,,MED4,
,,,CARD19,
,,,ACBD6,
,,,DHX8,
,,,UVRAG,
,,,DDX18,
,,,NOLC1,
,,,HLA-DPA1,
,,,DDX50,
,,,CAPZA2,
,,,ERCC1,
,,,ACSM3,
,,,PDCD2,
,,,NCK1,
,,,RNASEH2C,
,,,BCL7B,
,,,WAC-AS1,
,,,RNF141,
,,,ZNF366,
,,,HNRNPUL1,
,,,SNAPC5,
,,,CCT6A,
,,,FAM177A1,
,,,ZFAND6,
,,,AC092070.2,
,,,MTPN,
,,,TAPBP,
,,,CLGN,
,,,COPZ2,
,,,CSNK2A1,
,,,CKB,
,,,AC022400.7,
,,,IDH3G,
,,,TSG101,
,,,H2AFZ,
,,,RHEB,
,,,SOX17,
,,,KRT10,
,,,AKAP1,
,,,KRT8,
,,,SF3A1,
,,,TCF25,
,,,CWC27,
,,,CLDN5,
,,,PDHA1,
,,,CTSH,
,,,TSPAN12,
,,,LAGE3,
,,,C7orf50,
,,,CRYBG3,
,,,RUFY2,
,,,NAA15,
,,,COA3,
,,,ORAI1,
,,,GNG5,
,,,ZDHHC3,
,,,RNF216,
,,,UQCRC2,
,,,ZDHHC5,
,,,LAYN,
,,,SP110,
,,,CCNK,
,,,PFDN2,
,,,ZCWPW1,
,,,ASCC3,
,,,MDH2,
,,,ECHS1,
,,,DCAF12,
,,,TUFM,
,,,DNAJC10,
,,,HEIH,
,,,PNPLA8,
,,,NCBP2,
,,,RTN2,
,,,CCDC66,
,,,VPS35,
,,,PRMT2,
,,,ETS1,
,,,SCOC,
,,,NOC3L,
,,,SETD2,
,,,MTIF3,
,,,CD2AP,
,,,MED31,
,,,CDH13,
,,,EIF5B,
,,,HEG1,
,,,ATP6V1A,
,,,LAMTOR2,
,,,LARS,
,,,TAF12,
,,,TPD52L2,
,,,DIS3,
,,,MTA3,
,,,UBR2,
,,,AL118516.1,
,,,ABCB1,
,,,SACM1L,
,,,ID2,
,,,SOCS2,
,,,RGL2,
,,,IFI44,
,,,TMED9,
,,,ALKBH7,
,,,PIM3,
,,,HLTF,
,,,UQCRH,
,,,HMGXB4,
,,,TMEM141,
,,,GTF3A,
,,,MINDY4,
,,,TM4SF18,
,,,UROD,
,,,DCAF5,
,,,CD46,
,,,DEPP1,
,,,R3HCC1,
,,,OTUB1,
,,,AIMP1,
,,,GGNBP2,
,,,NUP37,
,,,ITGB4,
,,,ZNRD1,
,,,CHMP2A,
,,,SUDS3,
,,,PPFIBP1,
,,,POLR2B,
,,,POGLUT1,
,,,RNF125,
,,,EIF4A2,
,,,BUB3,
,,,PRPF40A,
,,,CUL1,
,,,PSMC6,
,,,MED29,
,,,SERPINA5,
,,,ZNHIT3,
,,,NAPG,
,,,PAPD4,
,,,SLK,
,,,CKAP5,
,,,PPP2R2A,
,,,STAU1,
,,,CWC25,
,,,DHX36,
,,,PLEKHA1,
,,,TUBB6,
,,,ECE1,
,,,ODF2L,
,,,MYNN,
,,,DDX60L,
,,,RASSF9,
,,,U2SURP,
,,,ADSS,
,,,AGPAT2,
,,,TBPL1,
,,,IFT20,
,,,COMMD3,
,,,TTC3,
,,,DUBR,
,,,BRMS1,
,,,IFI27,
,,,KAT7,
,,,EXOC1,
,,,CNOT2,
,,,MPHOSPH10,
,,,VEZT,
,,,ZNF677,
,,,FAF2,
,,,RBM25,
,,,MTF2,
,,,PTK2,
,,,AP2B1,
,,,ARL3,
,,,PTTG1IP,
,,,RBMX2,
,,,ARHGAP31,
,,,GART,
,,,HLA-DQA1,
,,,TROVE2,
,,,TWISTNB,
,,,N4BP2L2,
,,,TIPARP,
