ST-OA,ST-AZFc,ST-INOA_B,ST-KS,ST-INOA_S
TUBA1B,FTH1,PRM1,TUBA1B,C10orf62
MT-ND6,TUBA1B,PRM2,PCBP1,SPINK2
GAPDH,GAPDH,HMGB4,TUBB4A,TCP11
FTH1,UBB,MT-RNR1,PPIB,CRISP2
MT-TE,MT-TY,TSACC,GAPDH,SMCP
UBB,NECAB1,MT-CYB,FTH1,HIST1H2AA
TUBB4A,LINC01681,MT-ATP8,UBB,TNP1
PPIB,MT-ND6,EGR2,MT-ND6,LINC00919
PCBP1,MTATP8P2,MT-RNR2,SH3BP5,LELP1
LINC01681,TMA7,MT-ND6,EEF1D,TSACC
LINC01921,PCBP1,LELP1,LRRC75A-AS1,HMGB4
MT-TW,HIST1H4I,MT-ND4L,AES,PRM2
SH3BP5,PPIB,EGR1,SRSF9,PRM1
TMA7,PRDX1,LAPTM4A,STUB1,TPPP2
MGAT2,SH3BP5,MTRNR2L1,ITPR3,C1orf194
ARL2BP,MT-TE,FATE1,COX20,ROPN1L
NECAB1,SRSF9,H3F3B,TUBA1C,GTSF1
SUN2,MT-ND4,TNP1,CAMK1,AKAP4
ITPR3,MYL6B,MT-CO1,SUN2,MTATP6P1
LRRC75A-AS1,TUBB4A,MT-ND5,MT-TW,MT-ND2
PRDX1,MT-ND2,MT-ND4,ARL2BP,EEF1A1
AES,MTCO1P25,SPTY2D1OS,MYL6B,NUPR2
DAAM2,LRRC75A-AS1,SMCP,ACO2,MT-CO2
SRSF9,MT-CO1,CRISP2,MT-ND4L,CMTM2
EMC6,AES,JUN,LINC01921,BOD1L2
STK24,MT-CO3,TCP11,EMC6,MTATP8P2
EEF1D,MT-CYB,LINC00919,MGAT2,CAPZA3
PCSK6,MT-TH,CYB5R1,PRDX1,MT-CO3
COX20,PRM2,RNASE1,C4orf48,MT-ATP6
ACO2,LINC02367,FOS,SNHG6,MT-ND4
CERS2,COX20,SERPINF1,DDT,TMSB10
EMC10,OST4,MT-ND3,LINC01681,CDKN3
ATP5ME,STK24,DAD1,EMC10,MT-ATP8
TUBA1C,MTRNR2L1,ITM2C,TUBB4B,MT-CYB
OST4,MGAT2,FTH1,TMA7,MT-ND4L
AGPAT1,PRM1,C10orf62,TMSB10,DYNLRB2
CAMK1,SPARC,DECR1,SLC25A29,DKKL1
TSACC,MT-TW,TMEM59,DAAM2,TMCO2
MT-TY,MT-ATP6,SOX4,MIF,TRIM36
TTYH2,ARL2BP,MLF1,STK24,GTSF1L
NT5C2,ATP5ME,CIRBP,MT-ATP8,LDHC
HMGCS2,ITPR3,ACTB,PRELID1,PHF7
NTMT1,CAP1,TPPP2,C11orf96,TMCO5A
CLCN2,TPT1,CMTM3,PCSK6,SPANXB1
NDUFS7,EEF1A1,COMT,MZT2B,SPTY2D1OS
PHB,EMC10,ECH1,IER3,MYL6B
SLC7A4,NT5C2,CYR61,APOA1,AC010255.3
ACAT2,ATP5MD,C1orf194,MT-TP,OAZ3
SLC25A29,EEF1D,NUPR2,NHP2,ROPN1B
TUBB4B,MT-TR,EPPIN,NTMT1,CABS1
IDH3A,PCSK6,NINJ1,MT-ND4,MRVI1-AS1
STUB1,FRZB,CDKN3,NDUFS7,TMEM31
SLC31A2,ACO2,ID2,OST4,PPP1R2C
TMEM179B,CERS2,AKAP4,CLCN2,LINC00301
CALM3,USP22,SPINK2,PINK1,EEF1B2
NHP2,MIR202HG,RHOC,CERS2,C20orf141
PDIA6,SUN2,CFL1,MT-ND5,LINC01191
JPX,MT-TT,GSG1,ARHGDIA,IZUMO4
PSMD7,EGR2,ADGRG1,SLC31A2,RNF151
NUMA1,AZGP1,DYNLRB2,RASD1,TEX38
PRELID1,DAAM2,CD151,GAS6,CDIPT-AS1
ARHGDIA,TUBA1C,MYO1B,SDR39U1,MTCO1P25
MT-ND1,MT-TP,PHF7,HSF1,IQCF1
MYL6B,NHP2,CMTM2,NECAB1,COX8C
BUD31,EMC6,MTATP8P2,REXO1,FRZB
GSTM3,LELP1,CAPZA3,EGR2,SLC25A6
CTSV,MT-CO2,ATP6V0B,TPT1,MT-CO1
RAB1B,CTSA,ROPN1L,MT-ATP6,PGK2
ENTPD6,HMGB4,TEX264,PHB,SPANXN3
C11orf96,MT-TL2,VKORC1,SYNE2,TIMD4
TF,AKAP12,SYPL1,ID2,TCP10L
DDT,CLDN11,MYL9,ENTPD6,MTRNR2L1
AP2A1,INHBB,BOD1L2,ATXN2L,SPATA42
CAP1,C10orf62,CXCL2,RAB1B,CCDC196
MT-ND3,C11orf96,OAZ3,CST3,CT83
SNHG5,NUMA1,CDIPT-AS1,NUMA1,TPT1
CALR,MRO,MYL12A,MT-ND2,SPATA3
EMILIN3,SNHG16,ERG28,CCDC85B,VSIG1
USP22,PAIP2,CSNK2B,JPX,GSG1
PINK1,PHB,ABCA1,DDIT4,ROPN1
ACAA1,ACAT2,HSP90AA1,TMED1,UBL4B
CMYA5,STUB1,PRDX3,COX7C,BX119904.2
CTSA,CAMK1,GTSF1,AGPAT1,S100A10
TMSB10,HMGCS1,ITPR2,AMH,SPACA3
PRRC2B,PRELID1,TRIM36,TMEM179B,DNAJC5B
SPA17,COL1A2,CALM1,BUD31,ACTL7A
LDHC,MT-TS2,FAM236A,ATP5ME,INHBB
MIF,PDIA6,TMEM130,ACAA1,LINC00943
FDPS,PSMD7,TMSB10,RANGRF,C5orf58
TIMP1,AGPAT1,PCBP2,JUNB,AZGP1
AC244517.11,CMTM6,TUBA1A,CALM3,ADAD1
SDR39U1,BUD31,IGSF8,CCK,SPATA8
C1orf194,FOS,TPI1,GADD45G,DDX4
C5orf58,EGR1,CXCL3,MT-CYB,HMGN5
BECN1,HIST1H2AA,ATRAID,TMEM259,SPATA19
RANGRF,GSTM3,AL450405.1,CXCL3,TUBA3C
WFDC6,ADAM17,PCMT1,COPE,HORMAD1
GAS6,MAT2A,REEP6,SPA17,SPANXD
SYNE2,VGLL4,ULBP1,SOD3,TPD52L3
DEFB123,GPRC5B,SKP1,SLC25A6,C10orf53
SLC4A2,CEP170P1,SDHD,KIAA1210,BRDT
CETN1,TSACC,GMPR,TTYH2,CETN1
MAT2A,ARHGDIA,ACTG1,ZNF593,FTH1
ATP5MD,TMEM179B,ITPR1,SLC4A2,HLA-A
AMH,IDH3A,MT-TR,AP2A1,COX7B2
HDHD2,PRRC2B,MARCKS,ATP5MD,CSMD2-AS1
DDIT4,MTATP6P1,TMCO2,IGFBP7,PAGE2B
SPARC,REG3G,KDELR2,MAZ,TEX35
MT-RNR1,ENPP2,FOSB,PRRC2B,CYLC2
AC098679.1,SYNE2,MLC1,ACAT2,C17orf64
FAM229B,VIM,IZUMO4,NT5C2,ERICH2
MT-TL1,BECN1,BRK1,CXCL2,TSPAN16
LINC01760,JPX,PRMT1,GUK1,TEX37
SEC24C,PDZRN4,NFIB,JUN,LINC00854
HMGCS1,DDT,GTSF1L,BOD1L2,C1orf100
MAZ,TMSB10,TIMP1,ZFP36,ACSBG2
SPINK2,SDR39U1,MYL6,FDPS,FAU
WSB2,INHA,TMED9,NR4A1,PROCA1
SCRG1,IGFBP7,FAM229B,ATP5F1E,TBX18-AS1
ADAM17,SPATA22,FKBP1A,HSPA1A,NFIB
ANKRD7,EEF1B2,SUMO2,MT-ND3,PDCL2
WDR6,SRP9,TMCO5A,ISYNA1,SPANXN4
HSF1,AP2A1,KCTD13,CENPV,HEMGN
TMEM200B,FDPS,GADD45B,MEA1,LAPTM4A
SPATA8,ENTPD6,RNF125,MIR202HG,MT-TC
RPAIN,RAB1B,FAM71E1,AC244517.11,MT-TP
GPRC5B,RIMS4,TEX38,ADRM1,IQCF2
TMED1,SLC4A2,SPANXB1,WDR6,TEX46
MT-CYB,SELENOP,MT-TE,MT-CO1,AL365357.1
LSM1,STAR,LDHC,TMEM200B,HIST1H2BA
CCK,VSIG1,HIST1H4C,TSSK2,AL450405.1
CST3,DCN,ROPN1B,SPSB3,DDI1
HSD17B12,CALR,ANKRD7,AL450405.1,PPIA
CST9L,CALM3,CCDC54,CYR61,RACK1
FLII,HSD17B12,UBE2N,SNHG25,SPATA4
MT-ND2,CCDC141,ATP6V1G1,MT-TY,SPANXN5
CALM1,CST3,TCEAL7,TOMM7,TEX101
INPP5A,SMCP,ATP6V0E1,U2AF2,C12orf54
NDUFA2,WSB2,TMEM31,INHA,TEKT3
TIMP2,HDHD2,DDOST,PPDPF,ACRV1
ST5,SLC25A6,CABS1,NDUFA2,GSTA1
MEA1,SNHG6,S100A16,ATP5F1D,EGR2
SNHG6,PINK1,SUSD3,HDHD2,RNASE1
CDK4,UQCRQ,ARL4D,LRWD1,HNRNPA1
HIST1H4I,SAT1,EWSR1,IDH3A,REG3G
MALAT1,ST5,FSTL3,EEF1B2,FAM209B
C20orf24,TUBB4B,PPP1R2C,SEC24C,SAT1
DKK3,CLCN2,IFI27,PRMT5,LIMCH1
FXYD6,NTMT1,LINC00467,MT-TS2,UBA52
TSSK1B,AKAP4,LINC00301,SLC7A4,EIF4G2
BRF2,MYH9,C20orf141,CCDC85C,PNRC1
CCDC28B,NDUFA4,AC010255.3,MTATP6P1,EIF5
EGR2,INPP5A,TBCB,CRTAC1,TOP2A
KCTD13,TMEM200B,DKKL1,BECN1,COX7C
TBC1D14,DDAH1,LEMD1,C20orf24,ENPP2
REXO1,HNRNPA0,GPX4,HMGCS2,AKAP12
NRXN1,MT-ND4L,SPACA3,FOS,CFAP97D1
PIGF,TPPP2,SPATA33,GADD45B,CNTN1
CLDN11,UQCRH,DUSP1,ZDHHC4,CYR61
MTATP8P2,NUDT3,LINC01191,INPP5A,GAPDH
BEX3,NDUFS7,RNF151,C16orf58,ATP5F1E
C8orf59,CPE,COX7A2L,PLAC9P1,UQCRH
TSSK2,NTN4,EGR3,HEXIM1,VDAC1
PRM2,MT-ATP8,AC087521.1,CHCHD10,C12orf50
AC010325.1,PROCA1,MTCO1P25,CDK4,EGR1
AL133499.1,CCDC54,IQCF1,PGAM2,RBP1
TAX1BP1,TBC1D14,SPINT2,UBA52,SPATA33
PAIP2,MT-TV,RNH1,RPAIN,AC239803.2
SLC7A5,S100A10,SPACA9,USP22,GLO1
PRMT5,LRRN3,C10orf82,NOP53,C15orf48
SNHG16,FAM169A,SGCE,CHCHD2,RBM3
C16orf58,CR381670.1,PCSK2,CARM1,C6orf99
KLHDC2,SLC25A29,TIMD4,PRDX2,CEP170P1
CARM1,COX6A1,CCDC196,PPP1CA,VIM
PFDN5,C20orf141,ALKBH7,TNP1,FOS
POLR2I,SRSF5,RNF5,EGR1,ZFAS1
ZDHHC4,MAZ,CLIC1,CALR,PEBP1
RIMS4,NSG1,SPANXN3,TAGLN,CHGA
PRDX2,EIF5,RPN1,MT-CO3,FOSB
HIST1H2AA,LINC01921,OAZ1,ATG101,LCA5L
VTN,SELENOK,ELP5,TRAP1,RNF32
CNOT1,PLIN3,IER3,RALY,CSDE1
MAP1B,TCP11,ABHD4,NDUFB1,HSP90AA1
VGLL4,ZDHHC2,HLA-DPB1,GAPDHS,MYH9
ATXN2L,WDR6,PROCA1,KCTD13,EEF2
APOA1,GNG2,BEX3,OAZ1,TOMM7
PET100,B2M,TPT1,MAP1B,LRRN3
MSMO1,TRIM55,TMEM230,CCDC28B,SNHG8
NOV,MT-RNR2,HLA-A,SNRPB,EID1
PSMC1,TIMP2,SPATA4,NDUFS5,FAM71E1
OOSP2,SLC31A2,PPP2R1A,EFHD2,SOX2
U2AF2,HNRNPA2B1,PGK2,TBC1D14,MT-TE
SELENOK,JUNB,NUTF2,DUSP15,TPM3
PPP1R1B,BMP2K,THEMIS2,MT-TT,TEX26
KRBOX1,CCDC196,MED25,MALAT1,BTF3
PTGDS,TMSB4X,SPATA42,ETNK2,YPEL1
PGAM2,SRSF2,AARD,CXCL1,CCNI
PKD1,CABS1,MVP,BAIAP3,FBLN2
CP,AMH,CT83,AIMP2,MT-TT
IDH1,IQCF1,TCP10L,CTSA,SNHG6
DNAJC14,ZDHHC4,APH1B,REEP6,DNAJB1
PSKH1,COX7C,AC239803.2,MAFB,HNRNPA2B1
ADRM1,PRDX3,VAMP2,CKB,MT-TH
ETNK2,HLA-DRA,MDH1,MINK1,EGR3
NAT8L,ZFP36,RND2,RIMS4,DHCR24
NR0B1,LIMCH1,MRVI1-AS1,IQCF5,PTGDS
PRAF2,GTSF1L,GOLGA8B,FBXO18,MYL6
KIAA1210,PCBP2,DNAJB1,VPS51,CFL1
CAND2,TEX37,SPATA3,OBP2A,CLIC4
SLC27A3,AC022075.1,DCUN1D1,P4HB,A2M
SNHG9,CENPV,MERTK,PDIA6,PRDX6
FADS2,PEG10,ERP29,PDXK,PTMA
DHH,SRSF6,PSMF1,RBP1,ENO1
ACTG1,PRPS2,UBL4B,CSTB,ABCA1
C22orf23,HSF1,SFT2D1,MAT2A,CTTN
MT-TH,HNRNPD,ATP6AP1,FAM173A,JUN
AC010980.1,NFIB,UROD,CLTB,LINC01681
BMP2K,IDH1,SNRPN,MMP28,NACA
GAPDHS,RPAIN,PSMA5,SLC7A5,SLC27A6
FBLN2,ZFAND5,HES1,PFKL,NCL
FBXO18,HEMGN,HMGCL,ACTA2,TMEM59
COX7A2,DHCR24,SDHC,FBL,DUSP1
TMEM8A,LSM1,CPE,LSM1,MIR202HG
CLN5,CNOT1,GSTA4,OBSL1,MT-TR
TOM1L1,MAP1B,DNAJC5B,DVL1,SULF2
MT-TC,C8orf59,ACTL7A,DEXI,ANKRD7
TCEAL7,FSTL3,FTL,H2AFX,HP1BP3
IQCF5,JUN,DNALI1,C8orf59,SOX4
DYNLRB2,KLHDC2,AUP1,GSTM3,CXCL2
CRNDE,PLXNC1,LIMA1,VGLL4,UBC
TUBA3C,MARCKS,LINC00943,MT-TH,TPM4
BRICD5,DUSP1,LOXL4,AL133499.1,PHGDH
SUMF2,MT-TM,COX7A2,AC098679.1,SPARC
LRIG1,ABRACL,APH1A,SNHG9,ELOVL4
CKS2,MGP,FRZB,AC027644.3,EIF4A2
MYLK,DDIT4,TMEM14A,DBP,ATP5MC2
LY6K,CAND2,PHKB,FXYD6,CCDC54
FMC1,NT5E,SOD3,ZFAS1,WIPF3
APP,IFI6,LEPROTL1,UBL5,CXCL3
HEXIM1,CYLC2,MLF2,DHH,HSPA1A
LYPD6B,HNRNPK,RTL8C,ZNF428,NSG1
ETFRF1,HEXIM1,ROPN1,PSMD7,ODF2
PSMA2,NDFIP1,ECHS1,PKD1,PHLDA1
AIMP2,ADIRF,LGMN,SUMF2,VCAN
ISYNA1,CRISP2,FADS2,KLC2,CDC42
COL1A2,PPIA,SPATA6,TSPAN17,CHCHD2
CCZ1,SNHG5,SYNE1,GALK1,MTCO1P12
CNPY2,TTYH2,CEP170P1,DEFB123,MT-TS2
FAM169A,JAK1,SPATA19,MMP15,ZPBP
CKLF,RNF151,RPN2,C1orf122,YWHAZ
BBIP1,C20orf24,SDC4,SNRNP70,SRSF5
TFRC,SUMF2,SNHG5,POLR2I,YBX1
CENPV,NR4A1,HIGD1A,MCRIP2,CTNNAL1
PRPSAP1,CYR61,AMZ2,ZSWIM8,ATF3
FUZ,NDUFA2,ERICH2,EIF3G,PTBP3
SMIM27,IFITM2,NCSTN,MGLL,IDI1
FAM53C,ILK,RER1,ZSCAN16-AS1,FSTL3
TRAP1,PRMT5,DAXX,C15orf61,CSTB
TTYH1,CDK4,BX119904.2,SQSTM1,C1orf122
MTATP6P1,RASD1,ACSM3,POLR2L,ULBP1
CHGA,SH3BGRL,MT-TH,SCAND1,CRNDE
PPP1CA,ABCA1,PSMB5,SMIM27,NDUFB11
SLC7A6OS,LINC00919,SPANXD,YIPF2,MT-TD
RASD1,IER3,PRRC2C,HSPA1B,HSP90AB1
MT-TI,C1orf194,ARF4,H1FX,ATP5F1D
IZUMO4,FXYD6,SUCLG1,UBC,SLC25A3
ELOVL5,MTCO1P12,PNRC1,ST5,PPP1R15A
SRSF5,ACTL7A,KLHL23,DUSP1,MT-ND1
AL450405.1,RHOB,PJA1,IER5L,ACE2
HMGB4,ZRANB1,C11orf71,ILK,NPM1
C15orf48,SQSTM1,SPCS1,SNHG16,MYL12B
PTTG1,KIAA1210,BLCAP,MT-TE,CLU
C4orf48,MT-TG,TMEM205,KLHDC2,VAMP3
ZRANB1,PPP1CA,GNPTG,SLC1A6,ATP5F1C
CTGF,SEC24C,HEXIM1,SRSF2,NIPSNAP2
MMP15,CCDC85C,DUSP11,HNRNPAB,SRRM1
FAM102A,CTSC,TEX35,STK11,KITLG
CALD1,PFDN5,DDR1,C12orf75,GNAI2
NT5E,ITM2B,WDR1,TAX1BP1,TMSB4X
APH1B,TMED1,MPC2,TIMM13,GADD45B
DHCR24,C1orf43,RNF141,DRAP1,BTG1
CSKMT,GSG1,ACSBG2,PSKH1,HSPD1
FBXO11,ITPR1,CSMD2-AS1,HLTF,ZDHHC2
LDHA,FGFBP2,MDH2,CYHR1,GUK1
ERG28,PRKAR1A,LINC00854,NSA2,PLEKHH2
EIF5,CLN5,DAZAP2,CTGF,JAK1
LIPG,REXO1,JUNB,SBF1,SH3BGRL
RAD23A,NDUFA11,ANXA2,ANAPC15,LINC00467
CCDC110,RBBP7,ODF2,RAD23A,ITSN1
HLA-DRB1,FAM102A,CYLC2,SUCO,CCDC169
BEX1,RBBP4,AL133320.1,MTA1,CLGN
SUCO,COX6C,LRRC41,CAP1,MRO
PPP3R2,FLII,BANF1,TRIR,IER3
MED31,SPATA3,RRAS,PIGF,RBM39
ZPBP2,FBXO11,HIST1H2AA,CCZ1,C11orf96
IL32,HNRNPA1,TSPAN16,EPN1,SMS
COX6A1,FAM53C,TAGLN2,CHGA,RBBP7
KTN1,PHF7,HNRNPA2B1,IER2,ATP5MD
EMC4,PLAC9P1,TALDO1,DNAJB1,JUNB
NIPA2,OAZ3,TMEM9,MT-TV,CCDC7
ZPBP,UQCRB,ATP5PO,CARHSP1,CST9L
SLC3A2,C16orf58,WASHC3,GPX4,MARCKS
COPE,TSPYL1,DDI1,MTND3P10,YWHAQ
HPS3,FBN1,C11orf96,FKBP8,SRSF6
C11orf71,HLA-DRB1,C12orf54,ODC1,GNAS
FBXW2,EGR3,AGTRAP,BRICD5,STAU1
C1orf43,ODC1,AMHR2,SPINT2,PKM
AC084033.3,AKR1B1,C12orf50,KCNH2,RORA
LRRC59,RASA1,C1orf100,TTYH1,TRIM55
SCD5,SMC4,SON,GAMT,DPYSL2
TCP10L,SPARCL1,COPS6,ATG4D,ACTB
SQSTM1,SUCO,ADAD1,ACOT13,HIGD2A
P4HB,QKI,GYG1,SCRG1,SLC25A5
SOD3,CCND2,MORN2,WDR73,EIF4B
VPS37B,PRDX2,RAE1,HAGH,MARCKSL1
BSG,EIF4A2,NAA20,ITGA6,SPATA22
H2AFJ,ELOVL4,LCA5L,VPS37B,FAM236A
JKAMP,TFRC,PRKAR1A,RNF40,SMOC1
YARS,NDUFA1,MT-TT,DALRD3,COX6C
AKT1,MTND2P28,TBX18-AS1,C11orf71,LDHB
SLC7A2,TMEM31,TEX37,TSR3,S100A11
EEF1A1,RAD23A,CCNDBP1,PITPNA-AS1,FNBP1
STAR,HMGCS2,ZNF711,SSBP4,PANK3
TNFRSF12A,TMCO5A,CREM,METTL26,MTND4P12
CETN3,UBE2E3,HP1BP3,AKT1,LGALS3
SRSF6,SOX2,TPD52L3,SNHG10,NUCKS1
AC005912.1,NDUFB1,SPANXN4,NUDT3,HMGCS1
UBAP1,ITM2C,HEMGN,CAPNS1,SRSF3
EXOC7,GAS6,EIF3I,HMGCS1,MMD
PEX5,ECI2,SH3RF2,CMTM2,CAPN2
ACOT13,ZYX,TMEM147,RACK1,YME1L1
CTNNAL1,KCTD13,CLDND1,FUZ,NPTN
RASA1,ZFP36L1,IQCF2,CAND2,EIF3K
SLC1A6,P4HB,F2R,VSIG1,NOP53
MAL2,TRIM36,ACAT1,COMT,FMNL2
LGALS3BP,NCK2,IFI6,SLC2A4RG,SELENOS
SPOCK1,NUDT11,SDHB,NR0B1,CCNL1
NDUFB1,HPS3,ACRV1,PRDX5,HINT1
PCSK2,COL27A1,ADIPOR1,GAS2L1,TXN2
SPATA4,ANXA5,MAP1LC3A,TPI1,FAM229B
FAM236A,TAPBP,C6orf99,CYB5R3,CALM1
CLDN1,MYLK,FAM209B,C9orf16,HSPA8
TMX4,ATXN2L,CDS2,EXOC7,MTPN
RBBP4,ATP5F1C,NBR1,H2AFJ,TOMM20
SMARCD2,NUPR2,TEKT3,C5orf58,MT-TI
TMEM259,CDIPT-AS1,CFAP97D1,MLST8,MSI2
C15orf61,SPTY2D1OS,SPANXN5,C6orf48,ACTRT3
FGFR1,DKKL1,C17orf64,TSC22D4,ZFP36
HMGN3,KITLG,SDF2,UQCRQ,LGMN
PBK,DAAM1,ATF6B,SIVA1,ENAH
ZDHHC2,EEF2,CNIH1,CRAT,SNHG5
DEFB119,IGSF1,ZPBP,PFDN5,CST3
TPT1,MSMO1,SRSF5,BAD,ADGRG1
CYHR1,APP,SLC25A5,FAU,IFITM2
OS9,PGM3,SAMD4A,UBTD1,BRD2
ARID5B,PSMC1,PPP4C,PSMG4,MFSD2A
LINC02367,SOX4,HIST1H1D,ESPN,VKORC1
PKM,AC010255.3,TMEM120A,PHF7,YWHAB
WNK3,SCP2,PDCL2,ELP5,TFRC
TAP1,PRKAR2B,NDUFB3,FAHD2CP,IGSF8
PSMA7,ATP5F1B,FHL1,WSB2,SERPINA5
GOLGB1,CARM1,RBM39,KAT5,ATP5F1A
GBP2,TOM1L1,HOOK1,FLII,NDUFS5
SNHG10,PSKH1,INHBB,TMEM8A,PLEKHA5
IER3,PGK2,RNF32,BSG,MTND2P28
C12orf75,NACA,BAG5,DIAPH2,HMGB1
CYB5A,LAPTM4B,SCAMP2,G0S2,EPPIN
DIAPH2,MYL6,TRMT10C,EGR3,MBNL3
GDF10,FBXO18,TEX46,VTI1B,JUND
FAM84A,FKBP3,TECR,YBX2,NDUFA11
MFSD2A,MINK1,TSG101,SPATC1L,GAS7
GDE1,LINC00854,ERGIC3,FAM169A,RALB
CUL3,CYB5A,CCDC169,FAM229A,MAPKAP1
MARCKS,TRAF4,CXCL1,SPATA8,HSPA1B
NDUFB4,FBXW2,KITLG,HGS,SFPQ
CRYAB,KIAA1217,TRAPPC4,FAAP20,CYB5R1
ZCCHC17,BRICD5,PEF1,PPIF,UQCRQ
GNA11,PSMA2,SPATA22,VPS52,DAP
HSPA8,PAPPA,EMC7,LRRC59,DAAM1
SLC25A6,CCDC28B,BUD23,ADIRF,RCAN3
SMIM10,ITGB5,IFT57,FAM53C,APOA1
PTPRG,IDI1,PDE4D,FATE1,CCDC47
NPTX2,METTL7A,ERH,LBHD2,FEZ1
ACKR3,U2AF2,SAT1,MUM1L1,HIST1H1E
SLC16A3,TECR,NDRG3,PKM,CPPED1
SERPINI1,SPACA3,C10orf53,MED31,GADD45G
CDO1,DNAJC5B,EIF5,ADORA1,PABPC1
MMP28,PIGF,SLC44A2,CITED4,TMEM219
RAD21,DIAPH2,TMEM99,NAT8L,EIF3H
SLC25A5,CLIC4,DDX4,MT-RNR1,PDE3B
SLC4A5,ATP5F1A,PIGP,CISD3,HIST1H1C
KXD1,TXNL4B,TEX26,COQ6,CD83
SLIRP,STMP1,FIBP,SMARCB1,TUBA1A
INHA,SRP14,MED21,SLC2A8,RAC1
LRP8,SPSB3,HIST1H1A,GNA11,PRKAR2B
HSPB1,CITED2,CETN1,ACOT8,RHOBTB3
HOPX,VCAN,H2AFJ,NME4,ITPR3
GJA1,FAM71E1,AP1S1,TMEM123,QSOX1
PLAC9P1,GNB5,ACTRT3,TRPT1,DDX5
FKBP3,NIPA2,SCCPDH,UQCRH,ANO6
ATP8B2,BRF2,YIPF3,TRAF4,SNX6
ECHS1,MT-TC,HIST1H1E,PPP1R15A,EIF4G3
PRND,C12orf54,CUTA,SPARC,CUL4B
HSBP1,TRIM8,A2M,GPSM1,SNRPB
SOX4,PTPN13,CTNNA2,C7orf49,FGD5-AS1
WLS,SELENOS,S100A10,CD63,SPACA9
ECI2,CUL3,PTTG1,ILVBL,LGALS1
CD300LG,PREPL,DRG1,UGT3A2,APH1B
VDAC3,OBSL1,NDUFS2,C22orf23,NSA2
CXCL2,RBM3,COPZ1,ECI2,MT-RNR2
CHODL,ATP5F1E,FLVCR2,ADAM17,CENPU
UCHL3,TRAP1,QSOX1,NDUFB4,PGLYRP2
UQCRB,S100A11,TUBB,TXNL4A,FBL
MGLL,HPRT1,MAFB,AC109326.1,C11orf58
ODC1,WDR73,GLUL,NACA,HSPA5
ADI1,UBA52,CITED1,SHCBP1L,NR4A1
ZNHIT3,MCFD2,TSPYL2,CAVIN3,GAS5
SEC31A,JUND,HSPB8,IFI27L1,PTTG1
CEPT1,EMC4,MYDGF,TMEM52,MT-ND3
DDX24,PRPSAP1,GBP2,KXD1,DNALI1
ELP5,DKK3,VSIR,FIS1,C21orf91
PSENEN,NPTX2,SLC30A3,PHB2,ARPC2
GTF2A2,AAMDC,SGCB,GPX1,GNG12
TXNL4B,DEXI,SARAF,BMP2K,AKAP9
PCBP2,PLEKHH2,COPB1,ASS1,LEMD1
AKR1B1,SNAP23,TUBG1,UBXN6,APMAP
REXO5,SULF2,OSTC,PHLDA1,AARD
IFI27L2,PET100,SWI5,ALKBH7,PFDN5
TMED4,ZNF593,POMP,FAM102A,LDHA
TRIM8,SLC25A3,ARL2,SMARCA1,CHL1
MT-TR,GNA11,HBEGF,METTL3,PBX3
HIGD1A,AIMP2,MT-TM,METRNL,BOD1L1
TMED7,TBX18-AS1,TPP1,SHARPIN,SRSF11
TEX30,POLE3,TGIF1,AHSA2P,RAP1A
PCDH17,LDHA,HADHB,ANKRD7,IDH1
JPT1,MEA1,KIAA1210,LAGE3,TMED9
RABGGTB,CERS6,GABARAPL2,PAPPA,CXCL1
SDK2,MSI2,CTGF,NUPR2,SLC25A36
SNAP23,FAM84A,PTMA,LINC01191,MORN2
AMFR,MBNL3,FAM229A,C12orf57,MT-TF
KIF9,MT-ND5,DEGS1,PDK2,PTPN13
NDUFC1,TEX38,TUBA3C,HIST3H2A,SLC25A4
TRIM55,ACAA1,GNB2,SUPT5H,KLF10
DDAH1,TTN,OTUB1,H2AFY,IL7R
SCD,GNPNAT1,SCRG1,BAMBI,ZNF844
IGSF1,DNAJC14,SLC52A3,ZMYND10,ATP5MC3
MID1IP1,SNHG8,DPP7,HDGFL1,PRSS12
EPHA7,USP34,LMAN2,ARL8A,HIST1H4E
EMP3,ATG101,TNFRSF12A,IZUMO4,STMP1
DHCR7,ENO1,SEC13,ROMO1,PRKACB
HLTF,PTGDS,BSG,GPRC5B,SGK1
PDXK,CHMP1B,TMBIM6,CRNDE,SRSF7
RNF139,CD74,EPHX1,MT-TR,ABI2
CMTM6,OPN3,TPM3,PAIP2,TTLL7
MRO,ROPN1L,VPS35,COX7A2,BBX
TMEM123,ZFAS1,FBLN2,DYNLRB2,MYO1B
ZC3H7B,COMMD6,CD99,CST9L,DRAP1
DMRT1,RANGRF,TAPBP,AC010642.2,MBNL2
ESPN,SNHG25,MT-TC,ORMDL2,SNX7
FAM221A,RABGGTB,NPM1,FBXW5,NAA50
SEM1,GLO1,SERINC3,C1orf43,NFKBIA
KIAA1217,LEMD1,PHLDA1,JTB,SLC1A5
M6PR,CTSV,NUDT10,AQP5,ING1
C6orf48,SLC7A5,TEX101,TF,BEX1
SEMA3C,ALDH1A1,ALDH6A1,MBNL3,ZFP36L1
SFT2D1,TMEM259,PPP1R15A,AGBL5,SMAD2
COX7C,ACTA2,FAM114A2,MTND4P12,PDIA3
ITGA6,UBL3,TMEM60,AMN1,NDUFS4
PDHB,S100A6,RNF38,SLC25A5,FAM111A
SHOC2,SLC25A5,MRO,KLK10,SLK
OBSL1,CAPZA3,LAMP2,LYPD6B,COPE
OSTC,NUBP1,MT-TP,PGP,CBX5
DGCR2,SPATA42,PAGE2B,TRIM28,CAPZB
SDHD,LRRC59,CPSF4,TUBA3C,SRSF2
AXL,NSA2,RHOBTB3,PKN1,RWDD2A
WRB,GSTA1,FGFR1,TMEM198B,ID2
PSMA1,NUDT10,SPCS2,MARCKSL1,MORF4L2
ZNF117,NIPSNAP2,ARL4A,PXN,SLC4A7
ATP5MPL,SCRG1,PTGES,KRT10,SYNE2
SRC,EXOC7,APOBEC3C,ATP8B2,TIMP3
ILVBL,GNAS,CCDC7,PEX5,ZYX
MT-TT,PGK1,MTND4P12,SNHG8,CHODL
LDHB,CKLF,NDUFAF3,SEMA6C,GSTM4
CPE,ALKBH7,STRAP,FGFR1,COL27A1
NDFIP1,HIGD1A,ZRANB2,AFG3L2,ZNF431
LRRN3,EIF3M,IDH1,PTOV1,TAB3
IAH1,EDN1,OSER1,IAH1,MME
EEF1B2,PANK3,GCNA,LRRC75B,HNRNPDL
MAGEH1,RACK1,RAB5B,JUND,OIP5-AS1
ATP5MF,HLA-DRB5,FBXO9,PPIA,PEG10
NPTN,LRP8,TMEM87A,FOSB,ZNF91
SLC39A10,OAZ1,LINC01681,CMTR1,MYL9
APOBEC3G,PRKCA,SRGN,FASN,MT-ND5
CREG1,ZCCHC17,ATP2B1,MT1E,EDF1
UBE2E3,MED31,OAT,KHK,PTGES3
ATP5IF1,CHCHD10,CALD1,ZRANB1,PAXBP1
HSPE1,VTI1B,ZNF844,HIST1H4I,PNRC2
PLP1,CMTM2,TFRC,DHX38,IGFBP7
NCK2,BTF3,PCCB,ACRBP,EIF3E
UBL5,FOSB,CTSZ,SYCN,MGST3
CERS6,AKT1,FAM120B,CFL1,DDAH1
MARK4,PON1,ZC3H14,HINT1,CTGF
SLC41A3,BX119904.2,ENPP2,G6PD,NTN4
QSOX1,SDHD,SLC3A2,SPATA20,RGS2
ATP6V1F,SYNE1,CLGN,TAGLN2,GAMT
UQCR11,UBAP1,DYNLT3,ATP6V1F,SUCO
TSPAN5,ATXN7L3B,ARGLU1,AC009414.2,RAB31
ATP6AP2,EPHX1,CCT4,ADAM33,SPCS2
SERINC5,ADRM1,TOB1,MT-RNR2,NFAT5
GUK1,HMGN3,TSTA3,PSMC1,POLE3
RBM3,MYL12B,YBX1,LDHB,ATP5F1B
GAS2L1,CTTN,FABP3,GATM,TKT
SLF2,LRRC75A,CENPU,SLK,POLR2L
F2R,PKM,NFE2L2,FBLN2,OAZ1
ZC3H7A,PNMA1,GANAB,SFPQ,SERPINE2
COX6C,IRF2BP2,CACNA2D1,TUBA3E,TMEM159
LGALS1,RAP1A,MAGEH1,AC010980.1,PRPS2
REEP6,CHCHD2,ZNF91,ZYX,EIF1
G0S2,TMEM8A,CCDC69,UQCRB,MAP3K13
EGR1,RNF26,MT-TS2,CIB1,TAOK1
SLC47A1,TOMM7,PPP2CA,LDHC,TRA2B
NSA2,MMD,C4orf48,CTNNBIP1,GPX4
IFI6,ATP5MC2,CABYR,NFKBIA,MT-TV
ABRACL,CT83,CHD9,CHMP4B,PGM3
PAQR7,VPS37B,MLXIP,NUDT16,CACNB4
CXCL3,AC005912.1,PDE4B,ZNF768,BSG
GUF1,TOB1,MARCKSL1,TSEN34,MLXIPL
SLC16A1,EIF3E,GLUD2,SEC61G,HPRT1
RDX,HMGN1,EVI5,PNPLA2,CD9
IL6ST,FAM198B,ARHGAP5,SLC27A3,ZNF326
SELENOF,HGS,SORT1,SPINK2,CCDC85B
RDH11,LINC00467,DEPP1,PLEKHJ1,DDX6
MTND4P12,RNF40,GALNT7,PENK,CTNNA2
HSPA13,EID1,ATP5F1E,ATP5IF1,UBL5
SC5D,SLC7A6OS,OOSP2,PPP1R1C,CREG1
TPI1,RBP1,VPS26A,RBCK1,LYRM2
SMC6,BCL2L2,GJA1,ARID5B,SSBP1
LAMP2,RALB,SHTN1,SLC39A3,UQCRB
SRSF2,ATP5MG,LIMS1,TRIM55,SLC38A2
ENPP5,PPP2CB,SEC62,PPP1R14A,ZFHX3
TSPYL1,ROPN1B,CR381670.1,NDUFV1,TIMM13
GPX3,TCEAL9,PLEKHH2,TRIM8,TMEM14B
FBL,ETNK2,ZDHHC2,PLD3,NAALAD2
DENND4C,INSL3,IL1R1,NDUFC1,SERPINF1
MEF2C,AMFR,RTN4,CKLF,CYB5A
USP8,KLK10,HIST1H2AH,EMC4,SCRN1
KCTD12,ACTRT3,EEF1B2,IER5,AZIN1
CLIC1,GNB1,PHACTR2,TMEM130,JAM3
SLK,MMP15,TAF1D,AC010325.1,WSB1
HINT1,PHB2,S100A6,LDHA,SMIM10
CHST9,RWDD2A,DHCR24,GDE1,TAF7
MBNL3,FBL,AGA,CMYA5,SLC16A4
BPTF,GLS,GALNT1,GNG5,SPARCL1
PIK3C2A,MT-TD,PRRC2B,ERG28,EIF3F
DAXX,NDRG4,RRBP1,RNF26,EIF3I
DAAM1,CXCL2,ENAH,AURKAIP1,CENPV
CHPF,MSX2,HNRNPAB,FAM98A,PSMB4
EDN1,SLC4A7,KIAA1109,CNOT3,CEBPZOS
FAM98A,OS9,YBX3,CCS,TCEAL2
MTRNR2L1,SPATA6,RBBP7,HSD17B12,CORO2A
APPL2,MTND3P10,ZNF431,ZPBP2,SH3GLB1
OCIAD1,TMCO2,NRXN1,MTATP8P2,EIF2S3
MYOZ2,CALM2,AMH,SLC13A4,ZFR
SNHG8,POM121,CYP4V2,WNK3,GATAD2B
EMC7,CCZ1,SPTLC3,TIMM9,SUMO2
MAGED2,FAM209B,HMGN2,INSL3,SHTN1
UACA,UBL5,WWP1,LZTS2,MAEL
PTN,ERG28,TTN,SNF8,ACBD5
SYAP1,CTNNB1,CEBPD,FBXL15,SRRM2
CYB5R3,FHOD3,C12orf75,GKAP1,NDUFB7
WASL,BMI1,DHX36,BAIAP2,MAGED1
JAK1,DYNLRB2,LCA5,KIAA1217,CDH2
CYCS,FLVCR2,SPARCL1,MID1IP1,MAPRE1
ATP2A2,MTND4P12,AL118516.1,MRFAP1,MAT2A
ZBTB38,HS2ST1,EPHB6,NDUFS8,CNBP
SETD2,ULBP1,SLC25A36,SLC22A17,RHOA
PLIN2,ATP5PD,HIST1H1C,CDKN3,NPC2
MBOAT7,YARS,TIMM8B,KLF4,CD300LG
LMNA,SERINC5,TRIM55,ING1,PLA2G12A
PHF3,SUSD3,USP53,ABRACL,RAN
HSP90AB1,BAMBI,ZNF326,DNAJC4,RPN2
NOTCH2,DDIT3,NUFIP2,HNRNPD,PPDPF
YWHAB,SPATA33,TFF3,TRMT112,PPP4R3B
TAPBP,GNG12,FCHO2,SDF4,COMMD6
GSTA1,PLXNA1,TAOK1,ELOF1,G3BP2
ABLIM1,TSPAN31,SREK1IP1,TAF1D,HELZ
TSPYL2,WFDC6,KATNBL1,GNB2,IFNGR1
MT2A,ITIH5,JUND,CA2,NBDY
TBL1X,HNMT,EMB,LPAR2,CREB5
TCEAL4,SHC1,TRIM38,CUL3,RNF149
MAP4,NFATC2IP,CDC42BPB,SNHG7,IER2
ZNF280B,SPINK2,GULP1,HIST1H2BK,CHML
THRAP3,SLC27A6,IFIT1,NT5C,CDKN1A
HSP90AA1,SPOCK1,SOWAHC,ATP5MPL,POLR1D
RCN2,CALB2,ZNF518A,LRRC75A,DDIT3
PAK2,ZC3H7B,REG3G,GOLGA8B,WASF2
NIPBL,NORAD,GADD45G,FSCN1,45909
AFF4,SEM1,PAK3,C20orf144,AKR1B1
S100A11,DEFB123,ID4,NDUFB7,MTCH1
SNRPC,MAPRE2,SCD5,SMIM4,ADGRL3
PPFIBP1,RBM8A,TNRC6A,SELENOK,CD99
LPP,PNP,BPTF,REXO5,TLK1
NUCKS1,PHLDA1,NOSTRIN,ABHD17A,TEX30
ARMCX3,ATP11A,GRPEL1,EPB41L4A-AS1,DCN
RAB31,ARL8A,UGT3A2,UNC5B,MNDA
COMT,CCNI,ITGB1,SNRPF,ABRACL
EID1,GSTA4,ARPC5,KMT2C,ARPC5
MT-TM,PNRC2,MSI2,DGAT1,RALBP1
SECISBP2L,MYEF2,MAPKAP1,RNF126,ZCRB1
TXN2,EIF4B,MBNL2,PLIN3,SCP2
HPS5,ENPP5,TNIK,CETN1,SLC52A3
LMO7,C12orf75,CCDC93,MT-CO2,MICU1
HLA-C,FTL,MT-TL1,MZT2A,RASA1
DDR1,GPX4,SELENOK,EEF2,UFSP2
EIF2AK1,SNHG9,SLC38A2,CPSF1,FUS
ATRX,IL11RA,FGD5-AS1,RABL6,R3HDM2
ATF6,PHGDH,CCDC25,STAR,ODC1
PTTG1IP,LGMN,ZNF721,ZPBP,RHOC
STAT3,TAGLN,GOLGB1,ACKR3,FGFBP2
CR381670.1,MORF4L2,MZT2A,C7orf50,COMT
NFIA,JAZF1,MT1F,TMEM120A,DUSP6
ARPC2,STARD4,IFNAR1,PPP3R2,UBE2E3
B2M,SPATA4,NENF,SF3B5,ILF3
EZR,NOP53,MTPN,BBS2,MICAL2
MYH9,SMIM27,MZT2B,HOPX,EVI5
S100A16,EFHD2,MICU1,VPS28,TES
RTF1,RRAS,ANO6,TSTA3,MGP
45907,ECHS1,IDI1,MRO,CCDC6
ROMO1,CAPZA1,CBWD1,EDF1,QKI
DAP3,ATP5MPL,UIMC1,UQCRC1,PTPN4
CKB,LGALS3BP,MLEC,MARK4,HIST1H2BD
UBR4,FMNL2,AC007969.1,CD83,DAZL
EIF2S2,UACA,CCNL1,TFF3,NUFIP2
ATP6V1D,RAF1,RANBP3L,KIFC3,SNRPE
ABCA1,YWHAQ,CASC4,RHOB,INSL3
DHX36,MRFAP1,KIF5B,DDIT3,VGLL4
SETD5,MTHFD2,ZKSCAN1,RUVBL2,TTC39C
RAC1,SLF2,RGS5,ARL6IP5,GNA13
ELL2,DMRT1,ATF5,ZNHIT3,SVIL-AS1
TAOK1,SELENOF,HERC1,ACTL7B,GSTA4
VAPA,FAM219B,GOLGA4,ETFRF1,SYCN
NEDD9,COX7B,TTLL7,CLN5,COL1A2
MBNL2,DNAJC7,EFHD2,SON,MAGED2
IFITM3,KLF10,FBXW11,RBM42,SMARCD3
R3HDM2,HSPB8,ING2,SNRPD2,CPNE5
TOX4,ACSL4,CTAGE5,AKR1B1,ZSCAN31
SMC5,HLA-B,PANK3,PLXNA1,SAMD9
TJP1,OIP5-AS1,WSB1,DYDC1,SPATC1L
MTSS1,ARHGAP23,PPP2R3A,SCCPDH,ANP32B
BX119904.2,GNG5,RAB11FIP2,POLE4,CELF1
TPM3,UQCR11,SPTAN1,AL355001.2,FBXO9
MACF1,PRSS12,AKIRIN1,SNHG5,SREK1IP1
CD151,TRMT112,GNL3,ERP29,ALKBH7
SYT11,ERH,DPP6,FBXO25,HEBP1
RANBP2,LMNA,SENP6,CKS2,NAP1L1
PTBP3,PDE4B,EPDR1,GRHPR,EIF2AK1
CNN1,PDHB,CISD3,APRT,ZADH2
C1orf21,UBE2Q1,LYRM2,ULBP1,FOXJ3
ANKRD36C,ACOT8,SNHG8,ROPN1B,45902
SMC4,CTNNA2,KIAA1551,PCYT2,CMAS
LRRC47,PAK6,FNBP1,SMIM1,FAM168B
PJA2,AZI2,ACAP2,JPT1,HMGCS2
LMAN1,FNTB,SFRP1,WDR45B,GDI2
VPS35,IER5,MYH11,SMARCD2,ARPC3
ARHGAP18,GTSF1,CSTB,SLC16A3,ABLIM1
ASH1L,SFPQ,ZBTB7A,MT-TG,TRIM37
BOD1L1,CCT5,USP48,STMN1,HNRNPH1
TACC1,SNX3,PON2,HSPA2,RAP2B
PCMTD1,HNRNPAB,WIPF3,CKM,GADD45A
NCOA2,GSTM4,BRD2,TMEM219,PARK7
TXNIP,CLCC1,CEP126,SRC,UBE2Q2
KIAA1958,ANXA6,GUF1,MYLK,BTG2
SPTBN1,HECA,DKK3,CETN3,TIPARP
FYTTD1,PFN2,MIER1,PRKCSH,COX4I1
SPTAN1,GOLGA8B,LRRN1,MRVI1-AS1,CD81
CDC42,YRDC,MNDA,EPHX1,STARD4
RIOK3,CEPT1,TNRC6B,CARD19,ANP32A
GABARAPL2,ATF6,MYL6B,BTF3,SGCE
TGS1,PERP,RASA1,IGSF1,SELENOW
KLF6,JAM2,RORA,UCKL1,MAPRE2
SRP54,M6PR,MYLK3,TUBA3D,CHURC1
LAMA2,IZUMO4,SRSF9,MAPKBP1,NFKBIZ
BNIP3L,RAP1B,SPAG9,NDN,RUNX1T1
ACSL4,PLEKHA5,NFE2L1,CTSD,HEXIM1
MTND2P28,PRDX6,,LINC01016,EPB41L2
SPANXN4,SLC25A4,,POP7,PAFAH1B1
PKN2,YWHAB,,KIAA0930,TIAL1
ZNF91,LARP7,,ALDH2,VAPA
AP3S1,CD47,,MED25,RAB7A
MYL9,TCP10L,,TCEA2,PRKAB2
PBRM1,LINC00301,,NKX2-8,VAMP2
LRIF1,KXD1,,SETD2,SOX2-OT
TAF3,FAM122B,,BCL7C,ENPP5
FAXDC2,MICAL2,,SMARCD3,SF3B5
S100A10,ERICH2,,ATP5F1B,RASD1
MT-TS2,CAPNS1,,POLDIP2,PSEN2
CD9,BTG1,,UBE2S,PURB
PARP1,SMS,,PRMT1,LSM8
ADGRG1,UBE2D3,,UBE2J2,GRHPR
DDX42,CYCS,,PLPP4,SFXN1
ZNF638,PLPP4,,ROPN1,DYNLRB1
CCDC186,DGLUCY,,CR381670.1,HIPK3
TRIP11,ENAH,,TK2,DCUN1D1
BAZ1B,CHMP4B,,IMP3,DNM2
GOLGA5,HSPA5,,CNOT1,FIS1
FAM13B,ATP1B1,,MYL5,TOB1
TMSB4X,HS6ST1,,TP53I3,SLC16A3
UPF2,NIPSNAP3A,,AKAP8L,MPZL1
FZD3,BMPR2,,GTF2A2,C9orf16
TRIM24,SSBP1,,GADD45GIP1,SET
MAP4K4,LSM3,,DKKL1,PPM1K
RIF1,CHL1,,CCT7,BCLAF1
USP47,SLC4A5,,LAMP2,AKAP13
USP15,MKLN1,,AC100810.1,VAT1
FKBP2,VKORC1,,ABCA1,MTF2
GCNA,WIPF3,,SLC3A2,AGO2
ARFGEF2,TMED4,,LINC00301,MMP15
PPP2R1A,MYL12A,,VCL,NFIX
RRAS,DCUN1D1,,C8orf88,DDX17
CNOT4,ZNF770,,CITED2,YTHDF3
KMT2A,TSPAN17,,PHYH,FAT1
CDKN1B,CLEC12B,,NDUFAF8,DNAJB4
ZFP36L2,ACOT13,,FDXR,ARAP2
CKAP5,PPIL3,,NME3,RBBP4
PPA1,BACE1,,LUC7L,SMYD2
ATF7IP2,MOB1A,,ATP5MC3,IBTK
SMC3,TK2,,DYNLL1,GNAQ
MORC4,HNRNPH3,,SUSD3,ZC3H15
LARP1,RHOBTB3,,TMEM134,PREPL
PRKDC,CXCL3,,C19orf24,FAM107B
CFL2,MID1IP1,,WFDC6,MRFAP1
VAMP2,CNPY2,,TMEM94,SEC14L1
DST,SLC38A2,,LRRN3,TMEM87A
CAPN2,RAB1A,,DPP7,KATNBL1
CPEB4,RAB8A,,TCP10L,ECH1
ARID1A,PEX5,,MLEC,FAHD1
HIST1H1C,ACTR2,,ECHDC3,FOXN3
IFNGR1,ITSN1,,TCP11,RTF1
ENPP2,CNIH1,,HNRNPM,HMGN4
ARHGAP10,NXF3,,NCBP2-AS2,APEX1
DARS,AOX1,,HDHD5,COX15
TLE4,PPP2CA,,TOB1,UROS
DHTKD1,SMAD2,,SLC12A7,KIF2A
EPRS,MARCKSL1,,SF3A2,OOSP2
ACTN4,MAGED2,,UBE2D2,FRG1
SPANXN3,SH3RF2,,FAM229B,BCAP29
CREBRF,RECQL,,AVPI1,MTCO3P17
BRD4,ORMDL2,,SIGMAR1,TIMM9
SYNE1,VDAC1,,MYL9,CREM
EIF5B,ELOVL5,,PTTG1,CCDC50
ANKRD11,ERGIC1,,MYL6,CLIP3
TMEM263,SNRPE,,C7orf61,ACTR2
TPM4,NAP1L3,,NDUFB11,ATG12
MOSPD1,MACF1,,CUTA,HMGCR
PPP2R2A,SCRN1,,ALDOC,GNG5
CHD4,SPIN1,,CDKN2AIPNL,SEC14L4
TXNRD1,SHTN1,,TUSC1,SPIN1
ATP2B4,HSPA1B,,VTN,TMEM106C
PCCB,CYP11A1,,ADI1,DGLUCY
FAM214A,BCLAF1,,UBE2E3,HBEGF
USO1,EMP3,,ELOB,NFIC
NBEAL1,LMAN1,,PPP1R16A,NT5E
SETX,CNN3,,AAMDC,MAVS
PFN1,GREB1,,RABGGTB,KDELR1
SYNCRIP,FUS,,DCXR,ANAPC16
MPHOSPH8,METRNL,,VDAC3,UIMC1
ZNF385B,SF3B6,,AC016747.1,PAICS
STAMBP,CAPN5,,45912,GNG2
PPP1R2C,CREM,,OOSP2,ST5
ZEB2,KRR1,,PRPSAP1,CABYR
FABP3,NXT2,,RASA1,IGSF1
SCAF11,ANAPC13,,CARD10,NOP58
FER,POLR2B,,KAT2A,CPT1A
N4BP2L2,CDKN3,,PSMD13,SPATA6
ACSM3,NR0B1,,DHCR24,STX3
DUBR,ETFRF1,,SERP1,PFN1
SVIL,LDHB,,ABCD1,INTU
TNRC6A,STRAP,,SERPINI1,EPN1
CCDC6,ESPN,,IL6ST,ACSL4
CGNL1,ADI1,,UNC119,EIF1B
PTMA,ZNF22,,CTDNEP1,MTDH
IFI27,YAP1,,UBE2M,C6orf106
MT1X,ANOS1,,SNAPC2,ATP2B1
VIM,FSCN1,,TMED3,PYURF
,TNP1,,COX5A,HECA
,GALNT2,,SLC45A4,NME4
,ISCU,,APH1B,DNMT3A
,NAA50,,MANBAL,CNN3
,RNF44,,YBX3,DANCR
,SMAD4,,ARL2,PRDX1
,PLA2G12A,,SNRPC,FBN1
,SRGN,,PHKG2,MEF2A
,NDUFB2,,GPR137,ARL5B
,GDE1,,YPEL1,ICK
,EIF3H,,LSM4,SCAND1
,FAM13B,,BPTF,KYAT3
,ABI1,,MORN2,HOOK3
,SREBF2,,ACSL4,HSPB1
,UFSP2,,CEBPD,TMEM14C
,HEXB,,TXNL4B,BCL10
,TUBA1A,,ADAD1,ZC3HAV1
,MIR4458HG,,MTND2P28,OCRL
,CDKN1A,,RBM38,SKIL
,DMAC1,,C15orf39,MCL1
,HSBP1,,TBCA,IVNS1ABP
,SFT2D1,,DGCR2,PLEKHA2
,SNX7,,ZCCHC17,LRRC75B
,STAU1,,NCOR2,HDLBP
,MRC1,,FKBP5,CAPN5
,HSPA1A,,PTPN7,PRPF4B
,ATP8B2,,NDUFA1,SLC39A7
,HMG20A,,LSM8,FAM199X
,TMEM130,,PSMG1,LAP3
,MAPKAP1,,ISOC2,TPP1
,ARL4A,,MT-TL2,TOX2
,GALC,,PDXDC1,ZFP36L2
,CKS2,,COA5,LUC7L
,PLBD2,,MEX3B,VHL
,DNAJC3,,QSOX1,TMCO1
,PPIF,,EDN1,PDE4B
,RASL12,,CLTA,MAP4
,NEDD8,,POLR2B,GALNT1
,SNX25,,NDUFAF3,NORAD
,UCHL3,,LINC02367,SUPT4H1
,TPM4,,NRXN1,PHACTR2
,WDR45B,,SREBF2,ME2
,TUG1,,APOBEC3G,UXT
,CTDNEP1,,DGCR6L,RARS2
,MBD2,,MTCO1P25,PTPN14
,IRF2BPL,,BRDT,NIPAL3
,SOWAHC,,ZNF117,TAF1D
,TFB2M,,MCRIP1,SKA2
,TOX4,,AKT2,EIF2AK2
,GTF3C6,,FAHD2B,HLA-C
,ANAPC16,,CYB5A,PAK3
,SRSF8,,UBE2F,DUBR
,HCFC1,,ASRGL1,UACA
,PEA15,,MIEN1,BRWD3
,ROPN1,,ETFB,UBR4
,PPM1A,,HMOX1,CCT6A
,PRDX5,,VASN,FAM13B
,NDUFC1,,ATP5PD,GSN
,TMEM150C,,YBX1,CTDSPL2
,FAM168B,,DNAJC5,MOB1A
,C6orf48,,NDUFB9,GPX3
,BTBD1,,AC084033.3,IREB2
,SLIRP,,LONP1,LCOR
,CCNK,,SYCE3,FBXL20
,SUB1,,RIF1,LSM3
,PTBP3,,LINC00467,LMBRD1
,H2AFY,,FRZB,OLA1
,PCCA,,RCN1,KIAA1324L
,PIGT,,GGA1,POLE4
,UBE2E1,,CYP11A1,PGLS
,HDGFL3,,PEMT,MZT2A
,CTGF,,SLC25A3,TBL1X
,MEX3B,,KLHDC3,MGLL
,ZNHIT3,,NDUFA3,NDUFB1
,SRI,,ST3GAL4,TFF3
,GAS2L1,,SEC13,UBL3
,OSTC,,EIF3K,CSNK1G3
,CACNB4,,PAQR7,CCNG1
,SPACA9,,SRSF6,H2AFZ
,KPNA4,,DUT,DYNLT1
,IAH1,,POLR1D,TTC27
,FLNB,,DPM3,SF3B6
,GNAQ,,COX6C,ATRAID
,C1orf122,,DCN,MLF1
,ATP5MC3,,SPOCK2,PICALM
,SMARCD2,,SOWAHD,IFITM3
,EIF3G,,BRD2,GLS
,RIOX2,,PAF1,CALM2
,SMIM4,,45907,TXN
,GRSF1,,CAMLG,ZNF92
,GATA6,,POMC,POLI
,EVI5,,APPL2,BANF1
,SLK,,NAXE,CCDC88A
,CEBPZ,,ABCA8,SMIM14
,CHST9,,NDUFS4,FNTB
,CSDE1,,C1orf194,ZNF880
,MGAT5,,SF3B6,PRPSAP1
,PRKACB,,THRAP3,APPL1
,PRAF2,,SLC39A10,DCTPP1
,RNF139,,SPATA4,HNMT
,MAGED1,,GSS,ZBTB21
,TMED7,,SERPINF1,GRSF1
,TAB3,,ODF2,GNB5
,DCTPP1,,COX5B,FLNB
,GALNT7,,WDR60,CARMIL1
,ROBO2,,PNKP,ING2
,SUPT4H1,,NDUFS6,FAM172A
,KLHL15,,NUCB1,LSM5
,SCD,,NTN4,TAGLN2
,MRVI1-AS1,,VDAC1,EBLN3P
,MCL1,,BBX,ZFAND5
,TRIR,,UPF1,TNFAIP1
,ZFP36L2,,LGALS1,SESN3
,GRHPR,,SPCS2,HDGF
,ATG12,,SMAP1,ISOC2
,CDV3,,GOLGB1,LARS
,ACSM3,,NDUFA4,KLF3
,MPRIP,,MBOAT7,TFDP2
,PSMB4,,SLF2,FER
,45902,,DENND4C,GSK3B
,CHMP3,,EIF1B,RDH11
,ZNF207,,SRP14,FBXW11
,TRA2B,,NINJ2,DMAC1
,ID2,,MFSD2A,IFRD1
,FGD5-AS1,,SCAP,NDUFA4
,RAP2B,,PRDX6,HNRNPAB
,SLC22A17,,CD99,C6orf62
,PARK7,,SURF1,PRDX3
,UBE2D2,,HMGN2,STMN1
,ZNF431,,FAM236A,RARRES2
,LGALS8,,SRSF8,POLR2D
,SET,,PAK6,TMEM2
,EEF1E1,,PGLS,SRP9
,SLAIN1,,CBR1,UBE2D3
,DYNLT1,,MAPKAP1,EIF4EBP1
,MTPN,,MTCO1P12,ACSM3
,YTHDF3,,PTPN13,NDUFS8
,ACOT2,,NDUFA8,UBE2S
,ATP2C1,,ERCC4,RAB14
,DPYSL2,,AP2M1,CRCP
,EIF4A3,,MAF1,PGK1
,MME,,AZI2,MDM4
,CNBP,,ARPC5L,SSR3
,ADGRG1,,MFF,AP2B1
,DEPP1,,ARHGAP23,TNFAIP3
,NRXN1,,GSTM4,USP46
,LIMA1,,HMGN3,NR2C1
,SRSF3,,SNRPE,RFC1
,NDUFB4,,PRAF2,FNBP4
,OPTN,,SAP18,S100A6
,C6orf62,,SLC4A5,ZNF680
,SGK1,,VPS35,C5orf42
,MED4,,SLC41A3,UBTD1
,RAP2C,,PNMA1,ST13
,GLG1,,MALSU1,STRAP
,TMEM106B,,TIMM50,DDX18
,TIMM13,,HSD17B3,MAPK1IP1L
,TMEM181,,REX1BD,NOP56
,SNRPB,,HNRNPA0,PHB2
,TSEN34,,GTF3A,PLXNC1
,TRIM37,,NFS1,IMPACT
,PCNP,,EIF4G2,ENSA
,MBOAT7,,COX7B,SLC1A6
,VPS26B,,C1orf123,PLAC9P1
,FAM221A,,GSG1,UBE2H
,NKX3-1,,ATP5MG,DENND5B
,TMEM159,,HPCAL1,EFHD2
,CCDC43,,SNU13,TXNL4B
,MALAT1,,45909,G6PD
,GOLGB1,,SHOC2,GMFB
,TMEM123,,NDUFA13,ZBTB20
,TIMM8B,,FAM92A,CNIH4
,RAB18,,UBXN1,ARGLU1
,G6PD,,CPNE5,C6orf48
,PLSCR4,,MVP,NXF3
,NUCB1,,PYURF,CNTLN
,ATP5MF,,COPS9,KPNA2
,HSPA13,,CDKN1A,XIAP
,TMEM106C,,PTGDS,PHYH
,ENSA,,EMC7,ANXA11
,FAM241A,,CTSC,KIAA1551
,CPPED1,,SEC31A,TBCA
,TRIM25,,HAX1,PAK2
,SLC25A36,,CYCS,TPI1
,ZSCAN16-AS1,,MEPCE,PEA15
,FOXN3,,RAD21,PCMT1
,TIMM9,,LAMTOR4,GNB1
,TXN,,HSPA8,OSBPL9
,NCKAP1,,MAGED2,METTL9
,IREB2,,GATA5,DDR1
,ATP5PO,,SSNA1,UQCR11
,GATAD2B,,ARHGAP18,GNB2
,MPZL1,,MCHR2-AS1,FEZ2
,TSPYL5,,SOX3,CITED2
,PPP1R2C,,PMVK,GPX1
,NPEPPS,,RER1,TF
,WDR1,,RANBP2,TCEA1
,PTP4A1,,POLR2H,DNAJC3
,AHCYL2,,PPIH,TMEM106B
,SMYD2,,GNPNAT1,ZRANB2
,VAMP7,,SSBP1,WWP1
,MAPK1,,AFF4,MAPK1
,RASSF2,,NDUFA11,LPP
,FDFT1,,ZFAND3,ATF7IP2
,RNF11,,LAS1L,FAAP20
,LRP1,,PCBP2,BMPR2
,LYRM2,,MLF2,ADI1
,FAM111A,,PIK3C2A,STAU2
,KLHL42,,CTSL,UBE2R2
,RAB11A,,BX255925.3,KLHL15
,FEZ2,,ECH1,COX14
,MICU1,,RNF139,PFN2
,SLC7A1,,PNKD,DSTN
,BEX4,,EPHB6,EPAS1
,IFRD1,,BCAR1,BMT2
,PHF24,,LRPAP1,ZNF280B
,RAB6A,,CFAP20,SCCPDH
,AMIGO2,,ATF6,RCOR3
,SESN3,,PCBD1,H3F3AP4
,HERC5,,NUDC,EIF4EBP2
,CYB5R3,,TCEAL5,BFAR
,ATXN10,,TCP1,PTK2
,BTG3,,PIAS4,NFIA
,RAN,,EIF3H,STX16
,GFM2,,MT-TC,ARRDC3
,MEF2A,,AKAP9,SETD5
,CHMP5,,CLDN1,CHMP2A
,CNOT8,,COPRS,ARF1
,EXOSC6,,RGMB-AS1,XRCC5
,SHE,,KRBOX1,TPMT
,FAM120A,,SCARB2,AIDA
,YWHAE,,SNAP23,FKBP8
,ZFP91,,BZW1,TCF7L2
,MAPK13,,DMAC1,NRAS
,TMEM70,,TIMM8B,RAB11A
,GSR,,NDST1,SUB1
,H1F0,,DANCR,TUBB
,PCM1,,PRRC2A,PPIF
,TBCB,,LSM3,MOCS2
,KPNA1,,HSBP1,HAGH
,SF3A1,,TACC1,UBE2L3
,FDX1,,FUS,RAD1
,GOLGA7,,SPATA33,GCNA
,UGT3A2,,ANAPC16,GANAB
,GALNT1,,SLC25A4,ATF4
,ARF3,,KNOP1,WDFY1
,DHX15,,TUFM,CKS2
,FAM126B,,FAM84A,GLUD1
,CCDC88A,,TRIM24,AGO3
,CASC4,,PPM1G,FAM136A
,PSAT1,,TRAM1,COX8A
,GADD45B,,TSACC,ATXN10
,ZCCHC24,,MAPKAPK2,IFNAR1
,PURB,,IDI1,CELF2
,FAM49B,,SERF2,TSHZ2
,EIF4EBP2,,BCAP29,CD47
,PPP1CC,,SCYL1,ANXA6
,ELK1,,STMP1,PCNP
,MAPK1IP1L,,CAMSAP3,GTF2H5
,VAMP3,,AP3D1,DENR
,SERP1,,SPTBN1,CCDC69
,POLE4,,AP2S1,CHD9
,SOX2-OT,,TIMM17B,RAB32
,CD99,,RNF138,BARD1
,PEX2,,TBPL1,DOCK5
,NF1,,SREBF1,PKN1
,BRPF3,,RTL8C,SERPINB9
,CARHSP1,,SEM1,MSMO1
,MT-TL1,,CHPF,USP37
,TOMM20,,NME5,ATF5
,NDUFB5,,TMEM141,SENP6
,GNA13,,GNB5,WLS
,MTHFS,,IL32,FAM221A
,TRIM28,,TRAPPC2L,CSNK1A1
,HSPE1,,FNTB,TAF7L
,POLR2I,,ERH,WDR61
,TMED5,,HSPA5,DNAJA1
,GJA1,,PLIN2,PIK3C2A
,RAB5B,,KRR1,FAM102A
,ARRDC3,,ATF7IP,ZNF462
,G3BP2,,MAGEH1,ACAP2
,WDFY3,,SSU72,COX5B
,MAGEB1,,BBIP1,NRXN1
,IFI27,,HSP90AB1,ABHD10
,SPOCK2,,TAPBP,CFLAR
,PAFAH1B1,,GBP2,TMA7
,NT5DC1,,MTCH1,CDC42SE2
,CDC42SE2,,TJP1,SRP14
,SGPP1,,ATP6V1D,RSRC2
,TMED2,,TAOK1,RUFY3
,SPTLC3,,TUBA1A,SH3RF1
,SEMA3C,,SYNGR2,NF1
,PXN,,TES,PHACTR4
,KCTD3,,BTG1,MBNL1
,ELAVL1,,EIF3F,OST4
,PON2,,PIN1,MIS18BP1
,LLPH,,MT-TM,METAP2
,TCEAL8,,KIF9,LIMS1
,VAT1,,NCK2,S100A16
,DDX17,,MORF4L1,45906
,NDUFC2,,LMBR1L,MTUS1
,C8orf88,,LGALS3,SAMD12
,MTUS1,,NDUFB10,PCCB
,EIF3F,,SMARCA5,OPTN
,PBX3,,SECISBP2L,MTMR12
,SDHB,,DDAH1,ZCCHC17
,SLC41A3,,SCN9A,KIF1B
,SPANXB1,,PFDN4,CAPRIN1
,AIDA,,SNX3,YPEL2
,NDUFA5,,ATP5F1A,HNRNPA0
,FAM229B,,COX14,RAB4A
,MTCH1,,CHCHD5,ARHGEF12
,UBTD1,,RAB11B,MIER1
,C21orf91,,ZBTB38,BROX
,STARD7,,GLRX5,SMARCC1
,AC004656.1,,SELENOF,MED13
,KLHL9,,CSNK1D,KLHL9
,ARF6,,ATP2B4,FLVCR2
,RPRD1A,,LGALS3BP,SH3D19
,PLEKHA3,,PTPA,EIF2S1
,ADNP,,MGST2,PRUNE2
,PRDX4,,RANBP1,HERC5
,SKIL,,CCDC47,CDC42EP1
,CTDSP2,,SDHB,NFATC2IP
,SELENOW,,DPY30,HMGN1
,HP1BP3,,SAT2,PJA2
,POLR2K,,PSENEN,GRB2
,NDUFS4,,CHCHD1,CCNT1
,TSC22D4,,SMDT1,CBWD1
,HIPK3,,CCDC59,CARD19
,NME1,,MT-TD,HCFC1R1
,SNRPD1,,POLR2F,H2AFY
,MIER1,,SYT11,COX6B1
,CCNG1,,YWHAZ,CUTA
,RTL8C,,OBP2B,CNOT7
,MED25,,POLR2J,SARS
,COPS8,,TUSC3,SEC61B
,HEBP1,,RBM3,SRPRB
,H2AFZ,,PGD,ICE2
,APH1B,,NME1,MT-TM
,CRK,,FAM162A,RASSF2
,ARPC3,,TM2D1,ASH2L
,SEC11A,,CUL4B,CSNK2A1
,AASDHPPT,,ZFR,TSEN34
,PTPRG,,TKT,ZNF24
,FIS1,,PDHB,ATG5
,TP53BP1,,IFNGR1,SDC4
,DAZAP2,,KTN1,KREMEN1
,PGRMC1,,AP3B1,NFE2L2
,OLA1,,TNFRSF12A,CCT8
,APOBEC3G,,PJA2,HBS1L
,UTP4,,ENPP2,SLC2A4RG
,AP1S2,,OAZ3,STAM
,FNTA,,IFITM2,SLC30A9
,RORA,,CRYAB,PTPN2
,MARK4,,COX6B1,DEK
,TMEM14A,,ITM2C,VCL
,TAF11,,VPS26A,CHST9
,VPS41,,PRKDC,SNX17
,ARPP19,,SLBP,EIF3M
,GOLPH3,,NDUFV3,GSS
,CETN2,,UXT,USF3
,YPEL2,,CDK16,SOD1
,ABHD10,,PSMB4,GNG7
,ABI2,,DST,HNRNPUL1
,GLUD1,,NEDD9,SYPL1
,MT2A,,DESI2,MARK4
,SSB,,CAMK2D,AP2M1
,SMIM14,,TOLLIP,C7orf50
,GDI2,,SEC61B,PIK3R1
,NBDY,,ZNF91,EIF3D
,AZIN1,,LRPPRC,BUD31
,TTC8,,DAAM1,FATE1
,WWP1,,NDUFB2,BTRC
,SKA2,,ATP5MC2,ARPP19
,COX6B1,,C19orf53,PFKL
,MZT2B,,FKBP3,HSPA6
,ATP6V1A,,SYNE1,ANAPC13
,NDUFA8,,COX6A1,ACO1
,GSE1,,HNRNPA2B1,ANKRD36C
,GATA4,,MBNL2,PRPF4
,ALDH1B1,,TCEAL7,ATOX1
,SPANXN3,,HPS5,CAPNS1
,TIMM17A,,PAFAH1B1,HMGN2
,SMIM26,,FYTTD1,DNAJB2
,PTGES3,,USP8,TMEM52
,ST13,,CLCN3,SELENOK
,LAP3,,IFT20,SUDS3
,ANP32A,,PHF3,RTRAF
,ETNK1,,SPOCK1,TRIR
,BEX5,,NXF3,PHF24
,CAPZA2,,TXNDC17,ATXN1
,SCAMP1,,ROBO1,RBBP6
,EIF3K,,NANS,SRSF10
,FAM199X,,ATXN7L3B,SAR1A
,CSTB,,UROD,MAP3K2
,DGUOK,,ITGB8,MAPK9
,CRBN,,GRN,CRYAB
,TBCA,,AP3S1,HNRNPU
,KIAA1551,,ATP8A2,FAM213A
,PSMA1,,MAP4,BMI1
,SOD3,,SOD1,CETN2
,ABHD4,,USP15,CISD3
,LSM5,,BOD1L1,YWHAE
,LAMTOR4,,CITED1,NIPSNAP3A
,TMEM56,,LAMA2,CHCHD10
,CA5B,,GTF2H5,RWDD1
,IMPACT,,COPS2,GADD45GIP1
,NAA30,,TIMMDC1,JAZF1
,TPMT,,CARMIL1,UBXN2A
,NDUFB3,,PTN,ATP5PB
,KCTD12,,EIF4G3,ACOX1
,AMD1,,ZNF638,COX5A
,ID4,,SMC4,LRIF1
,ROMO1,,ARPC3,SPOCK1
,CMYA5,,CDC42,SRSF8
,GUK1,,POLE3,NKIRAS2
,ASS1,,ISCU,NDUFAB1
,DBI,,SMC6,TSPYL5
,PPDPF,,ATRX,FIBP
,C4orf48,,SSR4,ARL8A
,ZBTB8OS,,CXADR,BEX2
,SERPINE2,,DECR2,TRIM44
,CSNK2A1,,TEX264,APOOL
,ANKRD7,,WRB,SLMAP
,RGS5,,EZR,TFAM
,EGLN1,,ATOX1,SMU1
,PSMA3,,ERGIC3,PERP
,SPANXD,,SUB1,MZT2B
,,,NDUFB3,NUTF2
,,,ATG3,PTPN7
,,,ANXA5,USP34
,,,NDUFAB1,ELOB
,,,TMEM14C,FBXL5
,,,BANF1,TPX2
,,,PPP1CB,HSD17B4
,,,HPRT1,RAB6A
,,,FTL,ELP1
,,,MIA3,SMAD4
,,,SEC11A,ELAVL1
,,,ANXA6,USP13
,,,DGUOK,TOR1AIP2
,,,SERINC1,PLEKHB1
,,,TBCB,NDUFB9
,,,HIGD2A,SMIM19
,,,ARF1,ANXA2
,,,LTN1,SAT2
,,,AKAP12,BNIP3L
,,,ANKRD36C,MT-TG
,,,KIDINS220,ARHGAP20
,,,USP47,RAB11B
,,,C1orf21,C3orf70
,,,ASH1L,TXNL1
,,,SETX,PPP1R10
,,,GLG1,TTC37
,,,CCDC141,UBAP2L
,,,ZNF711,GUF1
,,,H1F0,KRT10
,,,FBXO34,COPS2
,,,UQCRFS1,CAP1
,,,ACTR2,TRAPPC1
,,,TAF11,LAS1L
,,,ELOC,PAPD4
,,,PNRC1,C1orf123
,,,ANAPC11,APOBEC3C
,,,AIFM1,ARHGEF3
,,,PKN2,ADNP
,,,HSPE1,RBMX
,,,HLA-A,JPT1
,,,TRIP11,SERP1
,,,DKK3,TYW3
,,,SOX4,RHOU
,,,FAT1,ERG28
,,,DECR1,PRPF6
,,,COMMD6,CCDC43
,,,ZCRB1,B2M
,,,PTBP3,MAP3K21
,,,ACE2,PEAK1
,,,SRRM1,ETFA
,,,TSPAN3,CCDC25
,,,ELOVL2,UTP4
,,,THOC2,SUCLG2
,,,UBR4,C8orf33
,,,RDX,TAF11
,,,MOSPD1,VAMP7
,,,HIST1H1E,DLGAP4
,,,SDCBP,ENY2
,,,HERC5,RFK
,,,PPP1R12A,ETF1
,,,FAM69A,CCDC68
,,,EIF2AK1,GTF3C6
,,,VAPA,SRSF9
,,,PPFIBP1,SOGA1
,,,BIRC6,GATAD1
,,,ZC3H7A,CRK
,,,NUPR1,RETSAT
,,,MT-TL1,FSCN1
,,,MYOZ2,MSL3
,,,MACF1,IARS
,,,EPRS,ABI1
,,,DDX24,EAPP
,,,GOLGA5,HSD17B10
,,,HELZ,SOD3
,,,RGL1,LLPH
,,,PDIA3,CLINT1
,,,ZNF322,ROMO1
,,,SYAP1,SRI
,,,EP300,SH3RF2
,,,RNF13,ADAR
,,,MAP3K5,RNMT
,,,DDX21,ANKRD36BP2
,,,CDH2,UTP3
,,,SRP54,MBD2
,,,AKAP11,BLOC1S6
,,,FAXDC2,ZNF138
,,,ZCCHC11,ERH
,,,JAK1,CDO1
,,,FAM214A,HTATSF1
,,,TPP1,STARD7
,,,ATF7IP2,SAMD5
,,,NIPBL,WAC
,,,DYNLT1,NASP
,,,WNK1,VMA21
,,,RB1,FAM241A
,,,NCOA2,PHPT1
,,,MXI1,NAP1L4
,,,PARP4,VPS41
,,,DENND4A,TWISTNB
,,,PEG10,CYP11A1
,,,PLXNC1,LBH
,,,ZFYVE16,PRKACA
,,,CKAP5,UQCRFS1
,,,ADD3,ZSCAN16-AS1
,,,S100A6,GCFC2
,,,NFIA,DDX1
,,,SAMHD1,CDC37
,,,MEF2C,KCTD3
,,,VPS13C,PRR14L
,,,HNRNPC,SLC6A8
,,,CTNNAL1,PRDX5
,,,ACSL3,SNX4
,,,TIMP2,RDX
,,,CYP20A1,RAB2A
,,,HSPA9,KPNA4
,,,SPATA22,FAM49B
,,,CHML,PSMG2
,,,MYO6,ARHGAP5
,,,HK2,DCTN5
,,,EIF2A,TIMM8B
,,,PLXDC2,EPS15
,,,LMO7,CYC1
,,,XPO1,PTPN1
,,,PSMD12,PHC3
,,,IFI16,VDAC2
,,,ZNF708,KPNA3
,,,GCNA,CDC40
,,,UPF2,NCAM1
,,,RAP1B,TOX
,,,PEG3,PPHLN1
,,,FAM13B,API5
,,,EPS8,MFF
,,,BX119904.2,HNRNPA3
,,,UBXN4,TP53INP1
,,,ZNF189,RTL8C
,,,SMARCC2,CDKN1B
,,,PIK3R1,LRPPRC
,,,TMED8,IPO7
,,,PTP4A2,RAB5B
,,,ZEB2,IMMT
,,,ATP2B1,PLA2G16
,,,CNOT4,WBP11
,,,PNPLA8,RYBP
,,,TSPAN5,HLA-B
,,,APPBP2,ATP5MG
,,,CANX,BORCS7
,,,CD164,UTP23
,,,NFE2L2,PPFIBP1
,,,TIMP1,GGCT
,,,ZNF292,SPAG9
,,,TNRC6B,DDX3X
,,,DOCK7,GTF2H1
,,,MTSS1,ZNF226
,,,PPP2R2A,ALDH9A1
,,,NCOA7,CLPX
,,,MT-TI,CDV3
,,,NCAPD3,APOBEC3G
,,,SCFD1,GAB1
,,,LMBRD1,VPS28
,,,BNIP3L,CYB5B
,,,KPNA3,FKBP3
,,,ITCH,C1orf141
,,,ARHGAP5,ZNF160
,,,LIMA1,GTF2H3
,,,SERINC3,C1QBP
,,,XRCC5,DYNC1I2
,,,SPANXN4,ACTG1
,,,PPP3CA,HADHB
,,,MAP3K1,SCYL2
,,,JMJD1C,MAP2K4
,,,TOX4,BRI3
,,,ZNF106,TMEM263
,,,STAT3,PRPF40A
,,,INHBB,ARID5B
,,,DDR1,CPNE3
,,,R3HDM2,GATA4
,,,CSNK1A1,CLTA
,,,IFNAR1,TOMM34
,,,ARFGEF2,RSL1D1
,,,IFITM3,HSPA4
,,,ZBTB10,WTAP
,,,ARPC5,HDGFL3
,,,SHC4,NT5DC1
,,,N4BP2L2,DNAJC19
,,,NAPEPLD,PAFAH1B2
,,,RUFY3,TROVE2
,,,KLHL4,AHNAK
,,,CHD8,SNX3
,,,SYNPO2,FTL
,,,SORT1,SMIM15
,,,OSBPL9,TEAD1
,,,SBNO1,CKM
,,,WT1,COX7B
,,,PALLD,AP1S2
,,,CLIC1,CAPZA1
,,,USP9X,BCL2L13
,,,PEAK1,UQCRC1
,,,MAP3K20,SRP72
,,,MBNL1,UBE2D2
,,,CENPC,UBB
,,,CPE,PCBP2
,,,DISP1,CSDC2
,,,AR,ATP5PO
,,,NBEAL1,HSBP1
,,,PIP4P2,NDUFAF8
,,,ARMCX3,SNRPD3
,,,MT1X,CWC15
,,,KIF21A,SAP30BP
,,,INTU,SETD3
,,,FAM114A1,GMPS
,,,ITGAV,PSMB2
,,,TRPC5OS,DUT
,,,YWHAG,ZNF708
,,,LYST,POLR2G
,,,PBRM1,SEC11A
,,,CNST,ATP5MPL
,,,TRIP12,ARL2
,,,SPANXN3,NAXE
,,,FAF2,NARS
,,,DDX6,VPS39
,,,SMARCA2,C16orf87
,,,ZNF644,TXNL4A
,,,IMMT,LAMTOR4
,,,U2SURP,AP2S1
,,,USP10,RTL8A
,,,DAXX,PHF6
,,,ADAM10,DECR2
,,,DBT,FAM98A
,,,PTPN11,SNRPD1
,,,DDX10,DNM1L
,,,LGR4,CGGBP1
,,,PTTG1IP,GMPR
,,,TAOK3,VPS4B
,,,HUWE1,SNRNP27
,,,SUPT16H,CYCS
,,,MED13L,F8
,,,NOL8,UBE2A
,,,KAT6A,MED4
,,,EMP3,MAP1LC3B
,,,ZBTB41,HMGB2
,,,ZNF518A,NXT2
,,,CWC22,TCEAL5
,,,USO1,ATF7IP
,,,KDM5B,RPRD1A
,,,SMC5,PPCS
,,,CEP350,IFI6
,,,PPP2R3A,RAP1B
,,,ARAP2,LYRM7
,,,DARS,GLRX5
,,,ELOVL4,NOSTRIN
,,,DEPP1,GNPDA1
,,,KIFAP3,BEX5
,,,AGPS,CAPZA2
,,,TMOD3,NDUFA10
,,,SFT2D2,MDH1
,,,,PPP2R3A
,,,,C4orf3
,,,,CHMP5
,,,,COX6A1
,,,,CALD1
,,,,TRMT112
,,,,SKP1
,,,,NDUFA1
,,,,TPRKB
,,,,EIF2A
,,,,CFAP97
,,,,TRPC5OS
,,,,RANBP1
,,,,FNDC3A
,,,,ESCO1
,,,,45914
,,,,PAPOLA
,,,,THYN1
,,,,NDUFB10
,,,,RBX1
,,,,USP16
,,,,SNRPC
,,,,PUM3
,,,,HSPE1
,,,,DYNLL1
,,,,NEDD8
,,,,TCEAL8
,,,,HMGN3
,,,,NUDT11
,,,,YPEL5
,,,,BZW1
,,,,TIMM17A
,,,,DEPP1
,,,,NDUFB4
,,,,C12orf75
,,,,TCEAL9
,,,,ZFAND6
,,,,DDX21
,,,,RNF7
,,,,SNRPG
,,,,GPATCH11
,,,,ARL3
,,,,THUMPD1
,,,,PSMA7
,,,,WASL
,,,,WDR83OS
,,,,SLIRP
,,,,SMIM4
,,,,RAB18
,,,,SMIM26
,,,,NDUFA2
,,,,ANAPC11
,,,,PSMB5
,,,,C19orf53
,,,,VPS26A
,,,,PDLIM1
,,,,GRPEL1
,,,,
,,,,
,,,,
,,,,
,,,,
,,,,
,,,,
,,,,
,,,,
,,,,
,,,,
,,,,
,,,,
,,,,
,,,,
,,,,
,,,,
,,,,
,,,,
,,,,
,,,,
,,,,
,,,,
,,,,
,,,,
,,,,
,,,,
,,,,
,,,,
,,,,
,,,,
,,,,
,,,,
,,,,
,,,,
,,,,
,,,,
,,,,
,,,,
,,,,
,,,,
,,,,
,,,,
,,,,
,,,,
,,,,
,,,,
,,,,
,,,,
,,,,
,,,,
,,,,
,,,,
,,,,
,,,,
,,,,
,,,,
,,,,
,,,,
,,,,
,,,,
,,,,
,,,,
,,,,
,,,,
,,,,
,,,,
,,,,
,,,,
,,,,
,,,,
,,,,
,,,,
,,,,
,,,,
,,,,
,,,,
,,,,
,,,,
,,,,
,,,,
,,,,
,,,,
,,,,
,,,,
,,,,
,,,,
,,,,
,,,,
,,,,
,,,,
,,,,
,,,,
,,,,
,,,,
,,,,
,,,,
,,,,
,,,,
,,,,
,,,,
,,,,
,,,,
,,,,
,,,,
,,,,
,,,,
,,,,
,,,,
,,,,
,,,,
,,,,
,,,,
,,,,
,,,,
,,,,
,,,,
,,,,
,,,,
,,,,
,,,,
,,,,
,,,,
,,,,
,,,,
,,,,
,,,,
,,,,
,,,,
,,,,
,,,,
,,,,
,,,,
,,,,
,,,,
,,,,
,,,,
,,,,
,,,,
,,,,
,,,,
,,,,
,,,,
,,,,
,,,,
,,,,
,,,,
,,,,
,,,,
,,,,
,,,,
,,,,
,,,,
,,,,
,,,,
,,,,
,,,,
,,,,
,,,,
,,,,
,,,,
,,,,
,,,,
,,,,
,,,,
,,,,
,,,,
,,,,
,,,,
,,,,
,,,,
,,,,
,,,,
,,,,
,,,,
,,,,
,,,,
,,,,
,,,,
,,,,
,,,,
,,,,
,,,,
,,,,
,,,,
,,,,
,,,,
,,,,
,,,,
,,,,
,,,,
,,,,
,,,,
,,,,
,,,,
,,,,
,,,,
,,,,
,,,,
,,,,
,,,,
,,,,
,,,,
,,,,
,,,,
,,,,
,,,,
,,,,
,,,,
,,,,
,,,,
,,,,
,,,,
,,,,
,,,,
,,,,
,,,,
,,,,
,,,,
,,,,
,,,,
,,,,
,,,,
,,,,
,,,,
,,,,
,,,,
,,,,
,,,,
,,,,
,,,,
,,,,
,,,,
,,,,
,,,,
,,,,
,,,,
,,,,
,,,,
,,,,
,,,,
,,,,
,,,,
,,,,
,,,,
,,,,
,,,,
,,,,
,,,,
,,,,
,,,,
,,,,
,,,,
,,,,
,,,,
,,,,
,,,,
,,,,
,,,,
,,,,
,,,,
,,,,
,,,,
,,,,
,,,,
,,,,
,,,,
,,,,
,,,,
,,,,
,,,,
,,,,
,,,,
,,,,
,,,,
,,,,
,,,,
,,,,
,,,,
,,,,
,,,,
,,,,
,,,,
,,,,
,,,,
,,,,
,,,,
,,,,
,,,,
,,,,
,,,,
,,,,
,,,,
,,,,
,,,,
,,,,
,,,,
,,,,
,,,,
,,,,
,,,,
,,,,
,,,,
,,,,
,,,,
,,,,
,,,,
,,,,
,,,,
,,,,
,,,,
,,,,
,,,,
,,,,
,,,,
,,,,
,,,,
,,,,
,,,,
,,,,
,,,,
,,,,
,,,,
,,,,
,,,,
,,,,
,,,,
,,,,
,,,,
,,,,
,,,,
,,,,
,,,,
,,,,
,,,,
,,,,
,,,,
,,,,
,,,,
,,,,
,,,,
,,,,
,,,,
,,,,
,,,,
,,,,
,,,,
,,,,
,,,,
,,,,
,,,,
,,,,
,,,,
,,,,
,,,,
,,,,
,,,,
,,,,
,,,,
,,,,
,,,,
,,,,
,,,,
,,,,
,,,,
,,,,
,,,,
,,,,
,,,,
,,,,
,,,,
,,,,
,,,,
,,,,
,,,,
,,,,
,,,,
,,,,
,,,,
,,,,
,,,,
,,,,
,,,,
,,,,
,,,,
,,,,
,,,,
,,,,
,,,,
,,,,
,,,,
,,,,
,,,,
,,,,
,,,,
,,,,
,,,,
,,,,
,,,,
,,,,
,,,,
,,,,
,,,,
,,,,
,,,,
,,,,
,,,,
,,,,
,,,,
,,,,
,,,,
,,,,
,,,,
,,,,
,,,,
,,,,
,,,,
,,,,
,,,,
,,,,
,,,,
,,,,
,,,,
,,,,
,,,,
,,,,
,,,,
,,,,
,,,,
,,,,
,,,,
,,,,
,,,,
,,,,
,,,,
,,,,
,,,,
,,,,
,,,,
,,,,
,,,,
,,,,
,,,,
,,,,
,,,,
,,,,
,,,,
,,,,
,,,,
,,,,
,,,,
,,,,
,,,,
,,,,
,,,,
,,,,
,,,,
,,,,
,,,,
,,,,
,,,,
,,,,
,,,,
,,,,
,,,,
,,,,
,,,,
,,,,
,,,,
,,,,
,,,,
,,,,
,,,,
,,,,
,,,,
,,,,
,,,,
,,,,
,,,,
,,,,
,,,,
,,,,
,,,,
,,,,
,,,,
,,,,
,,,,
,,,,
,,,,
,,,,
,,,,
,,,,
,,,,
,,,,
,,,,
,,,,
,,,,
,,,,
,,,,
,,,,
,,,,
,,,,
,,,,
,,,,
,,,,
,,,,
,,,,
,,,,
,,,,
,,,,
,,,,
,,,,
,,,,
,,,,
,,,,
,,,,
,,,,
,,,,
,,,,
,,,,
,,,,
,,,,
,,,,
,,,,
,,,,
,,,,
,,,,
,,,,
,,,,
,,,,
,,,,
,,,,
,,,,
,,,,
,,,,
,,,,
,,,,
,,,,
,,,,
,,,,
,,,,
,,,,
,,,,
,,,,
,,,,
,,,,
,,,,
,,,,
,,,,
,,,,
,,,,
,,,,
,,,,
,,,,
,,,,
,,,,
,,,,
,,,,
,,,,
,,,,
,,,,
,,,,
,,,,
,,,,
,,,,
,,,,
,,,,
,,,,
,,,,
,,,,
,,,,
,,,,
,,,,
,,,,
,,,,
,,,,
,,,,
,,,,
,,,,
,,,,
,,,,
,,,,
,,,,
,,,,
,,,,
,,,,
,,,,
,,,,
,,,,
,,,,
,,,,
,,,,
,,,,
,,,,
,,,,
,,,,
,,,,
,,,,
,,,,
,,,,
,,,,
,,,,
,,,,
,,,,
,,,,
,,,,
,,,,
,,,,
,,,,
,,,,
,,,,
,,,,
,,,,
,,,,
,,,,
,,,,
,,,,
,,,,
,,,,
,,,,
,,,,
,,,,
,,,,
,,,,
,,,,
,,,,
,,,,
,,,,
,,,,
,,,,
,,,,
,,,,
,,,,
,,,,
,,,,
,,,,
,,,,
,,,,
,,,,
,,,,
,,,,
,,,,
,,,,
,,,,
,,,,
,,,,
,,,,
,,,,
,,,,
,,,,
,,,,
,,,,
,,,,
,,,,
,,,,
,,,,
,,,,
,,,,
,,,,
,,,,
,,,,
,,,,
,,,,
,,,,
,,,,
,,,,
,,,,
,,,,
,,,,
,,,,
,,,,
,,,,
,,,,
,,,,
,,,,
,,,,
,,,,
,,,,
,,,,
,,,,
,,,,
,,,,
,,,,
,,,,
,,,,
,,,,
,,,,
,,,,
,,,,
,,,,
,,,,
,,,,
,,,,
,,,,
,,,,
,,,,
,,,,
,,,,
,,,,
,,,,
,,,,
,,,,
,,,,
,,,,
,,,,
,,,,
,,,,
,,,,
,,,,
,,,,
,,,,
,,,,
,,,,
,,,,
,,,,
,,,,
,,,,
,,,,
,,,,
,,,,
,,,,
,,,,
,,,,
,,,,
,,,,
,,,,
,,,,
,,,,
,,,,
,,,,
,,,,
,,,,
,,,,
,,,,
,,,,
,,,,
,,,,
,,,,
,,,,
,,,,
,,,,
,,,,
,,,,
,,,,
,,,,
,,,,
,,,,
,,,,
,,,,
,,,,
,,,,
,,,,
,,,,
,,,,
,,,,
,,,,
,,,,
,,,,
,,,,
,,,,
,,,,
,,,,
,,,,
,,,,
,,,,
,,,,
,,,,
,,,,
,,,,
,,,,
,,,,
,,,,
,,,,
,,,,
,,,,
,,,,
,,,,
,,,,
,,,,
,,,,
,,,,
,,,,
,,,,
,,,,
,,,,
,,,,
,,,,
,,,,
,,,,
,,,,
,,,,
,,,,
,,,,
,,,,
,,,,
,,,,
,,,,
,,,,
,,,,
,,,,
,,,,
,,,,
,,,,
,,,,
,,,,
,,,,
,,,,
,,,,
,,,,
,,,,
,,,,
,,,,
,,,,
,,,,
,,,,
,,,,
,,,,
,,,,
,,,,
,,,,
,,,,
,,,,
,,,,
,,,,
,,,,
,,,,
,,,,
,,,,
,,,,
,,,,
,,,,
,,,,
,,,,
,,,,
,,,,
,,,,
,,,,
,,,,
,,,,
,,,,
,,,,
,,,,
,,,,
,,,,
,,,,
,,,,
,,,,
,,,,
,,,,
,,,,
,,,,
,,,,
,,,,
,,,,
,,,,
,,,,
,,,,
,,,,
,,,,
,,,,
,,,,
,,,,
,,,,
,,,,
,,,,
,,,,
,,,,
,,,,
,,,,
,,,,
,,,,
,,,,
,,,,
,,,,
,,,,
,,,,
,,,,
,,,,
,,,,
,,,,
,,,,
,,,,
,,,,
,,,,
,,,,
,,,,
,,,,
,,,,
,,,,
,,,,
,,,,
,,,,
,,,,
,,,,
,,,,
,,,,
,,,,
,,,,
,,,,
,,,,
,,,,
,,,,
,,,,
,,,,
,,,,
,,,,
,,,,
,,,,
,,,,
,,,,
,,,,
,,,,
,,,,
,,,,
,,,,
,,,,
,,,,
,,,,
,,,,
,,,,
,,,,
,,,,
,,,,
,,,,
,,,,
,,,,
,,,,
,,,,
,,,,
,,,,
,,,,
,,,,
,,,,
,,,,
,,,,
,,,,
,,,,
,,,,
,,,,
,,,,
,,,,
,,,,
,,,,
,,,,
,,,,
,,,,
,,,,
,,,,
,,,,
,,,,
,,,,
,,,,
,,,,
,,,,
,,,,
,,,,
,,,,
,,,,
,,,,
,,,,
,,,,
,,,,
,,,,
,,,,
,,,,
,,,,
,,,,
,,,,
,,,,
,,,,
,,,,
,,,,
,,,,
,,,,
,,,,
,,,,
,,,,
,,,,
,,,,
,,,,
,,,,
,,,,
,,,,
,,,,
,,,,
,,,,
,,,,
,,,,
,,,,
,,,,
,,,,
,,,,
,,,,
,,,,
,,,,
,,,,
,,,,
,,,,
,,,,
,,,,
,,,,
,,,,
,,,,
,,,,
,,,,
,,,,
,,,,
,,,,
,,,,
,,,,
,,,,
,,,,
,,,,
,,,,
,,,,
,,,,
,,,,
,,,,
,,,,
,,,,
,,,,
,,,,
,,,,
,,,,
,,,,
,,,,
,,,,
,,,,
,,,,
,,,,
,,,,
,,,,
,,,,
,,,,
,,,,
,,,,
,,,,
,,,,
,,,,
,,,,
,,,,
,,,,
,,,,
,,,,
,,,,
,,,,
,,,,
,,,,
,,,,
,,,,
,,,,
,,,,
,,,,
,,,,
,,,,
,,,,
,,,,
,,,,
,,,,
,,,,
,,,,
,,,,
,,,,
,,,,
,,,,
,,,,
,,,,
,,,,
,,,,
,,,,
,,,,
,,,,
,,,,
,,,,
,,,,
,,,,
,,,,
,,,,
,,,,
,,,,
,,,,
,,,,
,,,,
,,,,
,,,,
,,,,
,,,,
,,,,
,,,,
,,,,
,,,,
,,,,
,,,,
,,,,
,,,,
,,,,
,,,,
,,,,
,,,,
,,,,
,,,,
,,,,
,,,,
,,,,
,,,,
,,,,
,,,,
,,,,
,,,,
,,,,
,,,,
,,,,
,,,,
,,,,
,,,,
,,,,
,,,,
,,,,
,,,,
,,,,
,,,,
,,,,
,,,,
,,,,
,,,,
,,,,
,,,,
,,,,
,,,,
,,,,
,,,,
,,,,
,,,,
,,,,
,,,,
,,,,
,,,,
,,,,
,,,,
,,,,
,,,,
,,,,
,,,,
,,,,
,,,,
,,,,
,,,,
,,,,
,,,,
,,,,
,,,,
,,,,
,,,,
,,,,
,,,,
,,,,
,,,,
,,,,
,,,,
,,,,
,,,,
,,,,
,,,,
,,,,
,,,,
,,,,
,,,,
,,,,
,,,,
,,,,
,,,,
,,,,
,,,,
,,,,
,,,,
,,,,
,,,,
,,,,
,,,,
,,,,
,,,,
,,,,
,,,,
,,,,
,,,,
,,,,
,,,,
,,,,
,,,,
,,,,
,,,,
,,,,
,,,,
,,,,
,,,,
,,,,
,,,,
,,,,
,,,,
,,,,
,,,,
,,,,
,,,,
,,,,
,,,,
,,,,
,,,,
,,,,
,,,,
,,,,
,,,,
,,,,
,,,,
,,,,
,,,,
,,,,
,,,,
,,,,
,,,,
,,,,
,,,,
,,,,
,,,,
,,,,
,,,,
,,,,
,,,,
,,,,
,,,,
,,,,
,,,,
,,,,
,,,,
,,,,
,,,,
,,,,
,,,,
,,,,
,,,,
,,,,
,,,,
,,,,
,,,,
,,,,
,,,,
,,,,
,,,,
,,,,
,,,,
,,,,
,,,,
,,,,
,,,,
,,,,
,,,,
,,,,
,,,,
,,,,
,,,,
,,,,
,,,,
,,,,
,,,,
,,,,
,,,,
,,,,
,,,,
,,,,
,,,,
,,,,
,,,,
,,,,
,,,,
,,,,
,,,,
,,,,
,,,,
,,,,
,,,,
,,,,
,,,,
,,,,
,,,,
,,,,
,,,,
,,,,
,,,,
,,,,
,,,,
,,,,
,,,,
,,,,
,,,,
,,,,
,,,,
,,,,
,,,,
,,,,
,,,,
,,,,
,,,,
,,,,
,,,,
,,,,
,,,,
,,,,
,,,,
,,,,
,,,,
,,,,
,,,,
,,,,
,,,,
,,,,
,,,,
,,,,
,,,,
,,,,
,,,,
,,,,
,,,,
,,,,
,,,,
,,,,
,,,,
,,,,
,,,,
,,,,
,,,,
,,,,
,,,,
,,,,
,,,,
,,,,
,,,,
,,,,
,,,,
,,,,
,,,,
,,,,
,,,,
,,,,
,,,,
,,,,
,,,,
,,,,
,,,,
,,,,
,,,,
,,,,
,,,,
,,,,
,,,,
,,,,
,,,,
,,,,
,,,,
,,,,
,,,,
,,,,
,,,,
,,,,
,,,,
,,,,
,,,,
,,,,
,,,,
,,,,
,,,,
,,,,
,,,,
,,,,
,,,,
,,,,
,,,,
,,,,
,,,,
,,,,
,,,,
,,,,
,,,,
,,,,
,,,,
,,,,
,,,,
,,,,
,,,,
,,,,
,,,,
,,,,
,,,,
,,,,
,,,,
,,,,
,,,,
,,,,
,,,,
,,,,
,,,,
,,,,
,,,,
,,,,
,,,,
,,,,
,,,,
,,,,
,,,,
,,,,
,,,,
,,,,
,,,,
,,,,
,,,,
,,,,
,,,,
,,,,
,,,,
,,,,
,,,,
,,,,
,,,,
,,,,
,,,,
,,,,
,,,,
,,,,
,,,,
,,,,
,,,,
,,,,
,,,,
,,,,
,,,,
,,,,
,,,,
,,,,
,,,,
,,,,
,,,,
,,,,
,,,,
,,,,
,,,,
,,,,
,,,,
,,,,
,,,,
,,,,
,,,,
,,,,
,,,,
,,,,
,,,,
,,,,
,,,,
,,,,
,,,,
,,,,
,,,,
,,,,
,,,,
,,,,
,,,,
,,,,
,,,,
,,,,
,,,,
,,,,
,,,,
,,,,
,,,,
,,,,
,,,,
,,,,
,,,,
,,,,
,,,,
,,,,
,,,,
,,,,
,,,,
,,,,
,,,,
,,,,
,,,,
,,,,
,,,,
,,,,
,,,,
,,,,
,,,,
,,,,
,,,,
,,,,
,,,,
,,,,
,,,,
,,,,
,,,,
,,,,
,,,,
,,,,
,,,,
,,,,
,,,,
,,,,
,,,,
,,,,
,,,,
,,,,
,,,,
,,,,
,,,,
,,,,
,,,,
,,,,
,,,,
,,,,
,,,,
,,,,
,,,,
,,,,
,,,,
,,,,
,,,,
,,,,
,,,,
,,,,
,,,,
,,,,
,,,,
,,,,
,,,,
,,,,
,,,,
,,,,
,,,,
,,,,
,,,,
,,,,
,,,,
,,,,
,,,,
,,,,
,,,,
,,,,
,,,,
,,,,
,,,,
,,,,
,,,,
,,,,
,,,,
,,,,
,,,,
,,,,
,,,,
,,,,
,,,,
,,,,
,,,,
,,,,
,,,,
,,,,
,,,,
,,,,
,,,,
,,,,
,,,,
,,,,
,,,,
,,,,
,,,,
,,,,
,,,,
,,,,
,,,,
,,,,
,,,,
,,,,
,,,,
,,,,
,,,,
,,,,
,,,,
,,,,
,,,,
,,,,
,,,,
,,,,
,,,,
,,,,
,,,,
,,,,
,,,,
,,,,
,,,,
,,,,
,,,,
,,,,
,,,,
,,,,
,,,,
,,,,
,,,,
,,,,
,,,,
,,,,
,,,,
,,,,
,,,,
,,,,
,,,,
,,,,
,,,,
,,,,
,,,,
,,,,
,,,,
,,,,
,,,,
,,,,
,,,,
,,,,
,,,,
,,,,
,,,,
,,,,
,,,,
,,,,
,,,,
,,,,
,,,,
,,,,
,,,,
,,,,
,,,,
,,,,
,,,,
,,,,
,,,,
,,,,
,,,,
,,,,
,,,,
,,,,
,,,,
,,,,
,,,,
,,,,
,,,,
,,,,
,,,,
,,,,
,,,,
,,,,
,,,,
,,,,
,,,,
,,,,
,,,,
,,,,
,,,,
,,,,
,,,,
,,,,
,,,,
,,,,
,,,,
,,,,
,,,,
,,,,
,,,,
,,,,
,,,,
,,,,
,,,,
,,,,
,,,,
,,,,
,,,,
,,,,
,,,,
,,,,
,,,,
,,,,
,,,,
,,,,
,,,,
,,,,
,,,,
,,,,
,,,,
,,,,
,,,,
,,,,
,,,,
,,,,
,,,,
,,,,
,,,,
,,,,
,,,,
,,,,
,,,,
,,,,
,,,,
,,,,
,,,,
,,,,
,,,,
,,,,
,,,,
,,,,
,,,,
,,,,
,,,,
,,,,
,,,,
,,,,
,,,,
,,,,
,,,,
,,,,
,,,,
,,,,
,,,,
,,,,
,,,,
,,,,
,,,,
,,,,
,,,,
,,,,
,,,,
,,,,
,,,,
,,,,
,,,,
,,,,
,,,,
,,,,
,,,,
,,,,
,,,,
,,,,
,,,,
,,,,
,,,,
,,,,
,,,,
,,,,
,,,,
,,,,
,,,,
,,,,
,,,,
,,,,
,,,,
,,,,
,,,,
,,,,
,,,,
,,,,
,,,,
,,,,
,,,,
,,,,
,,,,
,,,,
,,,,
,,,,
,,,,
,,,,
,,,,
,,,,
,,,,
,,,,
,,,,
,,,,
,,,,
,,,,
,,,,
,,,,
,,,,
,,,,
,,,,
,,,,
,,,,
,,,,
,,,,
,,,,
,,,,
,,,,
,,,,
,,,,
,,,,
,,,,
,,,,
,,,,
,,,,
,,,,
,,,,
,,,,
,,,,
,,,,
,,,,
,,,,
,,,,
,,,,
,,,,
,,,,
,,,,
,,,,
,,,,
,,,,
,,,,
,,,,
,,,,
,,,,
,,,,
,,,,
,,,,
,,,,
,,,,
,,,,
,,,,
,,,,
,,,,
,,,,
,,,,
,,,,
,,,,
,,,,
,,,,
,,,,
,,,,
,,,,
,,,,
,,,,
,,,,
,,,,
,,,,
,,,,
,,,,
,,,,
,,,,
,,,,
,,,,
,,,,
,,,,
,,,,
,,,,
,,,,
,,,,
,,,,
,,,,
,,,,
,,,,
,,,,
,,,,
,,,,
,,,,
,,,,
,,,,
,,,,
,,,,
,,,,
,,,,
,,,,
,,,,
,,,,
,,,,
,,,,
,,,,
,,,,
,,,,
,,,,
,,,,
,,,,
,,,,
,,,,
,,,,
,,,,
,,,,
,,,,
,,,,
,,,,
,,,,
,,,,
,,,,
,,,,
,,,,
,,,,
,,,,
,,,,
,,,,
,,,,
,,,,
,,,,
,,,,
,,,,
,,,,
,,,,
,,,,
,,,,
,,,,
,,,,
,,,,
,,,,
,,,,
,,,,
,,,,
,,,,
,,,,
,,,,
,,,,
,,,,
,,,,
,,,,
,,,,
,,,,
,,,,
,,,,
,,,,
,,,,
,,,,
,,,,
,,,,
,,,,
,,,,
,,,,
,,,,
,,,,
,,,,
,,,,
,,,,
,,,,
,,,,
,,,,
,,,,
,,,,
,,,,
,,,,
,,,,
,,,,
,,,,
,,,,
,,,,
,,,,
,,,,
,,,,
,,,,
,,,,
,,,,
,,,,
,,,,
,,,,
,,,,
,,,,
,,,,
,,,,
,,,,
,,,,
,,,,
,,,,
,,,,
,,,,
,,,,
,,,,
,,,,
,,,,
,,,,
,,,,
,,,,
,,,,
,,,,
,,,,
,,,,
,,,,
,,,,
,,,,
,,,,
,,,,
,,,,
,,,,
,,,,
,,,,
,,,,
,,,,
,,,,
,,,,
,,,,
,,,,
,,,,
,,,,
,,,,
,,,,
,,,,
,,,,
,,,,
,,,,
,,,,
,,,,
,,,,
,,,,
,,,,
,,,,
,,,,
,,,,
,,,,
,,,,
,,,,
,,,,
,,,,
,,,,
,,,,
,,,,
,,,,
,,,,
,,,,
,,,,
,,,,
,,,,
,,,,
,,,,
,,,,
,,,,
,,,,
,,,,
,,,,
,,,,
,,,,
,,,,
,,,,
,,,,
,,,,
,,,,
,,,,
,,,,
,,,,
,,,,
,,,,
,,,,
,,,,
,,,,
,,,,
,,,,
,,,,
,,,,
,,,,
,,,,
,,,,
,,,,
,,,,
,,,,
,,,,
,,,,
,,,,
,,,,
,,,,
,,,,
,,,,
,,,,
,,,,
,,,,
,,,,
,,,,
,,,,
,,,,
,,,,
,,,,
,,,,
,,,,
,,,,
,,,,
,,,,
,,,,
,,,,
,,,,
,,,,
,,,,
,,,,
,,,,
,,,,
,,,,
,,,,
,,,,
,,,,
,,,,
,,,,
,,,,
,,,,
,,,,
,,,,
,,,,
,,,,
,,,,
,,,,
,,,,
,,,,
,,,,
,,,,
,,,,
,,,,
,,,,
,,,,
,,,,
,,,,
,,,,
,,,,
,,,,
,,,,
,,,,
,,,,
,,,,
,,,,
,,,,
,,,,
,,,,
,,,,
,,,,
,,,,
,,,,
,,,,
,,,,
,,,,
,,,,
,,,,
,,,,
,,,,
,,,,
,,,,
,,,,
,,,,
,,,,
,,,,
,,,,
,,,,
,,,,
,,,,
,,,,
,,,,
,,,,
,,,,
,,,,
,,,,
,,,,
,,,,
,,,,
,,,,
,,,,
,,,,
,,,,
,,,,
,,,,
,,,,
,,,,
,,,,
,,,,
,,,,
,,,,
,,,,
,,,,
,,,,
,,,,
,,,,
,,,,
,,,,
,,,,
,,,,
,,,,
,,,,
,,,,
,,,,
,,,,
,,,,
,,,,
,,,,
,,,,
,,,,
,,,,
,,,,
,,,,
,,,,
,,,,
,,,,
,,,,
,,,,
,,,,
,,,,
,,,,
,,,,
,,,,
,,,,
,,,,
,,,,
,,,,
,,,,
,,,,
,,,,
,,,,
,,,,
,,,,
,,,,
,,,,
,,,,
,,,,
,,,,
,,,,
,,,,
,,,,
,,,,
,,,,
,,,,
,,,,
,,,,
,,,,
,,,,
,,,,
,,,,
,,,,
,,,,
,,,,
,,,,
,,,,
,,,,
,,,,
,,,,
,,,,
,,,,
,,,,
,,,,
,,,,
,,,,
,,,,
,,,,
,,,,
,,,,
,,,,
,,,,
,,,,
,,,,
,,,,
,,,,
,,,,
,,,,
,,,,
,,,,
,,,,
,,,,
,,,,
,,,,
,,,,
,,,,
,,,,
,,,,
,,,,
,,,,
,,,,
,,,,
,,,,
,,,,
,,,,
,,,,
,,,,
,,,,
,,,,
,,,,
,,,,
,,,,
,,,,
,,,,
,,,,
,,,,
,,,,
,,,,
,,,,
,,,,
,,,,
,,,,
,,,,
,,,,
,,,,
,,,,
,,,,
,,,,
,,,,
,,,,
,,,,
,,,,
,,,,
,,,,
,,,,
,,,,
,,,,
,,,,
,,,,
,,,,
,,,,
,,,,
,,,,
,,,,
,,,,
,,,,
,,,,
,,,,
,,,,
,,,,
,,,,
,,,,
,,,,
,,,,
,,,,
,,,,
,,,,
,,,,
,,,,
,,,,
,,,,
,,,,
,,,,
,,,,
,,,,
,,,,
,,,,
,,,,
,,,,
,,,,
,,,,
,,,,
,,,,
,,,,
,,,,
,,,,
,,,,
,,,,
,,,,
,,,,
,,,,
,,,,
,,,,
,,,,
,,,,
,,,,
,,,,
,,,,
,,,,
,,,,
,,,,
,,,,
,,,,
,,,,
,,,,
,,,,
,,,,
,,,,
,,,,
,,,,
,,,,
,,,,
,,,,
,,,,
,,,,
,,,,
,,,,
,,,,
,,,,
,,,,
,,,,
,,,,
,,,,
,,,,
,,,,
,,,,
,,,,
,,,,
,,,,
,,,,
,,,,
,,,,
,,,,
,,,,
,,,,
,,,,
,,,,
,,,,
,,,,
,,,,
,,,,
,,,,
,,,,
,,,,
,,,,
,,,,
,,,,
,,,,
,,,,
,,,,
,,,,
,,,,
,,,,
,,,,
,,,,
,,,,
,,,,
,,,,
,,,,
,,,,
,,,,
,,,,
,,,,
,,,,
,,,,
,,,,
,,,,
,,,,
,,,,
,,,,
,,,,
,,,,
,,,,
,,,,
,,,,
,,,,
,,,,
,,,,
,,,,
,,,,
,,,,
,,,,
,,,,
,,,,
,,,,
,,,,
,,,,
,,,,
,,,,
,,,,
,,,,
,,,,
,,,,
,,,,
,,,,
,,,,
,,,,
,,,,
,,,,
,,,,
,,,,
,,,,
,,,,
,,,,
,,,,
,,,,
,,,,
,,,,
,,,,
,,,,
,,,,
,,,,
,,,,
,,,,
,,,,
,,,,
,,,,
,,,,
,,,,
,,,,
,,,,
,,,,
,,,,
,,,,
,,,,
,,,,
,,,,
,,,,
,,,,
,,,,
,,,,
,,,,
,,,,
,,,,
,,,,
,,,,
,,,,
,,,,
,,,,
,,,,
,,,,
,,,,
,,,,
,,,,
,,,,
,,,,
,,,,
,,,,
,,,,
,,,,
,,,,
,,,,
,,,,
,,,,
,,,,
,,,,
,,,,
,,,,
,,,,
,,,,
,,,,
,,,,
,,,,
,,,,
,,,,
,,,,
,,,,
,,,,
,,,,
,,,,
,,,,
,,,,
,,,,
,,,,
,,,,
,,,,
,,,,
,,,,
,,,,
,,,,
,,,,
,,,,
,,,,
,,,,
,,,,
,,,,
,,,,
,,,,
,,,,
,,,,
,,,,
,,,,
,,,,
,,,,
,,,,
,,,,
,,,,
,,,,
,,,,
,,,,
,,,,
,,,,
,,,,
,,,,
,,,,
,,,,
,,,,
,,,,
,,,,
,,,,
,,,,
,,,,
,,,,
,,,,
,,,,
,,,,
,,,,
,,,,
,,,,
,,,,
,,,,
,,,,
,,,,
,,,,
,,,,
,,,,
,,,,
,,,,
,,,,
,,,,
,,,,
,,,,
,,,,
,,,,
,,,,
,,,,
,,,,
,,,,
,,,,
,,,,
,,,,
,,,,
,,,,
,,,,
,,,,
,,,,
,,,,
,,,,
,,,,
,,,,
,,,,
,,,,
,,,,
,,,,
,,,,
,,,,
,,,,
,,,,
,,,,
,,,,
,,,,
,,,,
,,,,
,,,,
,,,,
,,,,
,,,,
,,,,
,,,,
,,,,
,,,,
,,,,
,,,,
,,,,
,,,,
,,,,
,,,,
,,,,
,,,,
,,,,
,,,,
,,,,
,,,,
,,,,
,,,,
,,,,
,,,,
,,,,
,,,,
,,,,
,,,,
,,,,
,,,,
,,,,
,,,,
,,,,
,,,,
,,,,
,,,,
,,,,
,,,,
,,,,
,,,,
,,,,
,,,,
,,,,
,,,,
,,,,
,,,,
,,,,
,,,,
,,,,
,,,,
,,,,
,,,,
,,,,
,,,,
,,,,
,,,,
,,,,
,,,,
,,,,
,,,,
,,,,
,,,,
,,,,
,,,,
,,,,
,,,,
,,,,
,,,,
,,,,
,,,,
,,,,
,,,,
,,,,
,,,,
,,,,
,,,,
,,,,
,,,,
,,,,
,,,,
,,,,
,,,,
,,,,
,,,,
,,,,
,,,,
,,,,
,,,,
,,,,
,,,,
,,,,
,,,,
,,,,
,,,,
,,,,
,,,,
,,,,
,,,,
,,,,
,,,,
,,,,
,,,,
,,,,
,,,,
,,,,
,,,,
,,,,
,,,,
,,,,
,,,,
,,,,
,,,,
,,,,
,,,,
,,,,
,,,,
,,,,
,,,,
,,,,
,,,,
,,,,
,,,,
,,,,
,,,,
,,,,
,,,,
,,,,
,,,,
,,,,
,,,,
,,,,
,,,,
,,,,
,,,,
,,,,
,,,,
,,,,
,,,,
,,,,
,,,,
,,,,
,,,,
,,,,
,,,,
,,,,
,,,,
,,,,
,,,,
,,,,
,,,,
,,,,
,,,,
,,,,
,,,,
,,,,
,,,,
,,,,
,,,,
,,,,
,,,,
,,,,
,,,,
,,,,
,,,,
,,,,
,,,,
,,,,
,,,,
,,,,
,,,,
,,,,
,,,,
,,,,
,,,,
,,,,
,,,,
,,,,
,,,,
,,,,
,,,,
,,,,
,,,,
,,,,
,,,,
,,,,
,,,,
,,,,
,,,,
,,,,
,,,,
,,,,
,,,,
,,,,
,,,,
,,,,
,,,,
,,,,
,,,,
,,,,
,,,,
,,,,
,,,,
,,,,
,,,,
,,,,
,,,,
,,,,
,,,,
,,,,
,,,,
,,,,
,,,,
,,,,
,,,,
,,,,
,,,,
,,,,
,,,,
,,,,
,,,,
,,,,
,,,,
,,,,
,,,,
,,,,
,,,,
,,,,
,,,,
,,,,
,,,,
,,,,
,,,,
,,,,
,,,,
,,,,
,,,,
,,,,
,,,,
,,,,
,,,,
,,,,
,,,,
,,,,
,,,,
,,,,
,,,,
,,,,
,,,,
,,,,
,,,,
,,,,
,,,,
,,,,
,,,,
,,,,
,,,,
,,,,
,,,,
,,,,
,,,,
,,,,
,,,,
,,,,
,,,,
,,,,
,,,,
,,,,
,,,,
,,,,
,,,,
,,,,
,,,,
,,,,
,,,,
,,,,
,,,,
,,,,
,,,,
,,,,
,,,,
,,,,
,,,,
,,,,
,,,,
,,,,
,,,,
,,,,
,,,,
,,,,
,,,,
,,,,
,,,,
,,,,
,,,,
,,,,
,,,,
,,,,
,,,,
,,,,
,,,,
,,,,
,,,,
,,,,
,,,,
,,,,
,,,,
,,,,
,,,,
,,,,
,,,,
,,,,
,,,,
,,,,
,,,,
,,,,
,,,,
,,,,
,,,,
,,,,
,,,,
,,,,
,,,,
,,,,
,,,,
,,,,
,,,,
,,,,
,,,,
,,,,
,,,,
,,,,
,,,,
,,,,
,,,,
,,,,
,,,,
,,,,
,,,,
,,,,
,,,,
,,,,
,,,,
,,,,
,,,,
,,,,
,,,,
,,,,
,,,,
,,,,
,,,,
,,,,
,,,,
,,,,
,,,,
,,,,
,,,,
,,,,
,,,,
,,,,
,,,,
,,,,
,,,,
,,,,
,,,,
,,,,
,,,,
,,,,
,,,,
,,,,
,,,,
,,,,
,,,,
,,,,
,,,,
,,,,
,,,,
,,,,
,,,,
,,,,
,,,,
,,,,
,,,,
,,,,
,,,,
,,,,
,,,,
,,,,
,,,,
,,,,
,,,,
,,,,
,,,,
,,,,
,,,,
,,,,
,,,,
,,,,
,,,,
,,,,
,,,,
,,,,
,,,,
,,,,
,,,,
,,,,
,,,,
,,,,
,,,,
,,,,
,,,,
,,,,
,,,,
,,,,
,,,,
,,,,
,,,,
,,,,
,,,,
,,,,
,,,,
,,,,
,,,,
,,,,
,,,,
,,,,
,,,,
,,,,
,,,,
,,,,
,,,,
,,,,
,,,,
,,,,
,,,,
,,,,
,,,,
,,,,
,,,,
,,,,
,,,,
,,,,
,,,,
,,,,
,,,,
,,,,
,,,,
,,,,
,,,,
,,,,
,,,,
,,,,
,,,,
,,,,
,,,,
,,,,
,,,,
,,,,
,,,,
,,,,
,,,,
,,,,
,,,,
,,,,
,,,,
,,,,
,,,,
,,,,
,,,,
,,,,
,,,,
,,,,
,,,,
,,,,
,,,,
,,,,
,,,,
,,,,
,,,,
,,,,
,,,,
,,,,
,,,,
,,,,
,,,,
,,,,
,,,,
,,,,
,,,,
,,,,
,,,,
,,,,
,,,,
,,,,
,,,,
,,,,
,,,,
,,,,
,,,,
,,,,
,,,,
,,,,
,,,,
,,,,
,,,,
,,,,
,,,,
,,,,
,,,,
,,,,
,,,,
,,,,
,,,,
,,,,
,,,,
,,,,
,,,,
,,,,
,,,,
,,,,
,,,,
,,,,
,,,,
,,,,
,,,,
,,,,
,,,,
,,,,
,,,,
,,,,
,,,,
,,,,
,,,,
,,,,
,,,,
,,,,
,,,,
,,,,
,,,,
,,,,
,,,,
,,,,
,,,,
,,,,
,,,,
,,,,
,,,,
,,,,
,,,,
,,,,
,,,,
,,,,
,,,,
,,,,
,,,,
,,,,
,,,,
,,,,
,,,,
,,,,
,,,,
,,,,
,,,,
,,,,
,,,,
,,,,
,,,,
,,,,
,,,,
,,,,
,,,,
,,,,
,,,,
,,,,
,,,,
,,,,
,,,,
,,,,
,,,,
,,,,
,,,,
,,,,
,,,,
,,,,
,,,,
,,,,
,,,,
,,,,
,,,,
,,,,
,,,,
,,,,
,,,,
,,,,
,,,,
,,,,
,,,,
,,,,
,,,,
,,,,
,,,,
,,,,
,,,,
,,,,
,,,,
,,,,
,,,,
,,,,
,,,,
,,,,
,,,,
,,,,
,,,,
,,,,
,,,,
,,,,
,,,,
,,,,
,,,,
,,,,
,,,,
,,,,
,,,,
,,,,
,,,,
,,,,
,,,,
,,,,
,,,,
,,,,
,,,,
,,,,
,,,,
,,,,
,,,,
,,,,
,,,,
,,,,
,,,,
,,,,
,,,,
,,,,
,,,,
,,,,
,,,,
,,,,
,,,,
,,,,
,,,,
,,,,
,,,,
,,,,
,,,,
,,,,
,,,,
,,,,
,,,,
,,,,
,,,,
,,,,
,,,,
,,,,
,,,,
,,,,
,,,,
,,,,
,,,,
,,,,
,,,,
,,,,
,,,,
,,,,
,,,,
,,,,
,,,,
,,,,
,,,,
,,,,
,,,,
,,,,
,,,,
,,,,
,,,,
,,,,
,,,,
,,,,
,,,,
,,,,
,,,,
,,,,
,,,,
,,,,
,,,,
,,,,
,,,,
,,,,
,,,,
,,,,
,,,,
,,,,
,,,,
,,,,
,,,,
,,,,
,,,,
,,,,
,,,,
,,,,
,,,,
,,,,
,,,,
,,,,
,,,,
,,,,
,,,,
,,,,
,,,,
,,,,
,,,,
,,,,
,,,,
,,,,
,,,,
,,,,
,,,,
,,,,
,,,,
,,,,
,,,,
,,,,
,,,,
,,,,
,,,,
,,,,
,,,,
,,,,
,,,,
,,,,
,,,,
,,,,
,,,,
,,,,
,,,,
,,,,
,,,,
,,,,
,,,,
,,,,
,,,,
,,,,
,,,,
,,,,
,,,,
,,,,
,,,,
,,,,
,,,,
,,,,
,,,,
,,,,
,,,,
,,,,
,,,,
,,,,
,,,,
,,,,
,,,,
,,,,
,,,,
,,,,
,,,,
,,,,
,,,,
,,,,
,,,,
,,,,
,,,,
,,,,
,,,,
,,,,
,,,,
,,,,
,,,,
,,,,
,,,,
,,,,
,,,,
,,,,
,,,,
,,,,
,,,,
,,,,
,,,,
,,,,
,,,,
,,,,
,,,,
,,,,
,,,,
,,,,
,,,,
,,,,
,,,,
,,,,
,,,,
,,,,
,,,,
,,,,
,,,,
,,,,
,,,,
,,,,
,,,,
,,,,
,,,,
,,,,
,,,,
,,,,
,,,,
,,,,
,,,,
,,,,
,,,,
,,,,
,,,,
,,,,
,,,,
,,,,
,,,,
,,,,
,,,,
,,,,
,,,,
,,,,
,,,,
,,,,
,,,,
,,,,
,,,,
,,,,
,,,,
,,,,
,,,,
,,,,
,,,,
,,,,
,,,,
,,,,
,,,,
,,,,
,,,,
,,,,
,,,,
,,,,
,,,,
,,,,
,,,,
,,,,
,,,,
,,,,
,,,,
,,,,
,,,,
,,,,
,,,,
,,,,
,,,,
,,,,
,,,,
,,,,
,,,,
,,,,
,,,,
,,,,
,,,,
,,,,
,,,,
,,,,
,,,,
,,,,
,,,,
,,,,
,,,,
,,,,
,,,,
,,,,
,,,,
,,,,
,,,,
