LC-OA,LC-AZFc,LC-INOA_B,LC-KS,LC_INOA_S
MT-TE,MT-ND6,PRM1,PRM1,TNP1
ADIRF,FTH1,PRM2,PRM2,CRISP2
TUBA1B,PRM2,HMGB4,CALB2,SMCP
PPIB,PRM1,PRDX3,CYP17A1,TSACC
MT-ND6,ADIRF,TPI1,MT-ND6,HIST1H2AA
GAPDH,UBB,EPHX1,HMGB4,LELP1
ARL2BP,SELENOP,LELP1,HSD17B6,HMGB4
FTH1,GAPDH,TMEM230,GJA1,PRM1
EEF1D,TUBA1B,SMCP,HIST1H2AA,PRM2
UBB,MT-TE,MT-RNR2,LELP1,TCP11
LINC01921,PPIB,PCBP2,TSACC,LINC00919
PCBP1,TMA7,SPTY2D1OS,LHCGR,SPINK2
TUBB4A,NECAB1,DAZAP2,TM7SF2,PAGE2B
MT-TL1,HMGB4,PRAF2,SMCP,C10orf62
ATP5ME,SMCP,CRISP2,NSG1,GTSF1
PRDX1,GLUL,TSACC,FTH1,AKAP4
MT-TW,EEF1D,SLC25A5,ADIRF,BOD1L2
MIF,LELP1,NDN,DIRAS3,CAPZA3
FDPS,TMEM70,EIF3I,DNASE1L3,NUPR2
SELENOP,ATP5ME,TNP1,PLEK2,PAGE2
TMA7,LINC01681,GLUL,IGFBP7,GAGE2A
GSTA2,IGF1,TAGLN2,HSPB6,GAGE12H
PROK1,CRISP2,AKR1B1,SELENOP,MAGEB2
TUBA1C,MT3,HADHB,GAPDH,DDX4
COX20,RNASE1,STOML2,MT3,STK31
PLP1,TSACC,S100A16,CRISP2,GSG1
SLC31A2,PRDX1,FKBP1A,LTBP4,GAGE13
DDT,PTGDS,KDELR2,LINC00919,PDCL2
ACAT2,GAGE12H,ECH1,INSL3,DCAF4L1
HLA-DRB1,PCBP1,PTGDS,SPTY2D1OS,FMR1NB
AAMDC,TIMP2,SERPINF1,ACE2,TRIM36
SH3BP5,BBS2,MDH2,JUN,SYCP3
OLFML3,TAPBP,C7,TCP11,CALB2
SPRR2B,CD83,LINC00919,PLTP,CMTM2
C1R,TCP11,ARF4,JUNB,SPTY2D1OS
ARHGDIA,CYB5R3,TSC22D3,UBB,ROPN1L
MT-TC,TSC22D3,TMEM70,PAGE2B,HSD17B6
CYB561A3,ACTA2,GPX3,BX119904.2,BX119904.2
PRELID1,EFNA1,MT-RNR1,FXYD6,PPP1R2C
MT-TV,LRRC75A-AS1,DIRAS3,AKAP4,MAGEA4
NHP2,DEFB119,MT-CYB,EEF1D,SPATA3
NR4A1,ALKBH7,HIGD1A,KRT18,TMCO5A
AC015917.2,CTNNAL1,TCP11,TUBA1B,PAGE5
SDR39U1,APOE,RBP1,PPIB,TTK
SRSF9,RASD1,LAPTM4A,VIM,TPPP2
FABP3,CYP17A1,AP1S1,FAM19A3,HIST1H2BA
MT-TS2,COX20,HSD17B6,GSTA1,CABS1
RNY4,CYP11A1,RTL8C,TRDN,DIRAS3
JPX,ARL2BP,HACD3,ITM2B,ERICH2
ILK,RHBDD2,ITLN1,NECAB1,TUBA3C
PDE8B,IGFBP7,COX7A2L,GSN,DCAF4L2
NDUFS7,PODN,GSTA4,GAGE13,PAGE1
FLNB,MT-ND4,SYNGR2,GSG1,TMCO2
MINOS1,TM7SF2,SPTSSA,C10orf62,VCX3A
FADS2,SPTY2D1OS,PGK1,CCDC69,KNL1
TMSB10,GSG1,CD59,ALKAL2,CCDC196
GJA1,AVPI1,ERGIC3,OSBPL3,C1orf194
HYI,AKAP4,SELENBP1,RBM47,DNASE1L3
MALAT1,FDX1,PROK1,SQSTM1,TKTL1
MT-ATP8,C10orf62,SDHC,CD83,MAEL
AC010980.1,SELENBP1,DHCR7,SPRR2B,HORMAD1
MT-TP,PENK,AVPI1,TNP1,LDHC
PSMD7,MT-CYB,RPN2,MT-ND5,OAZ3
HMGCS1,HSPD1,INHA,INHA,KRT18
MT-ND3,CCDC196,ERRFI1,PCBP1,CDKN3
APOC1,ITLN1,ERG28,SPINK2,TM7SF2
CDK4,SPATA3,C10orf62,HSPA1A,AC010255.3
PRDX2,PEMT,ATP5F1B,PTGDS,CYP17A1
SNHG9,LINC00919,CIRBP,ISLR,PTGDS
PRSS23,CD244,CYB5R3,COL6A2,LHCGR
CKLF,CABS1,CYP11A1,AL450405.1,FAM19A3
PHB,PEBP1,MLF2,PENK,CD83
KLF4,MT-RNR2,RNH1,MAGEB2,KIF2C
PRKAR2B,CR381670.1,PPP2R1A,FOS,GJA1
LRRC75A-AS1,EPHX1,SDHD,PTMS,PLEK2
DHCR24,POP5,CCDC115,GAGE12H,ANKRD7
CERS2,CALB2,CD83,MIR202HG,HMGA1
RAB1B,MT-TW,GSG1,C11orf96,TOP2A
HSPB1,SLC16A9,AKAP4,PAGE2,MT-RNR2
DCBLD2,SMOC2,SCAMP2,IGFBP6,OSBPL3
CCBE1,SAMD4A,EIF5A,CABS1,ALKAL2
S100A13,SLC8B1,SYPL1,TTK,MGARP
TSACC,DUSP1,LGALS3BP,MT-ND4,RBP1
BACE1,ACTG1,NFKBIA,GAGE2A,MT3
ACTG1,POLD2,BBS2,THSD7A,C6orf99
NUMA1,COPG1,TEX264,GTSF1,DYNLRB2
CALD1,COX6C,HIST1H4C,EMB,IZUMO4
HSD17B6,VIM,HSD17B11,ZFP36L1,TMEM70
PABPC1,SPTSSA,CD74,LRRC75A-AS1,CRNDE
CST3,MT-ND5,DUSP1,DHCR24,PHF7
RNASE1,OST4,NUPR2,MT-CO3,PENK
TIMP1,TOB1,MT-CO1,MT-CYB,ITLN1
SQSTM1,APP,TSFM,LINC00467,ANGPTL1
PCSK6,PLPP3,TM7SF2,TMEM70,TDRD1
SYT4,ASS1,SC5D,GADD45B,DCN
PAIP2,ETS2,HM13,H1FX,ITM2B
IGFBP2,DDX5,EWSR1,CCDC196,SPRR2B
TMED1,MEG3,TMED9,NBL1,MT-CO2
ZFPL1,CCND3,BOD1L2,MT-CO2,DAZL
AC244517.11,TPPP2,CTSA,MDK,MAP7D2
CTSA,ATP1B3,CALB2,RBP1,LINC00467
STUB1,ORC5,PEPD,MT-ATP6,PLPP3
PAPSS2,GAGE13,LMAN2,CTNNAL1,CD9
HSP90AB1,HM13,SCPEP1,ZFP36,AHNAK
ACO2,CNN3,CTSH,KLHL4,VIM
C5orf58,PPP2R1A,ARPC1A,PPP1R2C,MT-ND4L
NDFIP1,AC115223.1,TUFM,PLPP3,AVPI1
STAR,HSPA8,DNASE1L3,ACSM3,CD244
GPX3,MT2A,CAPZA3,H3F3B,MTATP6P1
FAM198B,FAM19A3,RHBDD2,AFF2,ACSM3
DEXI,C1QBP,SEC13,CAPZA3,SPTBN1
PTRH1,CLDN11,SELENOF,UBC,SERPINE2
MPG,CEBPD,ELP5,SPATA3,COL1A2
PDIA6,MAGEB2,KRT18,DPEP1,EFNA1
AC010642.2,DHCR24,PIR,TIMP2,NSG1
C8orf59,DIRAS3,ATP6V0D1,EFEMP1,CCDC54
DCX,HACD3,GRHPR,TIMP3,ABCA17P
AC005912.1,NUPR2,MDH1,AC010255.3,PLAC9
APH1B,AP1S1,AUP1,CHRDL1,PDGFRA
SLC16A7,TMEM41A,CTNNAL1,TPT1,ELAVL2
NDUFA2,TECR,SPG21,IGF1,FAM71E1
PSMC1,MAOA,C1R,IER2,CTNNAL1
SUN2,MT-ATP8,TMEM9B,ITLN1,IGFBP7
ACSM3,KIAA1210,ATP6AP2,SCD,DKKL1
SCD,TPI1,STAR,IGFBP5,NUSAP1
SERPING1,CAPZA3,THRAP3,DCAF4L1,CCDC69
SULT2A1,MT-CO1,NDUFS2,EGR1,MT-ND5
SPATA8,ZNF836,RAB34,TDRD1,ISLR
IMPAD1,CPVL,CD151,S100A16,LGALS1
AC010325.1,DHCR7,MT-ATP8,MAEL,FTL
ACTB,PHF7,ATP1B3,MT-TE,IGF2-2
HSPB6,C1R,AKR7A2,CPM,EEF1A1
LDLR,DNASE1L3,CFL1,DDX4,CENPU
HDHD2,GPX1,SLC25A39,PAGE1,RAB3IP
EMC6,DUSP23,SDCBP,FAM133A,AL365357.1
NDUFA7,THRAP3,TMEM59,PDCL2,INHA
FMC1,TNP1,TSPAN4,NUPR2,UBC
ZFP36,TMCO5A,DDOST,LINC01681,MT-ND4
MT-RNR1,KRT18,HEBP1,CPE,CTSA
BCAT1,S100A16,ACTG1,HSPA1B,SAMD4A
LDHC,PRND,ILF2,SYCP3,FABP3
DHX32,TRUB2,ATP5PB,FMR1NB,BST2
DDAH1,DDT,ACSM3,TMCO5A,CPVL
MT-TI,DCN,NDUFA9,ID2,COL15A1
PINK1,SLC25A39,PDHB,MT-CO1,PIWIL2
LGALS8,ANGPTL1,EXTL2,GSTA2,KPNA2
TSPAN8,COL1A2,NDUFB5,GRAMD1B,CD55
PRDX3,NHP2,FDFT1,GSTM5,CALD1
TCEAL4,HSPB1,TKT,MLF1,NRIP3
ANKRD7,PEPD,GAGE12H,VCX3A,MT-ATP6
C1orf43,FATE1,TPPP2,CCDC54,SLC16A9
RETREG1,AC005912.1,BSG,CPVL,SPINT2
SNHG16,TXN2,HERPUD1,GSTA3,ZFP36L1
BUD31,HADHA,TSPAN3,MT-ND4L,NFIA
FOSB,SOD2,EGFLAM,OAZ3,PRRX1
AL078639.1,GTSF1,LHCGR,TPPP2,STAR
AC092069.1,PLEK2,KLHDC3,ACTA2,GLUL
PGRMC1,AAGAB,FAM19A3,MSMO1,MAP1B
SPA17,CITED1,ANAPC13,ROPN1L,MT-CYB
MT-ND1,CPM,EIF3M,PODN,MT-CO3
UBE2QL1,TUBA1C,FDX1,MT-RNR2,SGK1
ABO,NFKBIA,SLC40A1,MAGEA4,OGN
TMEM245,PAIP2,CCND3,PAGE5,FDX1
DYRK2,BEX1,TMEM98,HIST1H2BA,NEGR1
CD99,ERICH2,APH1A,STK31,C1S
MCL1,TCEA3,PLEK2,MALAT1,PTTG1
ACSL6,SGK1,SLC25A11,MAP7D2,ADD3
NUDT3,SH3BP5,CYC1,AC011503.1,CRISPLD2
PET100,OGN,TMEM37,PRDX1,MT-CO1
KRBOX1,HSPB6,MTCH1,IGF2-2,TEX15
BBIP1,MGARP,CTSL,CST3,PNRC1
COX6A1,ACVR2A,ISOC1,EEF1A1,COL6A3
IGFBP5,HSD17B11,ELOVL5,TRIM36,ANXA2
TMEM179B,SQSTM1,RHOA,COL6A1,MLF1
MRNIP,BOD1L2,STRAP,NOP53,CCL26
PEG3,GPX4,GSTM4,KNL1,COL6A2
GNAS,FKBP1A,ACTB,KPNA2,PRSS23
GSTA4,STIP1,OSTC,UQCR10,TSTD1
ZYG11B,AES,CYP17A1,NDRG2,CST3
TPM2,ALKAL2,SPINT2,DCAF4L2,CD99
TPM4,LIMA1,RAD23A,SLC25A6,S100A16
ZNF593,SECISBP2,SELENOT,HLA-C,CARHSP1
ROM1,TMEM37,TMSB4X,RCBTB1,NFE2L2
MCFD2,TBX3,IGFBP7,SELENOM,PROCA1
MRC2,SRSF9,ACTR10,SGK1,CILP
EGR1,SCRG1,ECHS1,TXNRD1,AC025280.2
CAV1,LGALS1,TMEM176B,AES,CPE
EIF4A2,LRPAP1,MYH11,DCN,CKS2
45907,CCT2,TSEN34,DPT,ACE2
SDHB,HNRNPD,IER3IP1,ZFP36L2,MPC2
IER3,TMEM9B,BABAM1,RBBP8,TXNIP
AES,HSPA5,PRR13,NORAD,CYB5R3
GBP4,B2M,POLD2,PLAC9,SPATA33
MERTK,PLS3,SNX4,IGFBP4,TIMP2
SMARCD2,DNAJB1,DERL2,CD55,CLU
HMGB1,PEG10,GNB2,SNHG6,FXYD6
SERPINF1,SPG21,COPG1,INHBA,DPT
NECAB1,ERRFI1,PERP,HSD3B2,ABHD6
EEF1A1,BX119904.2,PSMB5,CD99,LTBP4
GNB1,CPE,PSMF1,GLUL,GIPC2
INSL3,LINC00467,PSMA1,PNRC1,NORAD
C1orf194,RTN3,MGST1,C3,IFITM3
MT-RNR2,ALAS1,APPL2,BST2,DUSP23
RIDA,HERPUD1,SARAF,C1S,HLA-DMA
ATP13A3,PDCL2,TMEM120A,MYO6,CYP11A1
RNY3,SCAMP2,CALM1,FTL,TEX30
PIFO,HADHB,PABPC1,GSTM1,EDNRA
SNHG10,ILK,OAZ3,LEPROTL1,CFH
FGD4,SMS,GSTM5,MBNL3,MMP2
A2M,RAB29,ALG5,EBP,DHCR7
TSPYL1,NXF1,PGAM1,APOE,PRNP
MCF2,FLYWCH2,CMBL,SEMA3C,IGFBP2
IDI1,PRPS2,MGARP,HNRNPA1,NRK
NUBP1,DEFB123,LDHA,HLA-A,FOXO4
METTL7A,RBP1,DHCR24,BOD1L2,CYBRD1
KCNMB4,ABHD6,CHID1,DHCR7,PERP
FUZ,EIF5A,UROD,LIMCH1,CD63
MT-CO2,SNX4,PPA2,ABHD6,IGF1
KLF10,PPA2,ADIPOR1,MOSPD1,RBBP8
SLC46A3,SDHC,PDK4,CIRBP,LAMA4
ATP6V1E1,BNIP3,CCT7,MFAP4,BBS2
STEAP4,NDUFS2,PSMC5,SLC16A9,LIMCH1
IDH3A,MALAT1,WRB,FABP3,HENMT1
AC073861.1,ACTB,RNF5,CYP11A1,FGF10
PRR34-AS1,FST,LEPROTL1,DAZL,GSN
RACK1,PDK4,SF3B4,OSR2,SPARC
ZC3H7B,EWSR1,ALDH3A2,TAX1BP1,AKR1C1
KIF9,CDK4,WDR45,KLF4,PCOLCE
RPAIN,AC010255.3,SERPINA5,TEX15,INSL3
NDRG4,PROCA1,IGFBP5,SLC1A3,AC011503.1
SNED1,FBXL5,GLB1,ERICH2,SEC11C
C3,ACAT1,IDH3G,FCGRT,MT1X
SARNP,BZW1,RNF167,SQLE,HSPA1A
MT-TM,CD320,ATP6AP1,HACD2,RBMS3
POLR2I,ZNF160,CD9,LYPLA1,FST
FHL2,ERGIC3,EFNA1,CDKN3,ABCA8
TMEM56,NUMA1,GRINA,MGARP,PROK1
CDV3,MPC2,GSTM3,SCUBE1,FANCI
SEC63,FAM114A1,CPVL,SPINT2,GRAMD1B
THRAP3,NBN,PCMT1,FABP5,AP1S1
NTMT1,MOB4,C1orf194,RAB3IP,PLTP
TBCEL,SCARB1,SLC25A3,TPM3,TIMP1
CYB5A,SOX9,CARHSP1,C12orf57,SSPN
ACAA1,CLK4,DEGS1,PERP,FLRT2
EPB41L4B,GAGE2A,TAF9,CMTM2,LEPROTL1
LMOD1,STOML2,SPATA3,TMCO2,COL1A1
ST6GALNAC1,ARL4A,TMCO5A,TAGLN,PI16
S1PR3,CREM,DNASE2,TSTD1,RBM47
HIST1H1E,ABCA5,GRN,CD244,TM4SF1
NUPR1,MPLKIP,PGRMC1,CD81,LAMA2
VGLL3,RBBP8,NAA20,PEMT,RHOU
CYP19A1,WDR45,YIPF3,WNK3,CYP1B1
NACA,BEX3,SERINC3,PIWIL2,AAGAB
MEG3,DERL2,SNRNP40,CLDN1,EMP2
ETFRF1,TSFM,NDRG2,IDH1,ALDH1A1
CSRNP1,SDHA,TMEM38B,PRSS23,B2M
YARS,SELENOH,HLA-DMA,EMP2,TIMP3
NACA2,APOA1,TSNAX,HMGCR,PPIA
PPA1,TMEM109,GSTA1,MPC2,TGFBR3
GSTM3,MT1X,TMEM138,NR2F2,RCBTB1
SLIT2-IT1,RHOA,VDAC3,TUBA1A,EMP3
AGPAT1,HIST1H1C,TOMM22,NUSAP1,BEX3
UBA52,DCUN1D1,GORASP2,CFD,FBN1
RASD1,NRIP3,SLC1A3,TMA7,IL33
ECE1,HMGA1,CLDND1,PRAME,TFPI
LY96,CYC1,CD47,HMGA1,KLHL4
LRRC58,LINC00844,MEG3,ALAS1,CFD
SERINC1,SKAP2,COMT,ZFAS1,DNM3
OAT,CHRDL1,AMZ2,EMP3,PRPS2
SNCA,NDUFS8,PRMT1,HSPD1,TMEM41A
TMBIM4,LEPROTL1,KLHL4,PRDX2,TUBA1A
HMGCR,PRELID1,COPS8,ELAVL2,NR2F2
HNRNPD,OAZ3,LGMN,FST,GKAP1
CAPZB,HEBP1,PTP4A1,GRB14,JAZF1
CCDC110,TUBB4A,KCTD6,DYNLRB2,ITM2A
TCTEX1D2,BACE1,SLC25A6,FDXR,HACD2
UHMK1,NDUFAF3,TECR,STEAP4,MAOA
PIGH,AURKAIP1,REEP6,TMEM97,DHCR24
VEGFB,ANXA7,TMEM99,RACK1,RBM3
RMDN2,CCT7,PPP4C,C1orf194,HNRNPA1
PRUNE2,PLPP1,SUMO1,ANGPTL1,FN1
HHIP,RAB34,MT-ND4,TMEM41A,LRRN3
KLF2,LHCGR,ERAL1,PRNP,MDK
GRID2,EFEMP1,TMEM41A,SPTSSA,FAM229B
AGL,CD9,OAZ1,PLPP1,TUBB
RHOB,LXN,RAB5C,PCCB,KCTD12
PDXK,ACADM,VDAC2,ATP6V1D,EBF1
GSTA1,PRRC1,CCDC196,NRIP3,H3F3B
ANAPC15,EGFLAM,COMMD10,F10,HMGB3
C2CD2,TMEM98,SNRPN,TUBA1C,RHOBTB3
BRF2,EIF3I,PRDX1,SKAP2,TPT1
CD63,KCTD12,HSPA8,FOSB,IFITM2
LSS,BIN1,SDHA,G3BP2,SERPING1
MT-ATP6,SCFD1,SLC25A17,SERPING1,CCNI
MIR4458HG,DPEP1,PEF1,FDX1,MT2A
TRIM8,COX6A1,IMPDH2,TKTL1,PDGFRL
PSTPIP1,SPATA33,UBA3,PDGFRA,EMB
MYH11,DAZAP2,VAMP2,ANKRD7,FABP5
MPC2,PAGE2B,MAGED1,KIF2C,COL6A1
GNS,STAR,BABAM2,ARL2BP,INHBA
SRSF11,PHYH,UQCRFS1,AVPI1,PMP22
HIST1H2AA,CMTM2,GJA1,TMEM167A,EPB41
NEK7,C8orf59,CABS1,AHNAK,OSR2
ABRACL,HIST1H1E,MSMO1,RHOU,TSFM
TRDN,GLB1,OAT,PRDX3,ALKBH7
PRMT5,CD81,TRIAP1,DDX5,RBFOX2
ASPA,PPM1G,UQCRC2,FAU,ASS1
MICA,EXTL2,ORC5,AAGAB,EGFR
SAMD1,C1orf194,BX119904.2,NOP10,RHBDD2
NIPA2,PDPN,CCT8,LGALS1,SPACA9
PTPRG,BTG2,SGK1,HNRNPD,JUN
FASN,ALDH1A1,ASS1,HEXIM1,LSAMP
TMEM176A,DDOST,TRIM24,HORMAD1,ANXA5
COL18A1,PPA1,TRUB2,SSPN,CD81
EFNB1,GSTP1,POLR2E,SPESP1,COL3A1
C11orf71,CCT3,CPM,MIF,APOD
HSD17B12,MT-ND3,ECI2,MMP2,SNX24
FLII,ROPN1L,IGFBP4,BTG1,SFRP4
MIR22HG,INSL3,RCBTB1,PCOLCE,TRDN
GUCA1C,GADD45G,ATIC,DNM3,MYH11
FDXR,CYP51A1,NIF3L1,MYC,PRDX3
TAB3,ACSL1,ELOVL1,CLU,SLC1A3
SPINK2,ANP32B,NSG1,NFIC,RACK1
TCEAL9,LAMTOR1,EBP,DDT,SVIL
CRISPLD2,AC011503.1,CD320,HENMT1,EPHX1
B9D1,ITM2A,CCDC54,DECR1,AR
RBP1,TDRD1,AC010255.3,DDIT4,CREM
ALAS1,CKLF,ALG3,CD46,NAP1L1
NMT1,MCM4,C1orf43,ABCA17P,FCGRT
DUBR,SSPN,TMCO2,RHOBTB3,TSHZ2
AP2A1,DDX56,IGF2-2,PRPS2,LYPLA1
PTMA,VSIG1,SLC16A9,LRP1,FBLN5
CTSS,AMZ2,TMEM167A,LAG3,LXN
COX17,BLVRB,WDYHV1,GLRX,LRP1
POGZ,PIR,ATRAID,PPDPF,SNHG6
HINT3,ATP5MD,CNIH1,FANCI,H1F0
ERGIC1,PPP1R2C,DCAF13,GNG12,KIAA1210
PPP3R2,RNH1,BCAP31,GIPC2,C1orf115
MSMO1,CCDC74A,BRK1,EEF2,SECISBP2
NAP1L3,HAGH,COPS7A,CKB,TSC22D3
MT-CO1,PDGFRA,TMEM179B,HMGB3,45902
TMEM97,ATP6V1D,TM2D2,AP1S1,INSIG1
PSMA2,ACTR10,LYPLA1,CEBPD,HSD3B2
TMEM147,MYL9,CD244,FGD4,FAU
CD59,FHL2,NAXD,MT1X,CSDC2
C7,UGP2,ACE2,LINC01497,EBP
CALB2,ODF2,UFL1,EIF4B,COX7A2L
PTN,SLC25A11,PTMA,TGFBR3,SPTSSA
CTSH,CTSH,FCGRT,FLNB,NR2F1
FBXW2,CYB5A,CMTM2,PHF7,SEC62
CYP11A1,RPN1,CITED2,TOP2A,APP
IRS2,SNHG6,PHB2,ACP1,HAGH
IRF1,NUDT11,QDPR,DKKL1,ALDH1A3
NDUFB4,MORN2,ANXA2,ASS1,CD320
JKAMP,GLOD4,SLC41A3,NR2F1,LHX9
ATF3,TMEM147,PRSS23,KLF2,SPARCL1
OPN3,RIOK1,PCMTD1,EIF2S2,POP5
BOLL,JTB,TUBB,SERPINE2,FHL5
COX6C,G3BP2,HSD3B2,HADHB,EFEMP1
ACOT13,TMBIM1,NEU1,CDC7,IGFBP6
DDX5,GATM,PSMC4,APP,MT-ND6
PTOV1,JAK1,MAOA,ELOVL5,MYL9
DDR1,C12orf65,EFEMP1,EIF5,BEX2
C15orf48,MT-TL1,PPA1,EZR,PDGFRB
MTCO1P12,TPT1,NBN,EDNRA,S100A6
ASS1,EBP,RDH11,FAM71E1,CNBP
PFN1,DKKL1,HMGCL,HIST1H1E,TPM3
EMP3,SF3B4,ERI3,COX7A2L,NFIC
TSKU,JPX,HACD2,HSPA4L,LAMC3
RABGGTB,PRDX2,MMAB,KANK2,TCF4
CLK4,ALDH3A2,HSPA9,PIGP,ARHGAP20
LRPAP1,MRO,PRRC1,STN1,KTN1
FKBP5,ENO1,ZBTB1,CNN3,UGP2
PLEKHM2,YBX1,TMEM109,CD63,SCARB1
NCOR1,TMCO2,SCAMP3,TCIM,HSPD1
PLPP1,TRIM36,TMX2,ATP5F1E,ABLIM1
HNRNPA1,EMC6,ADI1,BEX3,PIFO
CHMP1B,TAF9,PPP1R2C,LTBP3,DUSP1
DIRAS3,HMGN5,JTB,CDK4,GPX3
GATA4,APRT,RPN1,PPP1R15A,CHURC1
HECTD2,MRAS,KRT19,SLC39A10,FOS
NPM1,CST9L,BTG2,DLK1,ACAP2
IGFBP6,PCCB,ITGB1,SC5D,ACP1
CCDC89,DAAM2,TWF2,S100A6,SEMA3D
PGM2,DNM3,TAX1BP3,COX20,SNAI2
HES1,NDUFA1,RASD1,RAB29,ELP1
STK24,PTTG1IP,SIGMAR1,VCAN,EEF1B2
PRKAR1A,CAPZB,G6PC3,C4orf48,MED25
CSNK2A2,SPTLC1,POLR2C,LAMC3,LHFPL6
VSTM4,KRT13,LLPH,CENPU,TCIM
ALDOC,CMBL,COPS6,ENG,MOSPD1
PTPRF,ATP5MG,ERGIC2,CCT2,UQCR10
PAN3,MCFD2,CCNDBP1,UGP2,TUBG1
ITGAV,LSM4,EIF3E,ZNF280C,RASD1
NDUFC1,REEP1,TMEM176A,ADGRA2,ZBTB20
DECR1,IFITM2,COPB2,DLD,GSTA1
TMEM176B,MRRF,MAPK1IP1L,MYADM,UBB
DLK1,FXYD6,UBL7,LAMB2,RIPK2
P4HB,SYNGR2,PLD3,SRP54,WASF1
ABI1,FAM229B,HSPB6,GALNT10,GSTA3
FBLIM1,LTBP4,RHOU,CCDC74A,PDCD4
TMEM14C,GRINA,SPARCL1,KPNA3,ATP6V1D
ROPN1B,KPNA2,APOBEC3C,CCNI,PARM1
WFS1,SPINK2,MTCH2,UQCC2,SLC8B1
LGALS1,EPPIN,LGALS1,TUBA3C,HSPA4L
BECN1,DPT,ZFP36,STUB1,DLD
ZNF322,RNF168,PPHLN1,NEGR1,COPZ2
FOSL2,ASAH1,HSPD1,SNORD3A,HLA-C
PPM1L,ACP1,TXNRD1,PTOV1,RGS22
PNMA1,AARD,ISCA2,OGN,ZNF280C
UGP2,SRSF7,DRG1,NACA,HSPE1
MYL6,SEC11C,UBE2L6,TCF21,PID1
RNF7,CACYBP,NIT2,AC007969.1,TRBC2
PPP3CA,PSMD14,RHOC,SAMD4A,SLC25A5
PMS2P1,QKI,TXN2,CTSF,SKAP2
MSN,MT-RNR1,DECR1,SLC25A5,HADHB
KHSRP,SUMO1,STEAP4,BRI3,ATP1B3
SRP9,ZDHHC3,DNM3,EXTL2,C1orf54
PSAP,UBE2L6,TXNDC12,HMGCS1,NUCKS1
BHMT2,NDUFA4,C1QBP,NCAM1,MALAT1
QKI,CHORDC1,SIAH2,ACTB,IGLC2
MFAP4,CD55,CD82,CIAPIN1,OMD
GREB1,PFDN5,LAMTOR1,ILK,KDELR1
SERF2,FOXO4,SCD5,LAYN,HS6ST2
GATD1,KIF2C,SRSF2,RNASE1,SOD1
NCKAP1,PLBD2,NDUFA10,KTN1,CD34
TXNIP,DCAF4L1,DARS,GADD45G,EID1
CNRIP1,MAEL,PHYH,SEC11C,FTH1
FOS,VCP,CTSD,PRELID1,C6
ZNF330,KDELR1,TIMM10B,SNX6,LGALS3BP
IDH1,MMAB,DPP7,UBAP2,SUCLG1
WSB2,TMEM38B,SLC35B1,ARRDC4,NFIX
PCMTD1,MLEC,BTF3L4,FOXO4,SVIP
RBM3,PLAC9,CREG1,NHP2,LAYN
DPEP1,TKT,FARSA,PDGFRB,NDRG2
ACAA2,SLC39A7,BET1,SUN2,PCYOX1
EEF1B2,IDH3G,MIR202HG,HYI,LUM
NREP,KRT19,SSU72,BZW1,ANO6
MLEC,CERS2,TMEM159,MXRA8,DDR2
SNTB2,45914,CTSB,SRSF9,AMZ2
DCTN6,BCLAF3,KDELR1,SLC16A7,CTGF
ZCCHC14,SERPINE2,ZBED5-AS1,FGF10,CENPH
AKAP7,DUT,DHRS7B,SMOC2,FAM13B
KRT18,DEXI,EMB,PPA1,MGP
CUL3,RNPS1,VSTM4,RABIF,KMT2A
NSG1,CTSV,MMADHC,PLS3,SELENOM
SUMF2,NOL7,GMPR,TSKU,NDUFA8
MGARP,FAM92A,ACP1,EPS8,PIGP
PDCD4,ACE2,AZIN1,LDHC,LSM4
RBM39,CD59,ERICH2,IFITM2,STN1
KCTD3,PABPC1,BNIP3L,SECISBP2,VAMP5
PCMTD2,POLR2E,NPC2,SNX24,MARCKSL1
FBLN5,RGS5,CALD1,SNED1,BNIP3L
CPM,POGZ,SFT2D1,COMMD10,EGR1
OCRL,UXT,HAX1,RGS2,TCEAL7
ZNF275,RAB3IP,TFG,G0S2,EXTL2
C1S,HSF2,TUBG1,PSMA7,UBAP2
ECM2,PPP1R7,AHSA1,CYP1B1,VSTM4
COX7A2,SERINC3,PHYHD1,MTCH2,ACAT1
SERINC5,SPACA9,MFGE8,SNHG5,ADI1
KCNMB1,MAGEA4,ALDH2,PON2,TOMM34
TMEM109,TAGLN,TALDO1,ATP5PB,LEPROT
SELENOK,EPS8,AGTRAP,GMPR,PAPSS2
BPHL,GKAP1,PUF60,NENF,COX17
CKS2,HACD2,TCEAL7,RAMP2,TRIM24
TUBA1A,KLF6,TM2D3,HIST1H1C,C12orf57
WISP2,TSPAN4,PYCR2,PTP4A1,ISOC1
SMIM29,SLC25A5,TMEM9,GSTA4,ORC5
AMHR2,RAB1B,ABHD6,ISOC1,PDHB
PDK2,CALCOCO2,TMEM14A,CYP51A1,TCEA3
GBP1,NGLY1,CISD2,TEX30,JUNB
SMIM27,CLDN1,LEPROT,DEXI,KANK2
ELOVL5,NDUFS7,MOB4,UCHL1,APOO
C8orf33,ISLR,SLC48A1,NUMA1,MBNL1
SPPL3,AL078639.1,NSFL1C,COL18A1,TSPAN8
C11orf58,TUFM,PSMD14,IMMT,CDC42
HYOU1,PRDX3,SESN1,NFIA,PTS
ZPBP,GORASP2,QTRT1,PRRX1,NCAM1
SNX7,PCMTD1,UFM1,EEF1B2,TTC3
FAM122B,IDH3B,ROPN1L,SMIM30,EEF1E1
TGFBR3,ACO2,NUDT5,PHLDA1,ABCA5
ARPC2,MINOS1,PSMD10,FAM13B,FKBP7
TKFC,NONO,LCMT1,MAPRE1,ITGB1
SLC7A2,TMBIM6,IDH1,MAFB,PPM1G
ADRM1,HLA-E,FAM229B,EPCAM,CPM
RHOA,SRSF3,MTX2,RARRES2,MAGED2
,LONP2,ALDH9A1,TOMM34,DLK1
,IFT27,MANBAL,MORF4L1,CIAPIN1
,PSMD10,DLD,FMO1,GUCY1A2
,SEM1,NDFIP1,LIMA1,GSTA4
,MTCH2,CLU,CRISPLD2,PCDH18
,DYNLRB2,SRP9,ANXA2,VRK1
,R3HDM2,YTHDF2,DDX21,CYB5A
,POLR2L,NINJ1,BBS2,ZFAS1
,RBM18,RBM7,DDAH2,NRP1
,KTN1,CYB5A,CYBRD1,PPDPF
,SPATA6,ACAA2,CLIC4,OSGIN2
,NAE1,VPS72,XIST,SELENOW
,EIF1,PEX11B,RSPO3,UQCC2
,ATP5PB,NDFIP2,EIF2A,SUMO2
,NDUFC1,GDI1,ORC5,TMEM47
,NUDT3,CD55,CKS2,PTMS
,CORO1C,VSIR,MAOA,GOLGB1
,C3,MBOAT7,CNBP,CCDC80
,SLC39A6,PRKRA,RARS,EIF2S2
,TCEAL5,AP2M1,ETFA,NOTCH2
,ILF3,ERP29,LGALS3BP,LINC01681
,ITGAV,LDLR,MEST,TMEM97
,C12orf10,PON2,NES,SDHA
,STK31,SMIM7,TSFM,RNF24
,TTK,TMEM69,TIMP1,VAMP2
,PDCD6,POP5,PI16,PCCB
,TMSB10,HADH,SIPA1L1,PLS3
,CTSB,TSPAN8,TMEM47,HP1BP3
,STK24,ALDH6A1,CD47,GALNT10
,MTATP6P1,EFNA4,HNRNPA0,ISCU
,RSRC2,MT-ND6,PIK3IP1,RASSF2
,HIP1,ETFA,COL6A3,ERAP2
,YEATS4,TIMMDC1,ARHGEF28,GLRX
,SMARCD2,PA2G4,MORF4L2,MT-ND1
,NAP1L1,MLF1,LDLR,ARHGDIB
,AC025280.2,ATXN10,ATP1B3,CCT2
,PRAF2,HNRNPF,TRNT1,CD47
,PINK1,GPX1,PRKAR2B,C6orf48
,SOD1,LAMP2,SRP14,LPAR1
,ATE1,STT3A,ATP1A2,UCHL1
,TIMP3,TCP1,LARP4,SMAD5
,JAZF1,COPB1,RSU1,NID1
,ZNF711,CSDC2,JAZF1,AKR1C2
,INHBA,G3BP1,MARCKSL1,PFDN5
,TOX4,C3,WASF1,PTCH1
,RBM28,UBE2N,FBLN5,NTRK2
,SRP14,PDSS2,SLITRK4,GPNMB
,STUB1,SCFD1,RBPMS,RCAN2
,HSPH1,CBY1,PDHB,ID2
,CHID1,DGCR6L,RERG,CHSY1
,ITM2B,AP3M1,SPATA33,CHRDL1
,MPG,ATP5F1C,MYH11,SRSF5
,CLIP4,PJA1,SOX15,CNN1
,RAB7A,PSMD11,LYPLAL1,OST4
,NEGR1,GSTK1,FAM229B,CEBPD
,NUP35,AEBP1,JPX,NGLY1
,BUD31,SMIM20,SUCLG1,HELLS
,MYL6B,ZNF207,TMSB4X,FZD3
,LSM1,APEX1,SNHG7,COL5A1
,DSTN,HSD17B3,NRXN2,STMN1
,ARHGDIA,RRAGA,SPTBN1,RAI14
,CHODL,HEMK1,HADHA,TMEM37
,DAB2,SLITRK4,GNG11,SFRP1
,PCSK6,HIBADH,RIPK2,HSPH1
,SELENOK,ZNF32,DNAJB1,ELOVL5
,UQCRB,MED25,JUND,MPLKIP
,S100A6,UBE4A,R3HCC1L,NOP10
,GPX3,PLEKHJ1,CCDC167,CCDC167
,ARF1,CCDC69,SVIL,ADAMTSL3
,ELAVL2,BCAT2,CRTAP,SLC25A39
,PLXNC1,CS,TIMM8B,AKR1C3
,GSE1,SMIM30,ACVR2A,MAF
,PSMD7,LUM,SNHG9,EIF2AK2
,RAE1,POLDIP2,PSMD14,NUDT5
,SNED1,HEXB,TIMM17A,LY6E
,PAGE2,LDHC,LHX9,PDE5A
,LRRN3,FBXO7,ABCA5,CTSK
,SUSD3,ALG8,RHBDD2,F8
,NDUFB1,TMEM50B,CDKN1B,TPST1
,ACAT2,BCKDK,CDC42EP3,BMPR2
,PSMC1,PSMD13,DUSP10,CCND3
,DNAJB6,CDKN3,ATP5F1D,ENG
,GPRC5B,ALKBH7,LSAMP,QDPR
,FN1,PGM2,ZNF280B,GSTM3
,RAB31,PRNP,RHOB,TPI1
,GNA11,OSER1,DUSP23,CXCL12
,CD164,CCNH,POP5,MORN2
,FBLIM1,PDCD6,RCAN2,B3GALT2
,SERPINF1,PCCB,DDB1,HLA-A
,GUCY1A2,DERA,PTTG1,GLT8D2
,LDHA,PSAP,APOO,PTRHD1
,TRIM8,MPDU1,IER5,SNTB2
,SYCP3,EPS8,RAB1B,FGFR1
,GLIPR1,EMC7,SCFD1,EIF3K
,PFN1,LINC00844,COPZ2,ENTPD2
,FADS2,ITGA1,ZNF429,PSMG1
,ABRACL,WISP2,NAP1L1,KLF10
,EZR,SLC3A2,PPIA,SMARCA1
,FAM84A,FLYWCH2,CCNB1,SCRG1
,HIST1H4C,PRDX2,FOXC1,BSG
,CCSER2,CBR1,HBS1L,MTCH2
,FLII,PSMC6,APPL2,CLIC1
,CDKN3,C5orf15,GRPEL1,POLR2L
,CDK5RAP2,TMEM219,EIF4G3,MIR100HG
,NASP,TXNDC15,OSTF1,ASH1L
,DDX4,SEC23IP,ATP6V1A,KDELC2
,AHI1,DUSP10,KMT2A,MT-ND2
,HLA-DMA,PROCA1,CAPZA2,CNTN1
,SH3KBP1,NOP58,NDUFS7,SSR2
,COX7A2L,ARPC3,ADAM10,OLFML1
,USP22,SLC25A4,FAM104B,ZCWPW1
,GLRX,TUBA1A,ATP5MF,CAMK2N1
,MLF1,FTSJ1,SLC46A3,MT-TL1
,GSTA2,SLC39A7,YWHAE,COX7A2
,HMGCS2,HMGCS1,RERGL,SMS
,FDPS,FDXR,BTF3,PDSS2
,ABCA8,LSM4,SRM,CREB3L1
,PLP1,RAE1,EIF4G2,PHF8
,ZYG11B,PRKAR1A,SRPK1,PTEN
,CD151,ACAT1,PHGDH,LBR
,ANKRD13A,DRAM2,HSPH1,RRBP1
,FXR1,TPP1,ZBTB20,SRP54
,FBXW2,PSPC1,CCL26,MGST1
,FADS1,NRIP3,SNX4,ESD
,MYH11,MT-ND5,HSPE1,NME4
,SRSF5,SLC25A1,GTF3C6,SPDL1
,FHL1,ARMC8,COX17,IGKC
,LAMC3,FIBP,SRBD1,IGLC3
,TAB3,ACSL1,ADAMTS1,IFI27
,IL33,CLNS1A,IGFBP2,CPPED1
,CAP1,WBP2,QSOX1,KITLG
,DDAH1,ITSN1,SLC30A9,NT5E
,CCL26,IAH1,PLD3,LPP
,GNB1,CCS,SOD3,PJA2
,DKK3,UQCRC1,CSRP1,MYADM
,KIF3A,CFI,NPTX2,SRPK1
,BBX,BLOC1S2,PLEKHB2,STK33
,LYPLA1,MAEL,TCEAL4,TIMM8B
,KITLG,CDK9,SMS,G3BP2
,NKX3-1,CCT4,FAM98A,RAD17
,PHB,SAMD4A,PGM2,KIF3A
,HSP90AB1,FAM114A1,TRIM24,PHYH
,SMARCA2,PSMB2,PSME4,TOB1
,RANGRF,OLFML3,LGALS3,MYLK
,PDLIM2,HSD17B7,IFITM3,SLC39A10
,COL18A1,NXF1,ARHGAP18,SP3
,LHFPL6,GPR108,POMP,NACA
,SFRP4,DYNLRB2,TFRC,RXRG
,GSTA1,ECHDC2,EEF1E1,RERG
,TNFSF10,GRAMD1B,PPP1R14A,LAMB2
,H1FX,PRPS2,SH3KBP1,LDB2
,CCDC3,JAGN1,NOC3L,SLC38A2
,ACSM3,FAM92A,VPS26A,CNRIP1
,HSP90B1,GNPTG,NDUFB5,BTF3
,C6,PIH1D1,HSD17B3,SMARCA5
,ZDHHC19,MYDGF,TRUB1,EIF4B
,TPRG1,MT2A,AP1G1,PRAME
,SCN7A,MTCO1P12,ID3,HLF
,CPPED1,HMGCR,SOCS3,MCM4
,ISYNA1,LYRM9,CPSF3,ACADM
,PLEKHA4,NIPSNAP2,TAPBP,PDCD5
,CLU,SPTLC1,DDX1,NR3C1
,AKAP12,CCDC74A,RTL8C,TSHZ1
,LGR4,LXN,CAMK1,MAP3K20
,ATP5MPL,STN1,C6orf48,SRA1
,MGP,ZFR,CYB5R3,GRPEL1
,TMEM179B,EBNA1BP2,RSRC2,CCT5
,SON,KPNA2,VAMP5,PAK2
,ADNP,SDF2,SLC22A17,BHLHE41
,HLA-DRB1,RIPK2,CSDC2,BTG1
,CFH,SCARB1,AIFM1,FADS2
,ATP8B2,GNPDA1,ZNF160,LAG3
,MTND3P10,VMA21,MFGE8,NR1D2
,OMD,IDH3B,CFH,SPRY1
,SNORD3A,VCP,GPNMB,BCAP29
,CBX3,PIGC,ARHGDIA,COL14A1
,PRNP,PCOLCE,CCL2,SLC51A
,MT-ND2,COPZ1,ATP5PF,TCF23
,PTOV1,S100A10,DDX52,DDB1
,RCN1,RNASE1,45901,NFIB
,CMTM3,VAT1,CD74,CLK4
,MBD2,CEBPD,PRRC2B,CALM3
,NORAD,JKAMP,CAPNS1,IGHG1
,PDIA6,OTUB1,SLK,H6PD
,COL6A2,ISCA1,SESN1,IGFBP5
,SERPINA5,CAV2,AL138785.1,ATP5PF
,EMC10,SCCPDH,RBFOX2,COX5B
,CCDC91,TIMM17A,CALD1,SNX4
,FAM120A,UNC50,PHKB,ARHGAP21
,HSPE1,NCOA4,PNRC2,F10
,PSME1,EIF3D,ZCCHC24,TNFRSF19
,SNAP23,PAPSS2,MPG,JMJD1C
,SOX15,EI24,DCAF13,HLA-DPA1
,HOPX,TSTA3,NUCKS1,HIBADH
,NDUFA2,TMBIM1,VRK1,PLEKHB2
,TBCB,SOAT1,GNL2,SNED1
,MPRIP,FAM13B,CCDC85B,FGD4
,JCAD,COX6C,DDX24,CCND2
,ATP2A2,NQO1,TNFRSF19,STIP1
,KIF5C,KXD1,PFDN5,PGRMC1
,PBXIP1,PON3,HLA-DMA,PFN1
,MIR202HG,HLA-E,COL15A1,ALAS1
,MSMO1,CTNNB1,DCUN1D1,PHLDA1
,ZCCHC17,COPS3,ACADM,PALMD
,ATP5PD,SOD2,ACSL4,NBL1
,CNRIP1,EIF4G1,ATF3,SERF2
,CLN5,NOL10,CCT6A,SNHG7
,HLA-DRA,TRAPPC3,SPSB3,ATP5MF
,LEPR,SNRPB,RCN3,FGF7
,MT-TC,IZUMO4,NLRP1,PPA2
,MFSD1,ARPC4,CYB5A,AEBP1
,POLR2I,EEF1E1,DHX29,WASF2
,CDH2,HIST1H2AA,ENO1,ATPAF1
,AP2A1,NDUFV1,DNAJC15,COMMD10
,MCF2,RPP40,PAPSS2,EIF1AY
,C1orf54,LDHB,AKR1C1,NDUFS2
,PRRC2B,ATP6V1A,FSTL3,CGNL1
,HELZ,INSL3,TRIP12,YME1L1
,RPAIN,SH3KBP1,MRFAP1,CLDN1
,HEG1,TMEM50A,PTRHD1,TMEM106B
,IGF2-2,DBNL,UFM1,RBPMS
,ZC3H7B,ATP6V0B,SCARB1,MME
,ABI1,AAMP,LY6E,RHOJ
,COL14A1,HAGH,CCDC7,SNRPG
,GREB1,GPI,FKBP8,HHIP
,ANXA2,C1GALT1C1,NGLY1,P2RY1
,TCEAL4,DAP3,MTND4P12,EPM2AIP1
,CNN1,ELOA,MAGED1,IDS
,RBM3,SNCG,PROCA1,ANGPTL5
,PRELP,RNF44,ZRANB3,GSTM5
,LRP1,PSMB7,CLINT1,SMOC1
,FOXC1,COMMD7,H2AFX,HOOK3
,NRP1,TPRG1,TPM2,PEBP1
,RHOQ,TMEM222,PLOD2,NCL
,NFIA,SLC35C2,DAP3,LIFR
,AC116533.1,SCP2,ACTR3,MAP3K5
,SMIM26,GHITM,PAPOLA,VCAN
,FGF10,SETD2,MRAS,ANP32A
,HGF,FLOT1,TBC1D23,DLC1
,CUL3,ZC3H14,SMOC1,LAMC1
,NT5C2,ANKRD46,TMBIM6,KLF4
,YWHAB,GRPEL1,PEG3,HSF2
,CAMK2N1,ST3GAL4,HAGH,MTX2
,PEX5,SURF4,RALY,RCN1
,NOTCH2,TCEA3,TAF9,RNF150
,PERP,SRPK2,BAD,SCARA5
,NRK,FICD,SSBP4,CLMP
,MBNL1,UCHL1,SSBP3,ITIH5
,AGPAT1,TMED2,ORC3,CYP51A1
,UQCRQ,PSMB8,PTS,ETS2
,BST2,TBC1D23,SOAT1,SORL1
,YY1,TMEM14C,CAMK2N1,NDUFAB1
,TFPI,SNX17,ZNF358,PSMA7
,BMPR2,HAT1,FAM46A,FOXC1
,AEBP2,NECAB1,ACAA2,FAM46A
,FAM198B,ELP1,NDN,CD248
,SEC62,THNSL2,ACAT1,ARHGAP5
,ERBB4,CNOT2,PITPNB,ITGAV
,NR2F2,ZDHHC3,NDFIP2,GLOD4
,KDM5B,SRPRB,H1F0,HSPB6
,DAD1,PDCL2,WDR41,SMIM4
,CYB561A3,AC011503.1,IFITM1,GRB14
,PPIA,ATP5F1A,SMARCA5,POMP
,CRISPLD2,TMEM147,LHFPL6,GPX1
,FBXO11,DUSP11,NBN,CYP7B1
,PNMA1,RTRAF,COQ10B,ARL3
,TUBA1A,GSTZ1,HACD3,POLD2
,MIR4458HG,HSPA1B,CCDC90B,PPA1
,SLIRP,SAT2,ACSL1,CBX6
,IDH3A,PRDX6,C8orf59,PEG3
,TSPYL1,YIF1A,HTRA1,SMARCA2
,NCKAP1,ENO1,FXR1,FAM198B
,BOD1L1,POLR1C,RAD17,CUX1
,IRF2BP2,PPP2CA,TPGS2,SNHG8
,COX7A1,INSIG1,THRAP3,ITGB8
,RARRES3,MT3,FYTTD1,TXNDC16
,CCDC34,TMEM205,SHOC2,DEFB119
,COMMD6,PSMB4,BCL7C,DPYSL2
,HUWE1,TUBB4B,CYGB,QKI
,TAF7L,BEX4,LRRN3,EEF2
,,FDPS,SCN7A,NAP1L4
,,TGIF1,ALDH1A3,DPEP1
,,MT1X,OPTN,MT-TV
,,TMEM170A,AR,LRRC17
,,CRYZL1,MCM4,MARCKS
,,GRB14,NUDT3,ZKSCAN1
,,PIGT,STMN1,TXNRD1
,,GLRX3,TMEM123,NRXN2
,,LPCAT1,CEP295,EIF4G2
,,CD2BP2,ATP2B1,FNBP1
,,PSMA5,ELP1,BNIP3
,,DDX21,TUBB,EFEMP2
,,SPACA9,IFI27,APOL6
,,FADS1,VAMP2,ILF2
,,CIAPIN1,DIO3OS,SSR3
,,RTN3,PDGFRL,ATP5F1E
,,MYLK,NDUFA8,AKR1B1
,,PLEKHB2,EMILIN1,ARID1B
,,ANAPC16,MTIF3,PHGDH
,,CAPG,IFNAR1,ADAM12
,,GNG2,REXO2,TRIO
,,HIST1H2AC,ARL6IP5,ZFX
,,GSKIP,IQCG,CAV1
,,TSTD1,EFEMP2,HGF
,,FHL2,KLHDC2,ZEB2
,,SMARCA5,AP3S1,CCDC34
,,SRSF7,CREM,RSPO3
,,IL32,NME1,HNRNPUL1
,,NAE1,FAM114A2,TOMM7
,,TOB1,PTEN,RNF168
,,NONO,SMDT1,NEO1
,,SNX8,NME4,G0S2
,,TRIM36,DDX10,EIF3H
,,TMEM248,ALDH1A1,TAX1BP1
,,ZFP36L2,C1orf54,MSC-AS1
,,FABP3,ID1,SPATS2L
,,HSPBP1,PRRC1,EWSR1
,,BUD23,NR4A1,KRT19
,,LDOC1,AEBP1,HSP90B1
,,CSNK2B,CCL4L2,ADAMTS5
,,SNX24,CA11,CIRBP
,,RNF38,CSDE1,XIAP
,,PHF7,SUMO1,SLC40A1
,,FH,COL1A1,APOBEC3G
,,AAGAB,SCML1,NSA2
,,P4HB,BEST1,COPG1
,,RBM47,PALB2,OLFML2B
,,ASAH1,RIOK3,ENO1
,,TBX3,SRA1,DERL2
,,SLC39A6,CCT8,RGS2
,,FOXO4,PSMB6,SOX9
,,EIF3G,GOLGA5,HMGN3
,,SLC38A2,NNT,PLEKHA4
,,CCT2,HSD11B2,TACC1
,,BRWD1,LSM4,VCL
,,RSPRY1,RGS22,DYNC1H1
,,RPA1,CD302,SCN7A
,,LRPAP1,POLR2L,CCT3
,,POLR2B,CERS2,IDI1
,,OGFOD1,FKBP1A,UBTD2
,,IDI1,AC116533.1,NNMT
,,PTGES2,TSC22D1,IDH1
,,CMTM6,EIF3F,AC007969.1
,,UGP2,ATP5ME,MORF4L1
,,MPC2,ATXN7L3B,CCDC90B
,,VCAM1,NR1D2,KIAA1324
,,IMP4,KCTD12,EEA1
,,C11orf71,TRBC2,SESN3
,,CST3,RALGPS2,SYNE1
,,PBXIP1,SPDL1,UBE2N
,,HLA-B,HNRNPU,NDUFA13
,,C12orf10,SUCLA2,HMGN5
,,WNK3,TMEM50A,LINC00485
,,TCTN1,ATE1,AK3
,,TMBIM6,CFI,45911
,,GTPBP4,CCL4,ERRFI1
,,CLPTM1L,MRGPRF,ARL4A
,,IFI35,TPST1,TAF9
,,POLR2K,COX7A1,VGLL3
,,VRK3,IARS,ELOC
,,LINC00467,LAMTOR2,NUDT11
,,MRRF,CEBPB,BPTF
,,EXOSC7,PSME1,CITED2
,,SLC29A1,CCT3,JAK3
,,CLK4,ZFR,TGFB3
,,C3orf38,HSF2,GLO1
,,TMEM64,IDI1,TCEAL9
,,ARFIP1,SNHG25,CMC2
,,THSD7A,PDSS2,ASPH
,,EMD,ZFAND6,NDFIP1
,,BLCAP,HES1,CAVIN1
,,PRDX5,SDHAF3,FXR1
,,TCTN3,TSPAN8,CDKN1B
,,PEG3,PEAK1,STOM
,,TPM4,SNAI2,SLC44A1
,,TEX30,CARHSP1,CHD9
,,TRAPPC4,GNAI2,TPRG1
,,ARL4A,CAVIN3,MYC
,,CHRDL1,GOLGA7,ROBO1
,,GADD45G,CKAP5,ATP6V1A
,,MAD2L1,IER5L,ADAMTS1
,,SQLE,SLC25A17,EZR
,,FTH1,PAIP2,LRRK1
,,GTSF1,SMIM20,IFI44L
,,LIMK1,ERAP2,45909
,,ABCA5,RCN1,OSR1
,,HLA-A,WBP11,OCIAD1
,,RUVBL2,FBXO2,CLEC3B
,,DKKL1,CHCHD2,TM9SF3
,,TMEM97,CNRIP1,COL4A5
,,FAM71E1,ATF4,HMGN2
,,SREK1,RAB2A,GAS5
,,LIPA,COPG1,DCUN1D1
,,MFSD1,USP15,LIMA1
,,SAMM50,CBX6,PHACTR2
,,ATP6V0E1,DNM1L,DDX21
,,MCRIP1,SORBS3,COX7A1
,,ALG14,HSD17B11,STEAP4
,,MYL12A,GNB2,CTDSPL
,,SECISBP2,HIF1A,CPNE3
,,SCD,NPDC1,MINOS1
,,PRPF19,CYHR1,SH3BGRL
,,HIBCH,TBX2-AS1,PTAR1
,,JPT1,SH3YL1,SLC16A4
,,KIAA0100,EFS,TROVE2
,,TSPAN5,HLA-DRA,SELENOP
,,TPM3,P4HB,TOR1AIP1
,,CRYL1,TGFB1I1,VIT
,,FAM96A,TCF4,TAOK1
,,GFM1,VPS51,YWHAE
,,HACL1,PNPLA8,MUSK
,,TMBIM4,TMEM179B,COL12A1
,,BIRC2,UBTD2,NFKBIA
,,PLSCR4,TBX2,RGS5
,,AOX1,TRIR,EDNRB
,,TNFSF10,TSPAN5,PRDX2
,,SPTBN1,GLOD4,LINC02388
,,COL14A1,PLA2G16,SEC31A
,,GALC,TMEM183A,PTN
,,RBM18,CCDC91,ABCA9
,,GABARAPL2,EIF5B,CD302
,,DECR2,CSE1L,ATF7IP
,,DDX5,LTN1,MT-TY
,,CPSF3,PALMD,ZNF91
,,RNF141,KDELC2,PLOD1
,,AKR1C3,TXN2,NFE2L1
,,AFF1,HNRNPM,MRFAP1
,,PLOD2,DBI,MYH9
,,NEDD1,AASDH,TRUB1
,,DCUN1D1,RFTN1,CPSF3
,,FBLN2,RILPL2,SERPINH1
,,MYL9,FBXO17,MSN
,,ARPC2,TNFSF12,SETD7
,,DHRS3,IL1R1,CSRP1
,,FHL1,SDR39U1,RAB8B
,,SRSF11,GTF3C3,LIMS1
,,FXYD6,AC005912.1,LEPR
,,EIF1,KIAA1586,RNF19A
,,GGNBP2,SRSF11,HDLBP
,,B4GAT1,CEP41,UNC5C
,,SPRR2B,COX5B,HOXD8
,,RAN,SUMF2,ZNF680
,,CRLS1,NDUFAB1,ATAD2
,,EEF1A1,TJP1,TET1
,,HSBP1,KRBOX1,ATG12
,,UBR2,RANBP9,MXRA8
,,CAPZB,VDAC1,ITPRIPL2
,,TRDN,PINK1,TCF7L2
,,SNHG3,LINC01578,SPAG9
,,SUMO2,PGRMC2,HNRNPA3
,,RNF168,MAP2K2,ERAP1
,,FTL,UBXN1,ZRANB2
,,MT-ND2,NFKBIA,DIXDC1
,,PRDX4,STIP1,SUMO1
,,ACTA2,MED25,EXT2
,,IER2,PSMD12,SERINC1
,,B4GALT7,CDC42SE2,UBE2B
,,PEBP1,SLC9A3R2,GINM1
,,DVL2,TTC1,RAB31
,,DSTN,PSMD1,CCT4
,,C1S,STAU2,PRPF8
,,PDE5A,TMED1,FMNL2
,,IFITM3,PCGF2,SQSTM1
,,TFPI,MZT2B,SLC22A3
,,ALAS1,TBPL1,GPX8
,,ELAVL1,RDX,HSPA1B
,,GLRX,SIX5,C6orf89
,,G2E3,TMOD3,AKAP6
,,CDKN1A,NFE2L1,FAXDC2
,,RHNO1,TRMT6,MAP9
,,SON,CLIP1,SLC25A6
,,STMN1,KLHDC8A,RSU1
,,BAG4,EPB41L4A-AS1,PCAT19
,,DCAF6,ALDH3A2,PARVA
,,MAGEA4,ARPC5,MOB1A
,,XRCC6,SNAI1,GADD45B
,,TPM2,HIC1,EIF5
,,OGN,VWA1,SETBP1
,,HMGN3,AC027644.3,NPDC1
,,FAM133A,SFRP4,PHIP
,,NIP7,NCBP1,PRDX5
,,MT-ATP6,HNRNPA1P48,PEMT
,,H1F0,TNS2,SGCD
,,HSP90AB1,SDAD1,KIAA1143
,,OSMR,HLTF,CASC4
,,HENMT1,ABHD14A,NAE1
,,QSOX1,CLK4,EHD2
,,TCEAL9,OST4,STAG1
,,SRPX,AP2A1,LINC01697
,,SAT1,NEXN,ANK2
,,MT-ND1,CCNH,WFDC1
,,RACK1,PSMB7,C4orf3
,,PRELP,GGCT,CANX
,,MYC,TUBG1,PKDCC
,,RAB31,ADIPOR2,NEURL1B
,,SVIL,PRKDC,FATE1
,,JUNB,TUBB4B,IKBIP
,,STAU2,IER3,GSE1
,,ETS2,CISD1,SEMA3C
,,S100A6,EHD2,SAMD9L
,,MGP,NID2,CALU
,,SKP1,PIR,PROS1
,,C21orf91,ITPRIPL2,NDUFB2
,,TM4SF1,ZNF518A,PLD3
,,FMR1NB,PURA,H1FX
,,IGF2,EVA1B,ATP1B2
,,DPEP1,LIX1L,KCNMB1
,,PLP1,NDUFA12,CBX5
,,HSP90B1,PTBP3,TMSB4XP4
,,COX7A1,COX7A2,MAP1A
,,NUPR1,C12orf4,CHD2
,,KRT17,CCL3L1,FOXN3
,,DYNLL1,TANC1,MFGE8
,,MYL12B,RAN,ARX
,,HIP1,CD9,SCAF11
,,RARRES3,PID1,ATP1A2
,,RASSF2,CKLF,RTL8C
,,TXNIP,AMZ2,PLAGL1
,,ALDH1A3,EIF3H,RBPJ
,,LY6E,YEATS4,MITF
,,MTRNR2L1,DYNLT1,SFT2D2
,,MT-ND4L,BROX,ADNP
,,FBLN5,DPP7,C3
,,ANKRD7,SLC40A1,MTDH
,,MTATP6P1,LAMB1,FKBP1A
,,RCAN2,EXOC1,MRC2
,,NDUFA4,PARP1,IFI27L2
,,ABLIM1,NAPG,HELZ
,,KANK2,EMD,CKAP4
,,PDGFRA,STK33,MID1
,,CAPN6,DYNC1LI1,SERTAD2
,,HSPE1,PSMD10,WWTR1
,,DDX4,NOTCH2,SLK
,,COL1A2,HIBCH,ABHD2
,,IFI27,EIF1AY,PSME1
,,CLDN1,IL32,FAM13A
,,LRP1,EBF1,SOD2
,,DLK1,CD248,PRKCA
,,VCAN,TIMM23,PODN
,,MYL6,FKBP7,FRG1CP
,,HMGN2,PLP2,HIP1
,,PAGE2B,OS9,SHISA4
,,NEXN,CCDC80,UQCRB
,,DAZL,MMADHC,OGFRL1
,,HP1BP3,WBP4,PPM1L
,,LAMA2,ATP5F1C,IFI16
,,TIMP2,GAS5,AIG1
,,VIM,PPA2,CREB3L2
,,ANXA1,GPBP1L1,LRIG3
,,PLEKHA4,TSC22D3,ZFPM2
,,FN1,MAZ,UGCG
,,PTMS,ARX,TOMM20
,,IGFBP3,TSG101,BRWD1
,,COL15A1,FNBP1L,SERBP1
,,B2M,SDCBP,ETV1
,,AHNAK,RANGRF,ARHGAP28
,,LCA5,MT-TW,APOBEC3C
,,SEC62,TRIM8,SOBP
,,ARHGAP18,HSPG2,CCDC3
,,AC007969.1,FAM76A,ARHGAP10
,,PLAC9,CCDC3,CITED1
,,DDX17,SRSF5,ENC1
,,MYOZ3,MAP1B,NET1
,,TPM1,EMC10,CRTAP
,,BST2,SERPINH1,TSC22D1
,,SMOC1,MTRNR2L1,COLEC12
,,INSR,SGCE,MAVS
,,TCEAL4,ITM2A,FHL3
,,TTLL7,ATP5MC1,FAT1
,,DPYSL3,NAP1L4,FTX
,,USP15,OLFML1,ZYG11B
,,CCDC25,PSMG1,IMP4
,,TTC3,PHB,FNDC3B
,,KIDINS220,HOXD8,RAMP2
,,SFRP4,ADM,GNAI2
,,SLTM,PPP1R7,PTGIS
,,ENAH,SRSF2,HSPB1
,,MSRB3,SPACA9,LHFPL2
,,PLA2G2A,GNG2,EMX2OS
,,MT-TV,ZC3H15,CCT6A
,,SLC25A36,MXRA7,C11orf54
,,YBX3,APLP2,CCDC85B
,,MESD,PKDCC,SC5D
,,ETV1,IPO7,SYNPO2
,,TKTL1,COL5A1,STXBP4
,,SYNGR1,COLEC11,TRPS1
,,RAD23B,GRINA,TRIM22
,,SLF2,RBM3,SH3PXD2A
,,ECPAS,45907,IFT43
,,PRPF4B,HSF1,KLHL28
,,ABCA8,SH3BP5,ATRX
,,MORF4L1,BOC,C16orf45
,,NDUFB8,KRT19,APOA1
,,BRD8,PIK3C3,PEAR1
,,SRSF4,LARS,FAM171B
,,SYTL2,UBA52,SYNGR1
,,SMDT1,IDS,TCEAL8
,,RANBP1,NDUFA4,MSC
,,RHOQ,ANXA5,RNF13
,,MAGI2-AS3,LRP10,PYGO1
,,TRIP11,DZIP3,EIF3E
,,DMD,AC103591.3,LTBP3
,,CCNI,MYOC,PDS5B
,,BRI3,MAF1,ANKRD35
,,CPE,S100A10,PAK3
,,SMIM37,UQCRB,GLG1
,,45902,TPP2,ATL3
,,IVD,ZFYVE21,CLIP3
,,NEO1,SUB1,HNRNPD
,,RALBP1,ESF1,YY1
,,TSR2,TOPBP1,ASB13
,,SEL1L,NT5C,GAMT
,,MED29,ARPC2,ACSS3
,,PBX1,STAM2,NAALAD2
,,HPF1,HNRNPUL1,ZCCHC24
,,ITIH5,PCDH9,LIX1L
,,N4BP2L2,FILIP1L,MAX
,,NSRP1,DBP,FRMD6
,,NDUFA2,FOPNL,SLF2
,,SOX4,UBXN4,ZEB1
,,IMPACT,TM9SF3,NFAT5
,,ARL14EP,ANAPC11,GGT5
,,PTCH1,PHLDB1,CYGB
,,UROS,DIXDC1,DMD
,,SH3GLB1,MSH2,CKS1B
,,STAU1,SNTB2,RBMS2
,,FAM210B,MEA1,NES
,,45723,HMGB1P5,PDIA5
,,MPHOSPH8,CORO1C,SBNO1
,,SELENOW,NFIX,CREBBP
,,SLAIN2,PARK7,OIP5-AS1
,,CNPY2,LAPTM4B,PLP2
,,WASF2,GNA11,FNDC3A
,,LSM7,SLC51A,PTGES3
,,LTBP1,ENPP5,MACF1
,,SERPING1,GMNN,ADAR
,,SNRPD1,GLRX3,FUCA2
,,PKN2,IMPACT,PURA
,,GLYR1,BNIP3,GNB1
,,DYNLT3,RNF187,SRM
,,FBL,PROK1,FBXL3
,,CCDC3,DERL2,SMIM15
,,MYH9,EIF2S1,RAP2B
,,ZNF148,RDH11,DAZAP2
,,ASH2L,STX7,IL17RD
,,PHAX,ITSN1,SOX15
,,GTF3A,PSMD6,ADAMTS3
,,LSG1,FBL,CLDN11
,,SEC61B,NR1D1,KANSL1L
,,SELENOM,GTPBP4,TIAM1
,,PPP1CB,SH3GLB2,ZADH2
,,TMSB4XP4,EFHD1,PUM1
,,LYRM2,PDCD10,LIN7C
,,H2AFZ,FADS2,NCOA1
,,MZT2A,TXNDC17,ANGPTL4
,,RBPJ,GTF2H5,SSBP3
,,RNF152,VTA1,KAT6B
,,TOMM7,PMP22,PNISR
,,SYF2,CRYZL1,CMIP
,,SPECC1,GPR155,KMT2E
,,C3orf70,TRIM56,SUZ12
,,ARHGAP10,C19orf70,ATXN7L3B
,,STAG2,RBMS3,KLHDC10
,,CLCC1,LRRN4CL,CTSH
,,PFDN4,ITFG1,AKAP12
,,PALLD,PRKCSH,CUL4B
,,HIST1H1E,SYNGR1,SSR1
,,MORC3,ZNF503,IP6K2
,,TMED4,STAMBP,AMOTL1
,,ANAPC5,CBR3,AAED1
,,MT-TP,TPP1,CFL2
,,CEBPZOS,METAP2,SMIM26
,,MYOCD,SPCS3,HEXIM1
,,NFIC,PKD1,DSE
,,CLEC3B,GFPT1,NUMBL
,,TSPYL2,TCF23,RORA
,,YWHAE,MARCKS,DZIP1
,,APPL1,CYP20A1,SOCS5
,,FBXL5,GHITM,BUD23
,,AURKAIP1,POGLUT1,MLLT6
,,COX14,DCXR,AKAP13
,,PTN,TFPI,MED30
,,PER3,CLIC1,SELENOK
,,FGD5-AS1,TOR1AIP2,SHISA5
,,QSER1,LPIN1,TOB2
,,FAT1,MRNIP,PTCH2
,,WFDC1,RRAGA,LRP10
,,NR2F2,PRMT1,TRIM2
,,COL6A2,SLC2A4RG,RBMS1
,,KIFAP3,H6PD,SNAP25
,,TRA2A,WDR6,EIF3F
,,MIR99AHG,ZNF217,IFT52
,,NUB1,RRAS,ZNF518A
,,NIPBL,TRIM28,SPEN
,,ABI3BP,WDR44,WISP2
,,ROMO1,HMGN3,ZMIZ1
,,LBH,TOX4,GBP3
,,UBE2K,PSMA4,SPRED1
,,TCF25,ENO2,ECM1
,,MRVI1,NCOR2,DR1
,,EBF1,SELENOW,UBE2J1
,,GOSR1,COL16A1,HMOX1
,,AC005912.1,BRWD1,PLCL2
,,CCDC82,ELOC,TRAM1
,,ING2,CKAP2,KHDRBS1
,,LMOD1,DDR2,CETN2
,,ANXA6,P3H3,PLA2G4A
,,CUL1,ARF4,DIDO1
,,EIF3K,IL33,PRKACB
,,TM9SF2,CCSER2,THRA
,,ZNF248,HTRA3,HOXD9
,,NPTN,RNASET2,KCTD20
,,ELOB,TMEFF2,NCOR2
,,CPXM2,CD40,SPECC1
,,SH3BGRL3,FUNDC1,NOP53
,,COLEC12,PHIP,FRRS1L
,,ENY2,COLCA1,TSKU
,,SH3BGRL,CLOCK,C5orf15
,,TRA2B,ZNF580,RNF11
,,COX8A,SYNE2,CTSC
,,SNAP29,PALM,SH3PXD2B
,,SRP14,PDCD5,MAGEH1
,,SUPT5H,HELLS,TCEAL5
,,SQSTM1,PNMA1,ABHD14A
,,,MSC,DDX17
,,,RASL11A,SLC30A5
,,,PEBP1,ZBTB4
,,,PMS1,R3HDM2
,,,STMP1,TGFBR2
,,,RNF168,DIAPH2
,,,TOMM7,AC090498.1
,,,UBE2B,LPAR6
,,,CALHM2,ZMYM4
,,,TCEA3,EFNB1
,,,EMC6,MBNL2
,,,ATP8B2,TSPYL1
,,,NAE1,MAP7D3
,,,SSR4,FOXO3
,,,CALM1,SIN3B
,,,METTL5,XBP1
,,,EIF3G,TUBB4B
,,,ANKRD35,ZNF292
,,,COL27A1,NENF
,,,EIF2B3,ECM2
,,,PLOD1,TNNT3
,,,RIOK1,HNRNPA0
,,,CCDC107,EMILIN1
,,,GFM1,HNRNPU
,,,ZNF428,PRDM2
,,,SUCLG2,ILF3-AS1
,,,ASB13,IFI6
,,,ADD3,CTDSP1
,,,VRK3,CCDC91
,,,SAP30,SRRM1
,,,TUBB6,UROD
,,,NNMT,45906
,,,WDR3,IFIT5
,,,TPRG1,FKBP5
,,,NOP58,OPHN1
,,,CLPTM1L,ATP5F1D
,,,SACM1L,RBM22
,,,ETS2,N4BP2L2
,,,NME3,SORBS3
,,,TCEAL9,BOD1L1
,,,CDC123,PLA2G2A
,,,PPP1R1B,ACADL
,,,ZFPL1,TAB3
,,,SPRY1,MGLL
,,,FZD3,PFN2
,,,REX1BD,CLIC2
,,,FBXL5,MTUS1
,,,CCT5,TMEM100
,,,SBNO1,PER3
,,,ENDOG,BEX1
,,,USO1,FDFT1
,,,SHISA5,PLSCR1
,,,GAS6,ZFHX4
,,,BRD2,LAMP2
,,,MTDH,GOLGA4
,,,GPRC5B,THY1
,,,HLF,TUG1
,,,CDIPT,TMEM263
,,,FIS1,TRAM2
,,,ADRM1,SAP30L
,,,ZC3H14,ZNF12
,,,RNU4ATAC,RHOC
,,,SF3A2,JUND
,,,UBE2N,ANKRD12
,,,SOD1,DCTD
,,,RAB3IL1,ADD1
,,,RAI2,PEA15
,,,PRMT5,MIS18BP1
,,,TRIOBP,SEC23A
,,,APOD,CDO1
,,,POLI,IFNGR2
,,,AL359555.4,GLUD1
,,,CD59,SIKE1
,,,CERCAM,TNRC6B
,,,SNAPC3,MXD4
,,,CCL3,HLA-DPB1
,,,SHISA4,SETD5
,,,TGFB3,N4BP2L1
,,,ABHD17A,MLXIP
,,,ALG14,LITAF
,,,BORCS7,ZBED1
,,,TRIB2,RILPL2
,,,AC090498.1,KAT6A
,,,PWP1,CCSER2
,,,CMC2,INO80D
,,,STK3,IFIT2
,,,ZNF703,ANKIB1
,,,ISCA1,TBC1D20
,,,ZBTB4,LYST
,,,LRIG1,PIAS1
,,,FUS,NCKAP1
,,,CHST2,EPB41L4A-AS1
,,,PPHLN1,GNB5
,,,REEP3,TMEM150C
,,,PQBP1,GULP1
,,,EID1,PTDSS1
,,,SSR2,EBLN3P
,,,POGZ,PLBD1
,,,THUMPD3,PRKG1
,,,NLGN2,ATF4
,,,DAAM2,ZNF626
,,,FLRT2,CTDSPL2
,,,TMEM198B,PPP2R5C
,,,SLC26A2,NDUFA11
,,,MAT2A,GTF3C4
,,,PDCL3,PRKACA
,,,ARPP19,ARL1
,,,EXOC3L1,BBX
,,,SHC1,SNRPD3
,,,CD99L2,XRN1
,,,ADCY3,PARP14
,,,MTND3P10,AKR1A1
,,,CENPH,ATP10D
,,,MAGEF1,ATP2B4
,,,PLEKHA4,HUWE1
,,,JMJD8,CD46
,,,UBE4A,LUC7L3
,,,SLC25A39,KMT2C
,,,SOD2,TBC1D1
,,,RARS2,HMBOX1
,,,BCCIP,S100A4
,,,FEZ2,CAPN2
,,,MLXIP,FBL
,,,KCNMB1,RBBP4
,,,PRCP,ANKRD13A
,,,EXOC5,FIGN
,,,TNS1,SHOC2
,,,HOXD9,SNRNP200
,,,WDR47,SH3D19
,,,CUL2,CRCP
,,,AK6,SLC7A2
,,,JPT1,TRIM56
,,,YY1,UGDH
,,,COG2,TKT
,,,WDR74,CNPY4
,,,SEC31A,S100A10
,,,USP22,NNT-AS1
,,,FRRS1L,PTPN13
,,,CLSTN1,GNAQ
,,,HS6ST2,TSPYL4
,,,MAP3K20,PHC3
,,,MTF2,MED13L
,,,SMIM26,YAP1
,,,CHST14,MRVI1
,,,ANP32A,ARID5B
,,,TUSC3,FUT8
,,,B3GNT9,PRRC2B
,,,C21orf91,IFRD1
,,,UBTF,TBC1D9
,,,CSNK1A1,CALCRL
,,,SNX21,PQBP1
,,,CMAS,ITPR1
,,,MRC2,SLC25A3
,,,AAMP,ZNF423
,,,TNFSF10,MIER1
,,,ACSL3,AIDA
,,,CUTA,SP1
,,,LXN,TCP11L2
,,,UBE2L3,SCARB2
,,,GCHFR,TCEAL4
,,,ELOB,FAM120A
,,,SAP30L,NHLRC2
,,,CTDSP1,MIR503HG
,,,FAAP20,DDAH2
,,,NUCB1,RAB5B
,,,C1QTNF4,PEG10
,,,HRC,SCP2
,,,FMC1,LINC00963
,,,TLE4,SNRPE
,,,OPA1,HIVEP2
,,,CHORDC1,STAG2
,,,PDIA6,
,,,POLD2,
,,,STAR,
,,,MDFI,
,,,ABI3BP,
,,,ATXN2L,
,,,KLK10,
,,,VCAM1,
,,,NT5E,
,,,KIF1BP,
,,,TMEM243,
,,,STOM,
,,,AL118516.1,
,,,EXOSC7,
,,,TSHZ1,
,,,TSR3,
,,,GKAP1,
,,,RBM18,
,,,KAZALD1,
,,,ACAA1,
,,,AKR1B1,
,,,GLCE,
,,,MTATP6P1,
,,,UBA3,
,,,PSMC2,
,,,KAT5,
,,,IMPDH2,
,,,LINC00963,
,,,TSPAN3,
,,,CHD3,
,,,TTC8,
,,,FAM219B,
,,,HSF4,
,,,SYF2,
,,,CASP3,
,,,RNF11,
,,,HSBP1,
,,,BHLHE41,
,,,INAFM1,
,,,ZBTB7A,
,,,FZD2,
,,,YES1,
,,,RIMS2,
,,,PIGK,
,,,HCFC2,
,,,ANKDD1A,
,,,CKAP4,
,,,XAF1,
,,,DYNC1H1,
,,,SCRN2,
,,,APCDD1,
,,,MORN2,
,,,RNF24,
,,,SH3GLB1,
,,,MAGEH1,
,,,B3GALT2,
,,,FZD1,
,,,CLMP,
,,,CCDC71L,
,,,NR1H2,
,,,CBX7,
,,,MBNL2,
,,,EEF1B2P6,
,,,ILF2,
,,,HPRT1,
,,,IRF2BP2,
,,,HLA-E,
,,,SIVA1,
,,,AP3B1,
,,,SMC6,
,,,TMEM200B,
,,,FAM89B,
,,,UTP11,
,,,LMNA,
,,,TFAM,
,,,ILF3-AS1,
,,,ZDHHC1,
,,,WFIKKN2,
,,,OGFRL1,
,,,MDH1,
,,,ACO2,
,,,CAB39L,
,,,NDUFS1,
,,,MTX2,
,,,SP3,
,,,P2RY1,
,,,TMEM259,
,,,PTGES3,
,,,RBCK1,
,,,ZNF423,
,,,KHDRBS1,
,,,HGS,
,,,GLIS2,
,,,CAPRIN2,
,,,DNAJB6,
,,,MAVS,
,,,UBE2V2,
,,,SELENOS,
,,,ANAPC13,
,,,SDHD,
,,,CDC5L,
,,,ZNF771,
,,,HSDL2,
,,,CNPY2,
,,,PHF8,
,,,SLU7,
,,,AC109326.1,
,,,GNB5,
,,,BCL9L,
,,,LRPAP1,
,,,ISCU,
,,,CLTC,
,,,PLA2G2A,
,,,MAPK3,
,,,CTBP2,
,,,SNRPG,
,,,NDUFB2,
,,,CYCS,
,,,HIP1,
,,,EGFR,
,,,NOL3,
,,,TUSC1,
,,,VSTM4,
,,,GAMT,
,,,EPRS,
,,,POLR2I,
,,,HVCN1,
,,,MXD4,
,,,DDIT3,
,,,ATP1B2,
,,,AC034236.1,
,,,DDX6,
,,,CYSTM1,
,,,H2AFJ,
,,,MLLT6,
,,,HSPB1,
,,,AKR7A2,
,,,APOC1,
,,,RBM28,
,,,LMO4,
,,,CHPT1,
,,,H3F3A,
,,,MEF2D,
,,,DNAJC3,
,,,U2SURP,
,,,TXNL1,
,,,MMP24OS,
,,,CAP1,
,,,TMEM176A,
,,,SEC23IP,
,,,TCEA2,
,,,CCAR1,
,,,GABPB1-IT1,
,,,ZFPM2,
,,,PHF1,
,,,ARL4A,
,,,ZMIZ1,
,,,EIF3K,
,,,PEA15,
,,,CWC15,
,,,F3,
,,,C16orf45,
,,,CTDNEP1,
,,,NET1,
,,,INTU,
,,,PLIN2,
,,,ATAD2,
,,,MTMR9LP,
,,,EFNB1,
,,,PPM1G,
,,,SMARCA2,
,,,TMEM173,
,,,ISYNA1,
,,,CIC,
,,,TTC37,
,,,BACE1,
,,,ARHGEF40,
,,,PRKCA,
,,,BMPR2,
,,,HDAC7,
,,,BAIAP2-AS1,
,,,ZBED3,
,,,ING1,
,,,CHD2,
,,,RNF141,
,,,TRAP1,
,,,CDC42,
,,,ATP1B1,
,,,STAT5A,
,,,DHRS7,
,,,THOC1,
,,,RNF130,
,,,AFF1,
,,,MED30,
,,,NINJ1,
,,,MAP1LC3B,
,,,RARA-AS1,
,,,ARHGDIB,
,,,SETD2,
,,,ARFGAP3,
,,,RAB40B,
,,,NR3C1,
,,,NT5DC2,
,,,SET,
,,,PEAR1,
,,,ZNF22,
,,,CD4,
,,,RRAD,
,,,G3BP1,
,,,PSIP1,
,,,AC008038.1,
,,,NPIPA5,
,,,TANK,
,,,MSC-AS1,
,,,U2AF2,
,,,ABLIM1,
,,,ATN1,
,,,MT-TL1,
,,,RAE1,
,,,LZTS2,
,,,SPPL3,
,,,RAB7A,
,,,USP10,
,,,HSPA5,
,,,C1orf21,
,,,SREBF1,
,,,PPP1R3C,
,,,TRIP6,
,,,TUBGCP5,
,,,RBM42,
,,,C6,
,,,PLCL2,
,,,MLH1,
,,,AL135925.1,
,,,CENPB,
,,,ITM2C,
,,,SRPK2,
,,,KDM5B,
,,,BUD31,
,,,HSPA8,
,,,TAF6,
,,,G2E3,
,,,PCMTD1,
,,,ERRFI1,
,,,PSD3,
,,,HLA-DRB1,
,,,TWF1,
,,,NDUFA11,
,,,SPATS2L,
,,,LGI4,
,,,PSMD8,
,,,UFSP2,
,,,THRA,
,,,HMGB1,
,,,AC068888.1,
,,,PGRMC1,
,,,YAP1,
,,,UBE2R2,
,,,PPP6R3,
,,,VPS35,
,,,COPB2,
,,,ARCN1,
,,,MYH9,
,,,TFG,
,,,ACAP2,
,,,CRIP2,
,,,USP14,
,,,MINOS1,
,,,TMA16,
,,,BTG2,
,,,SDF4,
,,,N4BP2L1,
,,,NUP58,
,,,STX10,
,,,GCC2,
,,,GNB1,
,,,TUBA4A,
,,,FKBP3,
,,,NQO1,
,,,ATG14,
,,,UACA,
,,,ITGA9,
,,,C7orf50,
,,,NSA2,
,,,MAX,
,,,JAK3,
,,,FBXL15,
,,,VASN,
,,,ARFIP1,
,,,HMOX1,
,,,IP6K2,
,,,STAT6,
,,,KMT2E-AS1,
,,,YPEL3,
,,,KAT8,
,,,TMEM8B,
,,,PEX5,
,,,CREBBP,
,,,SLC44A1,
,,,TPPP3,
,,,ZNF768,
,,,ANKRD65,
,,,KIAA1324,
,,,FGF2,
,,,DTX3,
,,,OSMR,
,,,WASHC3,
,,,CTTN,
,,,LAMTOR5,
,,,MDM2,
,,,MTPN,
,,,TXN,
,,,SAT1,
,,,SUZ12,
,,,FLNA,
,,,UBR2,
,,,SYAP1,
,,,NRG2,
,,,GLMP,
,,,KIAA1217,
,,,CYP27A1,
,,,AGPAT1,
,,,SEPHS1,
,,,PSMC1,
,,,PAFAH1B2,
,,,NUMBL,
,,,C11orf68,
,,,UNC50,
,,,HMGB2,
,,,USP9X,
,,,ARHGAP10,
,,,FLII,
,,,ARID1B,
,,,TMPO,
,,,CAVIN1,
,,,BIRC2,
,,,HEXB,
,,,NEURL1B,
,,,AP001324.1,
,,,MGST1,
,,,CLN5,
,,,CLIP3,
,,,LSM1,
,,,BRD8,
,,,ZNF639,
,,,ZNF708,
,,,IFT88,
,,,KMT2E,
,,,TAGLN2,
,,,DAZAP2,
,,,RAB11B,
,,,LASP1,
,,,RAB18,
,,,RAB34,
,,,USF2,
,,,PNPLA2,
,,,RGS5,
,,,RARA,
,,,MTMR6,
,,,FBRSL1,
,,,ASAH1,
,,,RHOQ,
,,,OBSL1,
,,,ZCWPW1,
,,,PDK4,
,,,ASMTL,
,,,AKT2,
,,,LITAF,
,,,EXOSC6,
,,,PPIC,
,,,LSP1,
,,,NPIPA1,
,,,ENTPD2,
,,,C16orf58,
,,,KIF3A,
,,,MAF,
,,,CDKN1C,
,,,NSMCE4A,
,,,IFNGR2,
,,,ITCH,
,,,SLC22A3,
,,,PLIN3,
,,,PHYH,
,,,CSNK1E,
,,,ZSCAN18,
,,,ARL3,
,,,AKR1C3,
,,,APBB2,
,,,SERTAD2,
,,,DZIP1,
,,,ARHGAP29,
,,,RNF150,
,,,CSKMT,
,,,CD164,
,,,GPRC5C,
,,,PLA2G5,
,,,ITGAV,
,,,ANG,
,,,SOBP,
,,,GANAB,
,,,WFS1,
,,,XBP1,
,,,PRPF31,
,,,SGTA,
,,,DNAJC1,
,,,BUD23,
,,,NARS,
,,,FBXO18,
,,,AFG3L2,
,,,ZDHHC3,
,,,POLR2J3,
,,,TSPYL2,
,,,CIZ1,
,,,PLBD2,
,,,ZNF384,
,,,PLN,
,,,CDK5RAP2,
,,,NUDT16,
,,,AHDC1,
,,,DCAF6,
,,,FSCN1,
,,,FDFT1,
,,,TMEM127,
,,,HCG11,
,,,FAM129B,
,,,FBXL3,
,,,OLFM1,
,,,CWF19L2,
,,,RGMA,
,,,SYNE1,
,,,SNHG8,
,,,TPI1,
,,,MOB2,
,,,DUSP1,
,,,CHMP4B,
,,,CBWD1,
,,,PDK2,
,,,MYL6,
,,,CDC42EP4,
,,,PAXX,
,,,SCAND1,
,,,GTPBP6,
,,,MICA,
,,,BLOC1S4,
,,,CAPZB,
,,,SPEN,
,,,NUBP2,
,,,SPECC1,
,,,AC022400.7,
,,,EIF4A3,
,,,ERLIN1,
,,,SLC38A2,
,,,ZFX,
,,,FAM204A,
,,,RPAIN,
,,,AKR1C2,
,,,GSTM4,
,,,UBE2M,
,,,CLTB,
,,,ZNF12,
,,,INMT,
,,,CTSZ,
,,,CRTC3,
,,,FPGS,
,,,UQCC3,
,,,GDI2,
,,,RNF4,
,,,TOR1AIP1,
,,,VPS28,
,,,TMSB10,
,,,SUPT16H,
,,,PPM1L,
,,,CCDC34,
,,,LDB2,
,,,FHL5,
,,,SMARCD2,
,,,CLTA,
,,,SNRNP70,
,,,SERTAD1,
,,,TBC1D2B,
,,,CHMP2B,
,,,SMTN,
,,,HOOK3,
,,,RTN3,
,,,GPR161,
,,,SNHG16,
,,,AL590867.2,
,,,CD151,
,,,SERPINB6,
,,,HGF,
,,,NSMCE3,
,,,XIAP,
,,,AP2M1,
,,,SORBS1,
,,,SLC16A4,
,,,FAM3A,
,,,OMD,
,,,HLA-F,
,,,KDELR1,
,,,EDF1,
,,,SLC30A5,
,,,AMPD2,
,,,MEPCE,
,,,CLPX,
,,,DKK3,
,,,ECH1,
,,,SPAG9,
,,,GPAA1,
,,,SIGMAR1,
,,,PTN,
,,,RUSC1,
,,,OLFML2B,
,,,PHYHD1,
,,,MAP1A,
,,,TMEM54,
,,,THAP11,
,,,HNRNPUL2,
,,,SAR1A,
,,,OCIAD1,
,,,EIF1AX,
,,,APOBEC3G,
,,,SCD5,
,,,ANKRD13A,
,,,POMGNT2,
,,,ABHD14B,
,,,GPRASP1,
,,,CAPN1,
,,,SGCB,
,,,SMC4,
,,,ARL8A,
,,,GUCY1A2,
,,,ZBED1,
,,,KLC1,
,,,ARHGEF25,
,,,TK2,
,,,SELENOK,
,,,MYCBP2,
,,,TMEM150C,
,,,SEMA4B,
,,,TMEM37,
,,,HIVEP2,
,,,CFAP20,
,,,DNAJC9,
,,,HSPA2,
,,,CHMP1B,
,,,GUSB,
,,,MIR4458HG,
,,,CPPED1,
,,,NFE2L2,
,,,TBC1D1,
,,,ACP5,
,,,SETBP1,
,,,ITGB1,
,,,MLF2,
,,,TSPAN31,
,,,ZNF32,
,,,NAGLU,
,,,RAD23A,
,,,THAP7,
,,,BHLHE40,
,,,PLXND1,
,,,HSD17B12,
,,,HCG23,
,,,PTPN14,
,,,EPC2,
,,,MINK1,
,,,FNBP1,
,,,ACD,
,,,NRP1,
,,,AHSA2P,
,,,HEBP1,
,,,CTSL,
,,,SMC3,
,,,MYLK,
,,,AGPAT2,
,,,AOX1,
,,,TSPYL1,
,,,PCF11,
,,,MT-ATP8,
,,,NT5C2,
,,,EEA1,
,,,SCAMP4,
,,,PTTG1IP,
,,,CUEDC2,
,,,PLEC,
,,,KLHL22,
,,,MKNK2,
,,,NUDT4,
,,,STMN3,
,,,MARVELD1,
,,,PSMD7,
,,,EXOC7,
,,,TMX4,
,,,SH3GL1,
,,,HLA-DPB1,
,,,GSK3A,
,,,KHSRP,
,,,PCBP2,
,,,DEK,
,,,SSBP2,
,,,GTF2F1,
,,,EWSR1,
,,,BOD1,
,,,HEBP2,
,,,NSD3,
,,,RING1,
,,,RGN,
,,,GATD1,
,,,AEBP2,
,,,SNAP25,
,,,RABAC1,
,,,TP53I13,
,,,ADAM15,
,,,FKBP10,
,,,ADCY5,
,,,ITIH5,
,,,FAM20A,
,,,EMC4,
,,,RETREG2,
,,,ANGPTL2,
,,,CTSH,
,,,RTL8A,
,,,AKR1A1,
,,,MIR100HG,
,,,NEO1,
,,,45909,
,,,DNAJB2,
,,,LDHA,
,,,OLFML3,
,,,GULP1,
,,,CES2,
,,,TMEM176B,
,,,BLVRA,
,,,CALR,
,,,JADE2,
,,,AFF4,
,,,SMAD5,
,,,PPP1CC,
,,,ZCCHC11,
,,,RALA,
,,,FDPS,
,,,TALDO1,
,,,TBC1D17,
,,,SAV1,
,,,STAG1,
,,,AC073861.1,
,,,TPCN1,
,,,KANSL1L,
,,,MT-ND2,
,,,CNPY4,
,,,C15orf61,
,,,GSE1,
,,,TGFBR2,
,,,CREB3L2,
,,,AKT1S1,
,,,AC016739.1,
,,,KIAA0040,
,,,NT5C3B,
,,,PUM1,
,,,IRF1,
,,,THY1,
,,,MPRIP,
,,,ETFB,
,,,FER,
,,,AAED1,
,,,COIL,
,,,LDOC1,
,,,MID1IP1,
,,,PGPEP1,
,,,ANTXR2,
,,,RASSF2,
,,,SIGIRR,
,,,CUL3,
,,,RNF113A,
,,,WISP2,
,,,PCBP4,
,,,HEG1,
,,,PML,
,,,COX7C,
,,,TSHZ2,
,,,FAM13C,
,,,MYL6B,
,,,SEC14L1,
,,,MAN2B2,
,,,LONRF1,
,,,ORAI3,
,,,CDKN2AIP,
,,,TMEM129,
,,,BECN1,
,,,TTC3,
,,,TOMM20,
,,,SF3A1,
,,,FIP1L1,
,,,CCNL1,
,,,LBH,
,,,TNFRSF1A,
,,,SDC2,
,,,ZFHX3,
,,,CTGF,
,,,TMEM214,
,,,JAG1,
,,,C16orf89,
,,,ZYG11B,
,,,CREB3L1,
,,,SOCS5,
,,,LHFPL2,
,,,PLK2,
,,,CBR1,
,,,SMARCB1,
,,,TIPRL,
,,,TBC1D20,
,,,YIPF3,
,,,BAZ1B,
,,,COMT,
,,,OGFOD3,
,,,REPIN1,
,,,PFN2,
,,,ABL1,
,,,MAN1C1,
,,,PDCD4,
,,,EBPL,
,,,PLEKHA5,
,,,RCOR1,
,,,OIP5-AS1,
,,,EIF3B,
,,,MITF,
,,,CDC42EP1,
,,,SESN3,
,,,IRF3,
,,,MPST,
,,,PPM1K,
,,,ITPK1,
,,,PYGO1,
,,,CDC37,
,,,SYS1,
,,,PDLIM7,
,,,TRIP10,
,,,EPC1,
,,,TNFRSF14,
,,,PA2G4,
,,,TMEM128,
,,,ECI1,
,,,LTBR,
,,,ZDHHC4,
,,,C5orf56,
,,,CITED2,
,,,N4BP1,
,,,TROVE2,
,,,SCRG1,
,,,SMC1A,
,,,CCDC8,
,,,PRPF8,
,,,IRF2BPL,
,,,UBL4A,
,,,ZKSCAN1,
,,,PRKAR2A,
,,,DAAM1,
,,,PSMD3,
,,,ASH1L,
,,,C19orf66,
,,,HDAC5,
,,,UBXN6,
,,,KDSR,
,,,IL6ST,
,,,PHB2,
,,,NCKIPSD,
,,,DVL3,
,,,SMAD3,
,,,KAT2A,
,,,KLF9,
,,,TRIM2,
,,,ALDH2,
,,,SFPQ,
,,,CASC4,
,,,CCDC32,
,,,TEX261,
,,,FAHD2B,
,,,SERBP1,
,,,AC005261.1,
,,,PPP1R18,
,,,TMEM109,
,,,MAGOH,
,,,NDUFC2,
,,,NCKAP1,
,,,TBL1XR1,
,,,ESYT2,
,,,DCTD,
,,,EMX2OS,
,,,CNPY3,
,,,MT1E,
,,,IGFBP3,
,,,RBMS1,
,,,PSMB4,
,,,YLPM1,
,,,ESD,
,,,TEF,
,,,EIF3E,
,,,TPM1,
,,,IFRD1,
,,,STARD10,
,,,ZNF331,
,,,PARD3,
,,,FOXN3,
,,,SIAH2,
,,,IL34,
,,,ATF6B,
,,,RSBN1,
,,,PCAT19,
,,,SLBP,
,,,FHL3,
,,,CHD4,
,,,PDPR,
,,,EXT2,
,,,TRAF3IP1,
,,,ZRANB1,
,,,FAM3C,
,,,ZCCHC14,
,,,TUG1,
,,,ZNF844,
,,,HDAC2,
,,,MAT2B,
,,,HDAC3,
,,,CHCHD7,
,,,CTSB,
,,,FIGN,
,,,ANKRD11,
,,,MX1,
,,,TOB2,
,,,AMOTL1,
,,,ERCC1,
,,,GATA4,
,,,HAND2,
,,,BTN3A2,
,,,RBM25,
,,,PTP4A2,
,,,ARL4D,
,,,B4GAT1,
,,,GNL1,
,,,FBXO11,
,,,CTDSPL,
,,,CHSY1,
,,,FADS3,
,,,GLUD1,
,,,PHACTR2,
,,,POLR2M,
,,,ALKBH5,
,,,MYOCD,
,,,EMX2,
,,,RNF220,
,,,ZNF395,
,,,AKAP13,
,,,NQO2,
,,,FBLN1,
,,,SLC29A1,
,,,PDCD7,
,,,ERAP1,
,,,UNC45A,
,,,GTF3C4,
,,,FBXL12,
,,,KLF12,
,,,ADHFE1,
,,,PTDSS1,
,,,SNRPB,
,,,NR2F1-AS1,
,,,EFNA5,
,,,CBX3,
,,,MACF1,
,,,FAM120AOS,
,,,FAXDC2,
,,,PXN,
,,,FOXO3,
,,,STAT3,
,,,FAM228B,
,,,VGLL4,
,,,KPNA5,
,,,CENPV,
,,,TMEM98,
,,,RAB5C,
,,,CPQ,
,,,NUPR1,
,,,SEC11A,
,,,SNHG1,
,,,TMEM245,
,,,TXNDC16,
,,,GLG1,
,,,CCNB1IP1,
,,,LRP11,
,,,SLC25A3,
,,,ACBD3,
,,,SFT2D2,
,,,IFIT2,
,,,MSRB2,
,,,TMEM203,
,,,IMP3,
,,,SHARPIN,
,,,IFT52,
,,,ANKRD10,
,,,ZMYM4,
,,,UBE2J1,
,,,MUS81,
,,,CCDC152,
,,,FAM198B,
,,,SLC10A3,
,,,HMBOX1,
,,,PHLDB2,
,,,BEND5,
,,,YME1L1,
,,,SNCG,
,,,TBC1D9,
,,,SGF29,
,,,LIMS1,
,,,GK5,
,,,HNRNPL,
,,,RHOC,
,,,ARPC4,
,,,SLC39A1,
,,,ATF7,
,,,OAZ1,
,,,CDKN2C,
,,,VPS4A,
,,,NCDN,
,,,SRSF1,
,,,SETD7,
,,,ZNRD1,
