Immue-OA,Immue-AZFc,Immue-INOA_B,Immue-KS,Immue-INOA_S
CD68,MT-ND6,PRM1,MT-ND6,HMGB4
PCBP1,PRM2,PRM2,PRM2,PRM2
TUBA1C,FTH1,HLA-DRB6,PRM1,PRM1
ADCY7,PRM1,VSIG4,FTH1,TNP1
NUDT3,TUBA1B,FTL,FKBP5,LELP1
IGF1,UBB,ANXA2,UBB,TSACC
EEF1D,MT-ND1,HMGB4,CD163,CRISP2
TUBA1B,HLA-DRB6,MT-RNR1,IGFBP7,SMCP
STUB1,CLU,CD163,JUNB,S100A9
PET100,FKBP5,MT-ATP8,HLA-DRB6,C10orf62
ARL2BP,CD163,FKBP5,ADIRF,TCP11
DDT,S100A9,HIST1H2AA,VSIG4,CD163
LTBP2,IFNGR1,GPX1,TUBA1B,FKBP5
CCL13,LCP1,MT-RNR2,JUN,CAPZA3
NR4A1,RNASE2,HLA-DQA2,PCBP1,CABS1
COX20,VSIG4,TNP1,ZFP36,RNASE2
ANAPC15,S100A4,RNASE6,HMGB4,SPTY2D1OS
PCSK7,HLA-DQB1,C1QB,S100A9,VSIG4
SPOCK1,SELENOP,ACTB,PTGDS,GSG1
AC098679.1,CCL3,RACK1,CCL3,AKAP4
AC020656.1,MT-ND2,C1QC,MT-ND1,NUPR2
MT-TW,PCBP1,ALOX5AP,EEF1D,HIST1H2AA
FAM86C1,HLA-DQA2,MT-ND2,HLA-DRB5,TPPP2
RNU6-6P,GPX1,CD53,IFNGR1,S100A8
ZNF781,GAPDH,CD74,FOS,EMP1
MIF,HLA-DRB5,LELP1,FOSB,MT-ND1
LINC01921,S100A8,C3AR1,ACTA2,S100A4
CDK4,S100A6,CFL1,GAPDH,LINC00919
HYI,HMGB4,S100A9,IER2,MT-ND2
SLC25A51P1,PTGDS,TPI1,RNASE6,MRC1
IL2RA,LELP1,CTSB,IL13RA1,SPACA3
PINK1,IL13RA1,ARHGDIB,HLA-DQB1,ROPN1L
KAT5,C1orf162,CRISP2,ALOX5AP,BOD1L2
PSMA8,FTL,TXNIP,TXNIP,ANXA2
CCL2,RNASE6,MT-ND1,TNP1,MT-RNR2
GAPDH,CRISP2,MS4A6A,HLA-DQA2,OAZ3
FGF13,EEF1D,PABPC1,C1orf162,CCDC196
NDUFS7,IGF1,DAZAP2,CCL4L2,HLA-DRB1
ENPP2,ARPC2,TSACC,CCL4,GTSF1L
CKAP2L,ALOX5AP,CAPG,LCP1,C1QB
CD36,TNP1,GSN,MRC1,MLF1
SMURF1,ITM2B,FCGR2B,HLA-A,S100A6
ACO2,SPARC,IFNGR1,DUSP1,TEX35
SPATA8,GSN,EEF1A1,LELP1,TEX46
LPCAT3,FTLP3,SDCBP,MT-ND2,RETN
MT-ND6,PPIB,SLC25A5,CYBB,ALOX5AP
ZNF876P,S100A10,S100A4,IQGAP1,GPX1
TESK1,CABS1,GRN,PPIB,HLA-DPA1
NOL3,ANXA2,MT-CO3,S100A4,LYVE1
NACC2,APBB1IP,LAPTM5,MS4A6A,IQGAP1
SUN2,HSP90AB1,LGALS3,EGR1,MT-CO3
NRL,GLIPR1,AKR1B1,PPP1R15A,C1QA
NACC1,S100A11,PGK1,CD164,ACSBG2
AC108733.1,MT-TW,TAGLN2,RAB31,SPATA42
CHPF2,CYBB,HLA-DRA,TAGLN,SPATA3
AC024619.1,TLR2,RETN,CCL3L1,C1QC
FTH1,PABPC1,VSIR,BTG2,CTSB
PC,MED12L,UBA52,CRISP2,C1orf194
GAPDHS,RETN,RHOA,FTL,LINC00301
LINC01760,SMCP,ARPC2,RNASE2,CDIPT-AS1
C1orf158,DEFB119,ADORA3,S100A11,FSCN3
IFNAR2,CD68,SRGN,ADORA3,C12orf54
JMJD8,TMA7,S100A10,ACTR2,HLA-DQB1
IQCK,LAPTM5,ATP6V0E1,DCN,CD164
MBD3,SERPINA5,RNASE2,C1QB,VIM
PRKCQ-AS1,MT-ND3,LIPA,IER3,LCP1
MYZAP,IGFBP7,MT-ND4L,S100A8,TEX38
GREB1,CD164,ATP5F1B,DNAJB1,AC010255.3
NCBP2L,LRRC75A-AS1,PKM,ANXA2,CSMD2-AS1
EGFR,HSPA8,C1QA,HSPA1B,FAM229B
EPB41L1,MT-CO3,SMCP,GADD45B,RNASE6
EGR2,A2M,LAMTOR1,H1FX,TEX37
EPHX1,FOXN2,PPT1,RNASE1,HIST1H2BA
HTRA1,C10orf62,PRDX3,MT-TW,IQCF1
SV2B,RGS1,MT-CO1,AL450405.1,IZUMO4
NAV2,CLEC4E,TALDO1,AIF1,LEMD1
UBB,C3AR1,ATP6V0B,SDCBP,LINC00467
MAP2K7,HCLS1,RGS1,TSACC,GSN
JADE1,ALCAM,SCAMP2,LRRC75A-AS1,PHF7
CTSA,SLC1A3,SYNGR2,MT-ND5,SH3RF2
SRSF9,ANPEP,GSTK1,MYL9,SPANXB1
NFYA,CCL4,MLF1,XIST,S100A10
ODF2L,MT-TY,CLIC1,CD69,TCN2
CCL8,MS4A6A,GPX4,ANXA5,SH3BGRL3
FAXDC2,SLC11A1,LDHA,CTSS,TMCO5A
AC007390.2,MT-TE,HSPA8,MGP,BPIFA3
AC005261.3,CERKL,EIF3I,S100A6,TMCO2
AC093535.2,TXNIP,C10orf62,JUND,SPATA19
AC025575.1,ARHGDIB,ENO1,EGR2,HIST1H1T
ADCYAP1,RACK1,TLR2,C3AR1,ACTL7A
FAM72C,TYROBP,FCGRT,CSF1R,FAM81B
LRRC37A17P,IER3,S100A6,AHNAK,TEX26
WHAMMP2,ANXA5,FKBP1A,FCER1G,ERICH2
AC016825.1,TIMP2,ARPC4,SQSTM1,HLA-DPB1
AC117500.1,IQGAP1,TNFAIP8L2,CCL2,FTL
PLEKHA4,PTMA,C20orf27,NR4A1,HLA-DRB6
AC114947.2,CORO1C,ACTG1,NFKBIA,C1orf162
COCH,HIST1H4E,CCL2,PPT1,ROPN1B
H3F3C,LPL,RPN2,ARPC5,PPP1R2C
AC009533.1,LGALS1,BLVRB,F13A1,ADAD1
AL139353.1,MT-CO2,PSMF1,ZFP36L2,C20orf141
AC002350.1,DCN,FPR1,PMP22,GAGE2A
CFAP126,COL1A2,ARRB2,H3F3B,CCDC54
TNS2,XRCC5,DAD1,SLC1A3,TMEM236
CCDC87,ADIRF,LDHB,KCTD12,CCL4
TANGO2,CLDN11,MT-CO2,CDC42,FCER1G
PHKA1,CCL2,CD164,SMCP,LGALS1
DNAJB13,AHNAK,MS4A4A,UBC,HLA-DRA
AC096536.2,CD36,OAZ1,DUSP6,ACSL1
AC093799.1,EPS8,RHOG,PRELID1,IFNGR1
LINC02264,GSTA1,MSN,NOP53,PMP22
LINGO1-AS1,AIF1,CLEC10A,COLEC12,ANKRD7
AC018628.1,NCF2,RHOC,CIRBP,COX8C
AC135983.3,LRRK2,LYZ,SAMHD1,AC097636.1
LRFN3,SRGN,METTL7A,SMAP2,SPANXD
LMNB1-DT,SLA,HCLS1,HLA-E,GABRG3-AS1
PSKH1,ENO1,TBXAS1,CLEC4E,VWA3B
PRMT5,SIGLEC14,ARPC3,AC103591.3,DNAJB8
MGAT2,EVI2B,SPTY2D1OS,VCAN,SPACA7
CDS1,MIR202HG,SPG21,C11orf96,FAM71F1
MINDY4,PTTG1IP,TMEM230,FCGR3A,CCDC168
PYY2,PFN1,GPSM3,HCST,C3
C8orf58,ZFP36,SLC1A3,XRCC5,CCL4L2
MCM10,TMEM236,PRPF40A,MT-ND3,SLC11A1
MAZ,OLFML3,CLEC4E,MYO5A,RNASE1
AC005363.2,MT-ATP8,SLC25A6,ARHGAP18,SH2D4A
PTMAP4,ATP5ME,TCN2,GPX1,GLDN
DLG5,SDCBP,SPTSSA,TMA7,UBL4B
GAP43,FOS,EIF3D,C10orf62,TSPAN16
AC006148.2,UBA52,LHFPL2,HSPA1A,C16orf82
AL365217.1,XAF1,C1orf162,DUSP2,SPANXN3
CCDC107,CLIC1,SESN1,KLF2,CYLC2
AC007003.1,TSACC,CPVL,MFSD1,IQCF3
TCEA1P3,ACTR2,FTLP3,SKAP2,RNF151
AC061709.1,ITGB2,HADHA,45717,CCDC173
UST,EIF1,RAC2,ATF3,TBX18-AS1
CCDC13,MRC1,CTSD,CLTC,MT-ND3
Z99289.1,COX20,TCP11,MTATP6P1,CCL3L1
CASC19,LHFPL2,FAH,CORO1C,AC239803.2
IGKV1-13,AL138899.1,ATP5PB,HLA-B,TMEM31
CNTNAP4,MSN,LINC00467,FOXN2,SPINK2
AP001109.1,TIMP3,EIF3K,ITM2C,FCGBP
CBR3,BMP2K,BRK1,CD68,CPM
PAPPA,LINC01681,APH1A,NR4A2,TSSK6
CBX8,TCN2,SSR1,EVL,HCLS1
HMMR-AS1,NUDT3,RTN3,C1QC,AL365357.1
AC007032.1,BEX3,ITGB2,RETN,CD74
SNHG10,CPE,CLTC,PNRC1,DDI1
ZNRF3,VAMP8,OSTF1,LHFPL2,ADIG
PCBP3,APOA1,TMEM219,LGALS1,LINC01350
LINC02139,CCL4L2,HM13,S100A10,DDX4
LINC02281,JUNB,GNPDA1,TCN2,CCDC37-AS1
PCDHB11,CCDC196,PPIA,FGL2,CCDC70
AL138799.2,CTSH,ATP6V0D1,MSR1,HEMGN
C1orf127,ZSCAN31,HLA-DMA,SLC11A1,TEX44
AL133410.1,SQSTM1,HLA-C,TCP11,ADORA3
AL079307.1,MGP,MALAT1,ARHGDIA,C12orf50
DEAF1,AES,MRC1,TLR2,BLVRB
ALKBH6,GSTM3,ACSL1,C12orf57,PLTP
AC007383.2,SLFN12,ATP6V1F,TIMP3,CDKN3
AC007842.1,FATE1,ATP6AP2,HSPB6,MT-CYB
AC005726.1,TPPP2,PARP14,SELENOM,HLA-DQA1
ALG1,CAPG,CD302,ENO1,LPL
FAM153A,FPR1,TPP1,ACSL1,FAH
LINC01717,CAPZA3,PPP1CA,C1QA,TPM3
DNASE1L3,DIAPH1,ADAM10,VPS35,ARPC2
DNAJC5G,ADORA3,SSR2,GSN,PTGDS
AL445686.2,PRELID1,ATP5MC2,EPS8,ACTRT2
LINC00032,SIRPB1,EIF1,CCL5,UBQLN3
AC008739.1,HERPUD1,SPI1,ETS2,CT83
ATP2A3,HMGN5,DRAM2,EMP1,TPD52L3
AC025181.2,ADCY7,EGR1,CD83,LDHC
DNAJB5,SRSF9,PRDX1,PDK4,IZUMO2
LINC02336,SPIDR,CD9,ARPC2,PAGE2B
LINC02259,HLA-B,CAPZB,VMP1,NTRK3-AS1
LINC01725,MAMDC2,LY86,HLA-DRB1,TEX53
AL445238.1,INSL3,CTSH,CTSB,FOS
TMEM86B,ITGA4,CAPZA3,EVI2B,SMKR1
TMEM254-AS1,FCER1G,LGALS1,MLF1,DCAF4L1
BHLHE40-AS1,CCT2,CCT4,CD93,ANXA5
LINC00926,TEX46,FCER1G,SELENOP,PFN1
LINC00526,AC005288.1,GNS,ALCAM,ARHGDIB
SLC2A12,ILK,EHD4,LYVE1,EGR2
SLC9A3-AS1,VIM,GIMAP7,EIF4G2,CX3CR1
SMO,CALCOCO2,HLA-DMB,CITED2,DYNLRB2
SMIM2-AS1,PSTPIP2,MPP1,DDIT4,CCL3
SMTN,CAPZB,EIF5A,NCOA4,ANPEP
IDO1,RNASE3,HDLBP,TPPP2,ALOX15B
AL590302.1,EEF1A1,TREM2,CABS1,MS4A6A
C17orf50,EMP1,VMP1,CD52,CYBB
ODF3,MYL6B,MTRNR2L1,TRBC2,SDCBP
ICAM3,HIST1H1E,HSP90B1,CAPZA2,ENO1
OR7E24,DDT,SNX10,AES,TCP10L
TEMN3-AS1,LAMTOR1,SERPINA1,MNDA,KIF2B
AL928654.4,ARHGDIA,ILF2,SRSF9,PRR30
DEPDC1B,CDC42,LTA4H,CALM2,TEX36-AS1
AC091534.1,AC103591.3,COTL1,KLF4,CETN1
AC091812.1,HNRNPD,ADAM9,SHTN1,FSCB
ROR1,SMARCA1,MFSD1,RTN3,BX119904.2
SCART1,TAPBP,MYL12A,HLA-F,SPATA4
TFAP2C,CFL1,EIF3E,CKLF,TKTL1
AC007610.2,SAMHD1,HEXB,NCF2,S100A11
AP003171.2,ACTB,CALR,HLA-C,FAM71E1
POM121L12,SMAP2,HSP90AB1,TMBIM6,ACTR2
U62317.3,TSPO,CCL4,SNX6,STAB1
A2MP1,MT-ATP6,S100A8,FPR1,F13A1
TM9SF1,RHOA,SLC7A7,RERGL,MS4A4A
FGFRL1,EGR1,PSMG2,NFKBIZ,B2M
AC108704.1,SPACA3,CABS1,RAC1,BTG2
ENHO,HADHA,TPPP2,PLAC9,LHFPL2
AC079943.2,CCL8,MAN1A1,HCLS1,ACTB
SFT2D3,CALD1,LAMP2,CD48,AKAP3
SNHG27,HLA-DRB1,TMBIM6,MSN,LCA5L
FAM83D,ACTA2,HLA-A,SPTY2D1OS,COLEC12
AC108673.3,ARL2BP,ERGIC3,CPM,CLU
MYB,CCDC168,APBB1IP,IER5,CLIC1
AC026951.1,BEX1,HAVCR2,GPR34,HSPA8
AL021026.1,FAU,CORO1C,ILK,VAMP8
BTLA,SKAP2,NPC2,DDT,PDCL2
SYTL1,C1QB,ANPEP,CAPG,ROPN1
FAM166A,BTG2,NUPR2,MS4A4A,YBX2
AC092447.8,TCP11,CHMP2A,GZMA,LINC00943
RNASEH2A,PRND,GSTP1,FCGR2A,C5orf52
BEND3,PRDX1,DRAM1,ATP5ME,SCP2D1
AC139495.3,SERPINA1,MT-ATP6,AP1S2,MAGEB2
ERBB2,ALDH1A1,KDELR1,ZEB2,C9orf153
SLC9A5,CEBPA,LRRK2,GLUL,BRDT
ZNF662,CITED1,ELOVL1,CSRNP1,SIRPD
KAZALD1,SRP72,AKAP4,MS4A7,AL133371.1
TRIM58,FSCN3,GSG1,DDIT3,SPACA4
AL592486.1,TNFRSF11A,TMEM176B,HIST1H1E,FAM187B
AL592114.1,ETS2,CPM,RNU4ATAC,IRGC
UNC119B,SHTN1,RNH1,HSPB1,KIF2C
AC091013.1,GPSM3,LITAF,DCUN1D1,SLA
AC091057.1,TUBA1C,FTH1,IL32,FTLP3
ACSM3,IL18,SQOR,SESN1,AHNAK
KCTD13,ALOX15B,CCT7,ADAM10,NFKBIZ
TRPM1,LPCAT2,ADIPOR1,MOB1A,GRN
EPPK1,LEMD1,HADHB,CYFIP1,GPR82
AC090200.1,DEFB123,PLTP,VAMP8,GTSF1
KCP,IL1R2,ARF1,HIST1H1D,PNRC1
CDC20P1,IFI27,FNDC3A,CEBPA,AP2A2
FZD5,VMP1,TMBIM1,SRSF7,CORO1C
MT-TD,SPATA3,AL138899.1,PARP14,MAP3K14-AS1
DHCR7,TCEAL9,CYFIP1,CLEC5A,CAST
SULT2A1,PEG10,SORT1,CAPZA3,CFP
PRELID1,PARP14,CALCOCO2,CPVL,CPVL
PRKCA-AS1,B2M,FOS,ATP6V1F,CEP170P1
GRAP,FAH,OS9,RNU5F-1,GPNMB
CCL14,AC084871.2,SCPEP1,GADD45G,PSORS1C1
TREML2,BIN2,ESD,SPARCL1,SPATA33
SAMD3,CTSA,VAMP8,IGF1,RNASE3
SCRIB,YWHAZ,HSP90AA1,PAK2,HSP90AB1
ANKRD20A21P,NOP10,LAIR1,CTSH,AKAP14
H3F3AP6,SPTLC2,NCF2,GNS,AC092666.1
ARHGAP33,SH3RF2,SLC25A3,AKAP4,SPATA16
FAM131A,CADM1,LY6E,TRAC,TEX48
AC092069.1,GPR82,FCGBP,PTGER4,CYLC1
GPM6B,GSTP1,FAM229B,TMOD3,AC008114.1
GPR31,LIPA,DCUN1D1,AL138785.1,HYPM
LINC01589,SLC25A37,FCGR2A,STUB1,MS4A5
RIBC2,MT-RNR2,LAT2,METTL7A,PGK2
AC092634.8,PAK2,UQCRH,NOP10,SYCE3
AC025822.1,BLVRB,CMTM3,MYH11,LINC02314
AC044839.2,ACTG1,RAC1,LRRK2,LINC01820
ZNF222,AKAP4,MYDGF,CHMP1B,CCDC27
AC008040.1,PPT1,PPP2R1A,SNORD3A,PPP3R2
AL121928.1,ATP6V1F,ATP6V1B2,TUBA1C,ACRV1
AP003717.1,NDUFS7,ANXA5,SNHG9,NCF2
PPP1R3G,GSTK1,IL18,TPP1,MSN
EDNRB-AS1,GTSF1L,NCF4,USP9X,ATP6V1F
JPX,LINC02397,SIRPB1,TPT1,ARMC12
ARHGAP11B-2,EMP3,SLFN12,SRP72,SPACA9
AL022238.2,SNX10,GALM,FCHO2,TSPO
INA,ACSBG2,OAZ3,PTTG1IP,CAPZB
AC009509.1,H1FX,KDELR2,TPM3,CMTM2
AC009305.1,C1QC,STAB1,ARMT1,CLEC4E
MIR103A2,RAC1,FOLR2,LINC00467,LAPTM5
CCL3,AC243960.3,GNAI2,COX20,PROCA1
OLFML3,SLC39A8,PIK3AP1,CALCOCO2,DIRC3
SPA17,FLT3,SCP2,TUBA1A,XRCC5
MT-TE,CKLF,TMEM59,FAH,ITGB2
SPINK2,PAK1,HCK,LBH,LINC01191
GPX1,JUN,IL13RA1,GSG1,MFSD1
EEF2K,LGMN,ZYX,PRDX2,TRIM36
GLIPR1,CLEC10A,CNBP,RIN2,RHOA
FAM53B,ATP6V0E1,FIBP,HEXIM1,CCT2
KIF4A,TEX26,DEPTOR,PMAIP1,ACTG1
C10orf25,CD53,TWF2,ARHGDIB,MRVI1-AS1
ALYREF,LINC00467,COX7C,NDUFS7,PLCZ1
SMN2,USP4,TSPO,SH3BGRL,SPEM2
CCDC86,ACSL1,TOMM20,PLXDC2,FUNDC2P2
CD3EAP,PAIP2,H2AFY,IFNAR1,SPPL2C
LMO7,TEX37,REEP5,TMEM236,AL596275.2
LARGE1,GSG1,COPB1,TNF,COX7B2
CCDC144B,LY86,ANP32A,MCL1,ELAVL2
ZNF316,FCGR1CP,LMAN2,APOE,PDHA2
CD209,FKBP15,BLVRA,SLA,MCHR2-AS1
ARHGDIA,CYTIP,TXN2,BCAT1,PRSS37
HSPA14-2,VPS35,SDHD,SNHG25,CCDC179
EGR3,CPM,PRR13,SPSB3,AC097375.2
FXYD6,RNF175,PSMB8,XCL1,C10orf53
HLA-DRB5,SH2D4A,CMTM7,ATP6V1B2,TMOD3
LSM1,SH3BP5,ACTR3,LAMP2,CAPG
PARL,SGMS2,IPO5,LAPTM5,C3AR1
MAN1C1,MYL9,CST3,ANPEP,EHD4
DIAPH3,RASSF4,LAPTM4A,LPL,SGK1
BBIP1,CALM1,HIST1H4C,LPCAT2,OLFML2B
CKS2,FCGBP,VDAC1,STK17A,CALCOCO2
DBF4,BACH1,TXNDC12,GLDN,CALM1
EDEM1,LGALS3,SLC39A1,CCDC88A,TPP1
TFRC,DOCK10,CTNNA1,SRSF2,SESN1
MAMDC2,HIST1H2BN,PA2G4,IGFBP5,SPATA6
SELENOP,EGR2,ADRB2,SUN2,METTL7A
LIX1L,SPARCL1,CCT2,CAST,P2RY13
SLC38A9,IRAK3,TYROBP,NUDT3,RGL1
BMP2K,C12orf54,FAM96A,CAPZA1,SPATA18
RGS1,LILRB5,AP2M1,CEBPD,C17orf64
IFI27,KCNJ2,TMSB4X,LTBP4,FAM229A
RGS3,ADAM10,NDUFA10,CD3D,SGMS2
SLC43A2,SPATA6,STOM,CAPZB,ITM2C
TCTN1,AREG,CD63,SORT1,EGR1
PCLAF,NUPR1,HSD17B4,GNPDA1,MT-ATP6
CRELD1,CSF1R,CNDP2,TPM2,PSMA7
GNA11,NPM1,GPR34,SRSF5,EMILIN2
NR4A3,METTL7A,PEBP1,HIST1H1C,CLTC
HJURP,CD163L1,LAMP1,MED12L,MFAP3L
MGAT4B,GAS6,ALOX5,PLD4,RAB31
MAN2B2,SNHG5,EVI2B,CCDC107,SKAP2
ACAA1,PROCA1,TMOD3,SPTLC2,DCN
GAS2L1,BPIFA3,ASAH1,CALD1,IL13RA1
KBTBD8,SCRG1,SEC11A,CPPED1,ZNF571-AS1
CALU,DRAM1,GAS5,LEMD1,ZYX
PMM1,FYB1,NDUFV3,DOCK11,SPATA17
SRF,EPHX1,ABRACL,CANX,AL133499.1
TXNIP,MALAT1,MMP14,BLVRB,LINC02109
STX11,PRDX2,C6orf48,IFNG,C1orf185
MASTL,TMEM179B,GIMAP2,HNRNPA0,RNF17
TSHZ2,HIST1H4I,CD14,ZCCHC2,ASB17
AC008074.3,EPPIN,SON,IRF1,CFAP100
BBOF1,RASGEF1B,CLTA,MZT2B,LYZL4
NFATC1,LTA4H,EIF3H,MTPN,TMEM210
FDPS,TPM3,ORMDL1,HDLBP,PDSS1P2
HBEGF,SP100,TMED2,CTGF,TMEM270
PPIB,NQO2,PRCP,OAZ3,FAM71B
AES,AC025164.1,GYG1,CRIP2,AC140479.4
TOR3A,ACTR3,DYNLL1,XCL2,LINC01492
PRDX2,SOX9,VPS35,MT-RNR1,FGF14-AS1
ABCA1,TSPAN16,HINT1,TNFAIP3,MAGEA4
CFD,NUMA1,RAB5C,PAXX,LINC01255
PLXND1,NDUFA2,TMED9,NUPR2,SHCBP1L
NT5DC1,TBXAS1,CDC42,PIK3AP1,LINC00293
LGMN,CXCL12,SDHC,ACTR3,TXNDC8
DOK2,NHP2,EGR2,DMXL2,MS4A6E
C8orf59,USP22,NDUFS2,KMT2E-AS1,SPACA1
TBC1D10B,TM6SF1,TAF9,B2M,DRAM1
SOX5,RAC2,SRI,CD7,NOP10
KIF1B,STK24,PSMA1,IGFBP6,CD63
LMNA,DIRC3,ECH1,ZFAS1,SNHG5
LYZ,PSMA4,MFF,HLA-DPA1,AIF1
CHMP1B,SPATA42,CTSL,DNAJC13,PKM
LRRFIP2,LAMTOR2,VPS26A,ID2,CPEB1
KCTD18,REEP1,MYL12B,DPYD,PTTG1IP
NTAN1,SYNE2,NAGK,SIRPB1,DYNLL1
FAM20B,ATP1B1,LINC00919,XAF1,MYO5A
FCER1G,PRPF40A,RPN1,FLT3,BLVRA
RANGRF,GLRX,SLC11A1,IFI44,MT-RNR1
CTSZ,SUN2,VAMP3,MYADM,TEX15
BBS4,ROCK1,LCP2,ITM2B,DKKL1
AL662789.1,ARRB2,SH3BGRL3,TSPYL2,STK31
AC104971.2,LAPTM4A,CD33,RAB7A,LGALS3
GPRC5B,MYLK,CXCR4,BHLHE40,RACK1
TTC28,PSMA7,GLUL,DUSP5,GLUL
AMN1,CCDC27,FCGR3A,CD3E,SMAP2
LINC01676,AC138207.5,CCNDBP1,FPR3,ABCA1
IFNGR1,MFSD1,FAU,ATXN2L,CFL1
MALAT1,CSMD2-AS1,M6PR,45901,TSPAN1
AC008114.1,PTN,GPN3,JPX,FAM209A
FAM160B2,PPP1R14A,CORO1A,GNAI3,LDHA
GPN2,FCGR3A,FOXN2,REX1BD,AP2S1
CLP1,TALDO1,PDXK,CCT2,CYFIP1
IMPDH1,IFNAR1,NAGA,NT5C,RIN2
RAD51AP2,OAZ3,HIGD2A,PHLDA1,SPANXN5
ACSM5,AC115223.1,FCGR1A,CD86,C17orf98
RGMB-AS1,RAC1P2,GNAI3,TUBB4B,FANCD2OS
LAMTOR5-AS1,MAF,SULT1A1,VPS26A,MYT1L
PANX1,ARPC5,AP3B1,SH2D4A,FMR1NB
PLEKHG5,P2RX4,KPNA2,IL2RG,AL136988.2
ANKRD42,CEP170P1,PGM2,RBPJ,PAGE2
TRMT12,TNFAIP8L2,SKAP2,BACH1,ARMC3
PLXDC1,MAP1B,FCGR2C,ADAM9,ZNF683
CLEC4G,HAVCR2,PCBP2,OST4,CST13P
PET117,IGSF6,MBD4,EIF4A3,DMRTC2
HLA-B,TCEAL5,ARF4,NPM1,SH3GL3
KIF18A,FCGR1A,TOMM7,DSTN,KLHL10
WDFY3-AS2,CHMP1B,NCSTN,FAM229B,GAGE12H
DLGAP5,DOCK11,IDH3G,SYK,MIR7515HG
ZNF317,CASP3,RAB1A,PPP1R14A,TEX43
HSPA6,AL133371.1,FAM49B,SLFN12,LINC02024
ARHGAP24,SERPINB1,NAA20,TRA2B,AC123912.2
RASA3,RAB1B,CREG1,P2RY14,SPATA3-AS1
CALCOCO1,PKM,COMMD8,TMEM179B,AL513327.2
IGFBP4,TMOD3,PEPD,MT-TY,LINC01304
SNAPC1,HSPA5,CTSZ,GZMM,BANF2
NR1H2,JPX,MYO5A,DLK1,UBQLNL
PPM1F,MGAT2,C1orf43,RGL1,LINC00927
AFG1L,PLP2,CYTIP,RGCC,CCER1
HSP90AB1,GRB2,PRKAG1,HADHA,LINC00226
GLMP,CERS2,NCOA4,CERKL,IQCF2
,SULT1B1,SLC25A11,LPAR6,45912
,AP2S1,SH3RF2,GZMK,FAM71C
,PEG3,POLR2E,SNX10,USP2-AS1
,TANK,CD300A,CXCR4,AL035078.1
,CORO1A,FLT3,FTLP3,DCAF4L2
,UTS2,SEC13,LIPA,MACROD2-AS1
,ACAT2,PRNP,RF00003-12,C4orf45
,SPTY2D1OS,SF3A1,IDH1,C9orf24
,FBXL5,ACP1,CCDC196,ROCK1
,CHODL,RSU1,MAN1A1,SRSF5
,MARCKSL1,TSC22D3,MT2A,CABYR
,INHA,HMOX1,ROCK1,SYCP1
,CTSB,PSMA4,RNASET2,MORN2
,GSTO1,XRCC5,HIST1H2AA,YWHAZ
,FXYD6,NINJ1,RAB1B,HMGB2
,ZCCHC6,FUCA1,ARAP1,EMP3
,TNFAIP8,AP2S1,CTNNA1,CADM1
,USP15,FCGR1CP,NARS,CD69
,CAP1,HIGD1A,GLIPR1,SORL1
,OLFML2B,IFNGR2,IRAK3,LAMTOR1
,CYBA,DEGS1,GPR82,BCL2A1
,BTG1,AKR1A1,PSMA7,IGLC2
,C7,SPATA6,USP15,LMNA
,DCUN1D1,ATP5F1A,TAGAP,HOOK1
,HIST1H3A,GPX3,OLFML2B,APBB1IP
,MSI2,DNAJC3,SIGLEC14,ZPBP
,ZNF711,PSMC2,HES1,UTS2
,TNFAIP2,NPL,HSP90AB1,AL157756.1
,KYNU,SERPINB6,RARRES3,AQP5
,FAM81B,RBP7,CD84,ATP6V0E1
,CDK4,SELENOT,GCNT1,VCAN
,CST9L,LSM4,NHP2,MT-ATP8
,AL049840.1,SHTN1,LINC00919,CSF1R
,NUPR2,COA6,FSCN3,HSPA1A
,HK1,HERPUD1,VPS13C,CCDC141
,GMFG,ATP5F1C,HNRNPC,RBP7
,C20orf27,PPA2,CDK4,RAC1
,FCHO2,C5AR1,MIF,GSTO1
,COX6B1,RNASE1,CST7,HSPA5
,DNAJC3,RNF44,FNDC3A,FAM209B
,TOMM22,COX7A2L,CALM1,PDIA6
,HES1,LIMK1,KLRB1,LAIR1
,CKB,LRPAP1,RF00012-44,ZBTB20-AS1
,POGLUT1,JTB,AC005912.1,SLC1A3
,PLAC9,GRB2,TRIM36,TNFAIP8L2
,DDX21,FILIP1L,VIM,SPTLC2
,MS4A14,URM1,PTMS,LYZ
,PTPN2,ANXA4,ICAM3,ANXA1
,ACO2,JPT1,SDR39U1,CLTA
,SLC7A7,UBE2D2,METTL26,TIMD4
,TMX4,UBE2D3,ACAA1,PTGER4
,COMMD6,ATRAID,ICAM1,EPS8
,ENPP5,UGP2,HNRNPD,CD53
,MLF1,SPACA3,TYROBP,MAEL
,ZNF468,SWI5,P4HB,USP2
,NR4A1,INSL3,PRPF40A,MYL12A
,FABP5,ATP6AP1,DIRC3,CALR
,DDIT4,GNPTG,SNX2,PRSS21
,TEX36-AS1,RNF130,BROX,TMCO5B
,NRBP1,TKT,PLEKHO1,ZBBX
,CTSS,ERP44,SOD3,SAMHD1
,H3F3AP4,DHRS7,TLR8,CALM2
,P4HB,AGTRAP,VTRNA1-1,SYCP3
,GLMP,NECAP2,MAGT1,ALCAM
,AKAP12,PLD3,FCGBP,CTSS
,AC239868.1,TOMM22,NKG7,TRIM42
,OPTN,CD69,SPACA3,C3orf22
,MTATP6P1,CD58,HSP90B1,ADAM3A
,LINC01921,GLRX,PTOV1,AC007598.2
,TEX35,BTF3,OPTN,AC209154.2
,ISYNA1,POLR1B,NRAS,UBE2DNL
,DYNLL1,UGGT1,ARL6IP5,AC015802.6
,JUND,LILRB4,CUL2,FNDC11
,CCR2,ADAP2,SCARB2,LINC01233
,GABRG3-AS1,SOAT1,ABHD17A,GPX5
,THBS1,GNB2,TNFRSF11A,LINC00608
,HIST1H1D,CFP,TIMP1,GRID1-AS1
,CD86,LY96,SH3RF2,SPATA31C1
,PSMG2,RNPEP,LINC01578,LINC01364
,LAT2,BOD1L2,PLK2,SMIM6
,ARPC3,LEMD1,TEX35,TBC1D21
,NCL,CD180,COL6A2,PP2D1
,HIGD2A,APRT,PAK1,C2orf70
,ADGRG6,STRAP,ABCA1,AL355357.1
,ITM2C,DGLUCY,ZSCAN31,FAM205C
,NUFIP2,UTY,C5AR1,IGSF11-AS1
,FLII,CLU,RGS18,ODF3L2
,EMC6,UQCRC1,SPATA3,AC012615.6
,RTN3,ANAPC16,ACSBG2,AC013644.1
,RHOB,ITSN2,C12orf54,AC109635.4
,CTSV,VASP,CLU,AC133485.2
,STUB1,RNF141,TGFB1,PLAC8L1
,IQCF3,BTF3L4,HYI,TROAP
,SDR39U1,CCDC91,YBX1,CSNKA2IP
,DUSP1,UBE2L6,DNAJC3,TEPP
,KCNAB1,PTPN2,ADCY7,PAGE5
,RAB31,TUFM,CD96,ODF1
,NFIA,UPP1,YWHAZ,LINC00929
,COX4I1,EDF1,PSMG2,DNAJB3
,SCAMP2,MERTK,TEX46,SPEM1
,ZFAND5,CSF1R,FILIP1L,AC004797.1
,PENK,C14orf119,MPP1,GRM7-AS3
,ENAH,GRINA,TRIP12,GABBR2
,GNAI3,ANAPC13,NCOA3,LRRD1
,PDSS1P2,YWHAZ,GADD45A,AC117422.1
,LINC01492,EVI2A,DENND4C,CFAP65
,AC024896.1,DDOST,ARL2BP,AC018558.1
,AC034199.1,RTRAF,MERTK,SPANXN4
,AL355922.1,NUDT16,NCEH1,LINC02492
,LINC02109,SLCO2B1,CD58,SORCS3-AS1
,C8orf59,GSTA1,GRB2,SMAD1-AS2
,GLDN,MMADHC,CD3G,SLIT2-IT1
,SELENOK,CCDC196,CD8A,SLIT1-AS1
,CSTB,XPR1,PKM,LYZL2
,KIAA1210,BSG,HNMT,RFPL3S
,TRIM36,MDH1,HIST1H1B,PHACTR1
,ATP6V1B2,ACTR2,SPATA6,NRIP3
,UBE2H,SNHG3,MFGE8,SYT1
,POLR1B,IL1R2,MT-TE,GSTA1
,BECN1,VTA1,GNAQ,ACE
,HRH2,SDHB,PENK,L1TD1
,RBPJ,KRCC1,AKR1B1,DBIL5P
,EIF4G2,ASB8,APC,ARMC4
,MYOF,BNIP3L,IQCF1,LIPA
,SQOR,AP2A2,LGALS3,LRRIQ1
,HMGN3,GORASP2,VDAC1,C5orf49
,SERPINF1,GTF2F2,TMED5,IL1B
,C12orf57,BCAP31,TRIR,DNAJB1
,NUDT11,IQGAP1,AP2S1,GNS
,SOD2,AOAH,LAMTOR2,TAGLN2
,CEP350,DNAJC15,C8orf59,COL1A2
,CD209,RPA2,SLCO2B1,HSPA1B
,IL27RA,IER3,GNG11,ABRACL
,HLA-DPA1,UFC1,TMEM167A,CCDC136
,C3,CTSS,SNX3,LRRFIP1
,GPRC5B,CCT6A,MPG,CSTB
,GALM,PTGDS,RASSF4,EIF5A2
,EGFL7,RAB7A,TMIGD3,SEPT7P9
,BTG3,SIGLEC14,DRAM1,ARPC5
,45717,LILRA6,SPATA42,IGHG1
,PLCZ1,CHP1,CDIPT-AS1,IER3
,MNDA,NFYC,IFITM1,SNX6
,FUNDC2P2,DAP3,DBP,DEUP1
,ATP5F1E,RAB6A,ADGRG6,ZNF706
,GGTA1P,SRP54,MAZ,PDIA3
,CLEC4D,CYBRD1,FZD1,ADAM10
,HIST1H1C,SLC17A5,SIGLEC1,MARCKS
,MANF,ATIC,CD22,MPP1
,PPIA,SRA1,KLF6,CCR1
,HTRA1,CD99,AP3B1,TNFRSF11A
,TMEM97,S100A11,BCL7C,MERTK
,ANGPTL1,MAN2A1,ATP5PB,DOCK11
,UPF2,CRYL1,AC010255.3,TIMP1
,MIR616,CSTB,BLVRA,ANXA4
,LINC02314,COMMD6,PHF7,NR4A2
,CFP,TMEM192,SCN9A,ACP5
,CUL2,PLP2,BTG1,DCUN1D1
,VSIG1,LYPLA1,NPC2,PTGS2
,MAZ,RGS19,PJA2,PNISR
,C11orf96,BAG4,SP100,PARP14
,ACE2,UCP2,STX7,CFAP221
,SPSB3,HSPA5,LY96,CALM3
,SLFN11,IMPDH2,TMSB4X,C2orf16
,STK38,RAB13,ETS1,AC074327.1
,PINK1,PMP22,CCDC85B,SAMSN1
,MYO1E,CCNH,CAV1,NCOA4
,CCL13,CEBPB,HCAR3,LINC02397
,SRSF5,COPS3,MCAM,JUNB
,LARP1B,MGST2,PRKDC,GSTK1
,CTNNAL1,TFG,PSMA4,IL1R2
,MFAP3L,MT-ND3,AC097534.2,CAPZA2
,GPX4,TMEM50A,PCSK7,PSMA4
,AARD,ABCC5,SAT1,C6orf201
,ZNF571-AS1,LEPROT,HLA-DRA,AC106788.1
,GSTA2,TRIM36,EPS15,MAN1A1
,DBP,GYPC,GRN,SPATA9
,SLC40A1,COG2,GBP5,ADAM9
,PLXDC1,LMBRD1,TCF12,HSD17B4
,CCL3L1,SLC43A3,HIST1H4E,GCNT1
,SREBF2,SLC25A39,TMEM123,PLD4
,MCTP1,CIAPIN1,MT-ND4,ARMT1
,ARHGAP24,USP9X,PLXDC1,ARHGAP18
,MINOS1,SLA,AL138899.1,SPARC
,ORMDL1,GTSF1L,YWHAE,NPC2
,LGALS3BP,SPTLC2,VAMP3,VPS35
,CAST,GM2A,TNFRSF14,ECM1
,GNPDA1,KCNAB2,SERPINA1,NDUFA12
,GNAS,CD151,H2AFX,CH25H
,HEMGN,IARS,DEPTOR,ETS2
,VCAN,ATG4C,DDX21,TMIGD3
,ATP5PB,TNS3,MYOF,HYDIN
,RGS5,MANF,FUS,SRGN
,NR1D2,CDC73,CAPRIN1,TP53I3
,PLEKHG5,PRPF4,LAMTOR1,CCT3
,DSTN,CNN2,RAB14,TXNIP
,FAM71F1,GSTO1,ZNF331,CD83
,NSUN4,MDH2,LINC01681,GNPDA1
,VWA3B,UTS2,CCDC54,CCT4
,ANAPC11,PRKCD,LARP4,HADHA
,PSMD7,ETHE1,CEP350,VDAC1
,TMEM52B,ACADM,PTPRC,C10orf82
,STAR,GLOD4,EIF2S2,GCLC
,JAK1,APMAP,MFAP4,SNX3
,ZCCHC24,CUL2,PSAP,DEFB119
,MARCKS,POLR2B,ENO2,ACTR3
,SLC25A4,LIMA1,ACTL7A,PRPH
,ARL6IP5,SELPLG,RNASE3,FAM183A
,ARAP1,NSL1,HIST1H1T,AL121990.1
,MRO,PSMB4,EMB,MET
,CTTNBP2NL,OLFML2B,EMILIN2,AL158819.1
,HIST2H2AC,PRKAR1A,BNIP3L,TREH
,FXYD5,DPYD,PPDPF,AC113423.2
,DNAJC15,BABAM1,ADRM1,AL049875.1
,C6orf62,LPCAT2,ZDHHC20,TMEM89
,B4GALT1,SUMO2,SSR1,AC004817.2
,HIST1H2BA,TIMMDC1,AC084871.2,CCDC172
,TEX53,GSKIP,WDR36,AC068987.3
,ZNF706,TAF12,RGS1,VCX3A
,DKK3,TRPV2,SERTAD1,LINC01784
,FDPS,CABYR,LCK,C11orf88
,NDUFB8,CERKL,WASHC4,AC097375.3
,RSL1D1,TEX35,TBC1D10C,PDILT
,TMSB10,PSMD4,CD302,ACTL7B
,SELENOM,EFR3A,VPS51,THEG
,CCR5,PSMA5,SNORD13,AC025524.2
,HLA-DQA1,CAPRIN1,ACAP2,NCOA4P3
,CHPF,PPM1G,RARRES2,LINC00906
,BCLAF1,PILRA,NUMA1,FTMT
,AC015969.1,FPR3,PLEK,C10orf120
,PIGCP1,GPR108,CSMD2-AS1,AL358215.2
,DAPK1-IT1,RNPC3,CHCHD10,LINC01517
,AC093484.4,VPS28,PSTPIP2,MORN5
,SH3KBP1,RBM3,CYBA,LINC00635
,NRDC,UQCRC2,UBE2S,LINC01989
,ZFP36L1,OAZ2,BRD2,PLSCR2
,CCT3,EWSR1,XPR1,GJA5
,HLA-F,UQCRFS1,SNHG6,LINC01227
,KIAA1551,PPP1R7,PIK3C2A,LINC01667
,PPARG,GIMAP4,PSME1,LINC01676
,CD58,CYSTM1,SPIDR,TOPAZ1
,ARMT1,TMED10,SOCS3,AC104964.1
,STMN1,SERBP1,CYR61,AC104971.2
,TPT1,COPE,FXYD5,NOL4
,SPG21,LEPROTL1,HAMP,AP003110.1
,HNRNPA1,RSRP1,STK38L,CASC16
,C12orf75,GMPR2,CCDC168,TEX51
,BUD31,SLC38A7,HOPX,AC021915.1
,TUBB4A,F13A1,FCRL6,DUSP13
,VDAC1,SRP72,EPB41L3,AC007557.2
,SLC2A3,RAB32,SSBP4,EQTN
,CD59,ERP29,EMC6,AC006450.2
,IRF2BP2,KIF13B,GZMH,NPIPB1P
,AC109630.1,SNHG5,SLAMF7,AL133264.2
,PPP2CB,RNF111,TRBC1,PHOSPHO1
,GAS5,DERL2,DCAF12,LYZL1
,HIST1H1T,STOML2,CYB561A3,SPATA46
,UPP1,NDUFB5,RF00003-11,LINC02081
,CCT6A,ERLIN2,AC005288.1,MROH2B
,PRRC2B,RNF5,KLHDC2,CDHR2
,MUM1L1,PARVB,XRCC4,C11orf94
,IFI27L1,PSMC5,ATM,SPANXC
,MPPE1,TMEM176A,TUBA4A,TUBA3C
,COX5A,RPUSD3,ATP6AP2,C3orf30
,NFKBIZ,REST,DPP7,PWRN2
,TAF1D,STARD7,RHOA,AC009623.1
,AGPAT1,SLC2A8,NLN,TEX33
,HDLBP,CANX,FBXL5,ISPD-AS1
,RIOK1,SEC31A,RRAD,IQCF6
,PFKP,CAPNS1,CTSW,LINC02400
,EIF5A2,NUDT2,ICAM2,TDRD5
,SLC1A4,IBTK,TBXAS1,PIH1D3
,CITED2,PSMC4,RBP7,GSTT4
,KLF6,P2RY6,DICER1,PRM3
,LPXN,DIRC3,SIGIRR,PRSS58
,PER3,KXD1,RAP1A,SPERT
,HSPH1,CCT3,MLF2,LINC02423
,ANAPC15,CMTM6,MFAP3L,LINC02359
,CCDC70,FMNL2,FDPS,C9orf50
,FGF14-AS1,SNRPB,CCL8,FBXO39
,AC074327.1,SRPRB,TEX37,LINC01723
,CASS4,WASHC5,RGS5,RUNX2-AS1
,ARF1,TMEM236,TRAF3IP3,FGF14-IT1
,WSB2,NQO2,CERS2,DRICH1
,KLHL8,CLEC12A,45902,GALNTL5
,ATF5,NSMCE1,45911,LINC01198
,RBP1,RAD23A,WDR74,SPZ1
,AC010255.3,ATP6V1G1,ATG101,AL121900.1
,NUDT16,PRPF38B,SRP54,AL121957.1
,CDC42P6,LMNA,PDIA4,PIWIL1
,MTPN,ZBTB1,IGSF6,PKD2L1
,AC097375.2,CRTAP,MS4A14,AL078623.1
,P2RY12,ZNF706,ANAPC15,BOLL
,PET100,PDHA1,CASK,ADAM29
,SLC25A6,PPP6C,APLP2,CCDC188
,S100A13,NRDC,RNVU1-19,LINC02366
,PLIN3,PSMD11,CALHM6,CXCL5
,CPVL,PRMT1,ATF6,C2orf73
,FGL2,DOCK10,ROPN1L,FAM182B
,JAML,MAGT1,BUD31,OOEP
,NDRG4,KLHL8,VAMP2,STARD6
,PTPRC,LGALS9,APBB1IP,AC016747.2
,APOD,AP1S2,PHB,BEND7
,RIN2,UBXN1,FAM96A,PAK2
,ACTL7A,FES,MAMDC2,CCL2
,SPATA19,COMT,BPIFA3,SLC39A1
,CRYBG1,AC097534.2,EEF1B2P6,BCL2L14
,SPOCK1,TLR5,TGOLN2,AC010325.1
,AIMP2,JAK1,BEX3,MTSS1
,RGS18,GUK1,CSDE1,MYL6
,EPRS,FXYD5,LINC01871,CLGN
,NT5C2,COX6B1,ATF4,C2CD6
,STX7,DPP7,SAMSN1,TSHZ3
,YBX1,CXCL8,RNF13,AC025040.1
,PGD,TIMP1,GHITM,AL355922.1
,HSPB6,EMP3,TSPO,SRD5A3-AS1
,CSTA,MCFD2,FAM81B,CLEC10A
,ZDHHC20,GLDN,SPANXD,IGLC3
,NDUFC2,NUP214,S100A12,C20orf27
,GMPR,JAML,GABRG3-AS1,PFKP
,ALOX5,APH1B,BGN,CD302
,KCTD13,GLB1,HCAR2,SMARCA1
,CCDC107,TSNAX,CD2,LILRA6
,ITSN2,SNX3,AP2A2,APLP2
,UTRN,SMIM7,MINOS1,TALDO1
,IQCF1,C2,MPPE1,MAP1B
,FARP1,ACP5,TEX26,ZCCHC2
,LPAR6,STX5,RAB10,CAP1
,DNAJB8,SYPL1,CSK,IGHG4
,HSP90AA1,PPP3R1,TSHZ3,SIGLEC1
,NSL1,YIPF1,TIMD4,JUN
,CD81,SUN1,PRDM1,YPEL1
,HLA-C,COX5A,CSTA,MFSD10
,CLEC12A,UBR2,NET1,ATP6V0B
,CD44,UXT,EPHX1,EIF4G2
,SRP9,CLASP2,GUK1,ATF3
,AL357060.1,SPATA42,CD8B,TGFBI
,FCGR2C,CDIPT-AS1,IKZF3,LAMTOR2
,FSCB,FSCN3,TNFAIP8L2,ATP1B3
,DENND4C,C12orf54,LYPLA1,COTL1
,CFD,MFAP3L,ITGA1,CXCR4
,VSIR,ACSBG2,CLEC10A,NDUFB2
,KLF2,SPATA3,RAN,PABPC1
,ESF1,NUP107,PRDX1,MYO1E
,ZBTB1,SLC31A1,ERLIN1,CTNNA1
,MAP3K14-AS1,ALG3,MORF4L1,DNAJC5B
,SNX6,RNF7,SYT1,HMGN5
,ELOVL1,DAPP1,HMGB2,GPR34
,ACAA1,ALCAM,CDKN1B,DIAPH1
,FADS2,YARS,AC007969.1,SELENOM
,TEX44,RGS18,AC008038.1,FOSB
,HACL1,COPB2,ACSL4,ACKR1
,ANP32B,MRFAP1,GLRX,COX7A2
,ZMYM1,TTYH3,PABPC1,IGHG3
,CTSZ,PSME3,CFP,ANKMY1
,CIDEB,NDUFAB1,ZSWIM8,CTSD
,VPS51,GLTP,ING1,THBS1
,DNASE1L1,CHCHD2,BRI3,UBB
,NKX3-1,ERAP1,SOAT1,RTN3
,SORT1,HLA-E,NBL1,ITM2B
,Z93241.1,ARPC1B,PSMD7,FKBP1B
,FKBP1A,EIF4EBP1,ALYREF,LINC02219
,PHB,MIEN1,OSBPL11,SRP72
,FBXO11,HEXA,JMJD1C,PGK1
,45907,RAB2A,LTC4S,ATP6V1B2
,PLAU,SELENOF,MTND3P10,FABP5
,HNRNPA0,ENSA,JAK1,TPI1
,C1S,RAN,MTCO2P12,LINC00694
,CD69,CAPN2,SRSF3,TYROBP
,TREM2,TEX46,NFE2L2,CD93
,HMGB2,CNPY3,SETX,HNRNPA2B1
,FCGR2A,COMMD10,NPIPA1,PGD
,RNF111,CD44,AC239803.2,COA6
,FAM187B,HACD4,CEP170P1,EMB
,FAR2,BLCAP,GAGE2A,45911
,C5orf52,TFEC,PSMD11,TPM4
,SPACA9,UBE2F,COX6B1,YBX1
,FAM84A,ZNF468,BCL2A1,CD99
,IER2,C10orf128,ACO2,CDC42
,CYLC2,TIMM10,C20orf24,ARF1
,SNHG3,UBE2A,SEL1L,DDX21
,ETHE1,GHITM,ITM2A,NPM1
,SH3BGRL3,PXK,PIM3,CREG1
,TAF7L,TMEM173,HSD17B4,INSL3
,TPI1,NDFIP1,AFG3L2,SLFN12
,FCGRT,SYNE2,TSPAN16,NUDT16
,IL2RA,P2RY12,TBX18-AS1,RBPJ
,COX6A1,VDAC2,ATP6V0E1,NPL
,AP000648.3,SARAF,C12orf75,C11orf65
,HIST1H2BI,TXNRD1,KIAA1551,GNAI2
,LINC01678,SDF2L1,U2AF2,CD14
,LINC01364,PLRG1,MTCO1P12,MIR202HG
,AC013644.1,PDCD6,TBCC,HAVCR2
,SPATA31C1,TNFRSF1A,CCT6A,MT-ND4
,LRRD1,FNDC3B,P2RY12,UPP1
,PIPSL,RAC1P2,EPRS,GALM
,RF00019-363,ANKRD40,ID3,SERPINA5
,SNORD56B,OTUB1,ATP5F1D,FCHO2
,AC022968.1,CDC123,TLR6,IFITM2
,MUC19,NME3,SNHG7,SPAG17
,AC099342.1,ABCA1,LDHA,CFAP97D1
,AL359265.3,ELAVL1,CLIC4,LRRC36
,IPO7,CCR1,TCEAL4,AHRR
,BBX,SMARCA5,RBPMS,HMOX1
,KLF4,PSMB3,ZCCHC6,TOP2A
,SGCB,P4HA1,GTSF1L,HDLBP
,HIF1A,ADAM15,FADS2,FCGR2B
,AL590867.2,NUMB,EHBP1L1,MT-TV
,EVL,TMEM69,SPARC,TTN
,NTMT1,PDIA4,TIPARP,FKBP15
,45914,PROCA1,INO80E,RAB10
,SMC1A,CAPZA1,RALY,ARPC3
,NUCB2,ABCE1,ATP6V1A,LIMA1
,ATP10D,CLPTM1L,OTUD1,PFN4
,SMU1,CNTRL,NSUN4,SIRPA
,MSR1,ARL6IP5,UGGT1,PPP1CA
,CHP1,MYADM,SPATA19,AL049840.1
,XRCC4,FBXW5,ATP8B2,SYNE2
,PNISR,LINC00301,MAF1,FILIP1L
,NTRK3-AS1,EIF5A2,SOCS1,ANP32B
,C20orf24,CISH,RBM8A,OST4
,SMIM10,C1orf194,MT-CO1,SERF2
,CHORDC1,TMEM255B,KCNJ2,CEP112
,CXADR,CCDC90B,EGR3,ACTRT3
,UBQLN3,ECHS1,GSTM5,FCGR1CP
,CBX6,HMGB2,AL118516.1,HS3ST2
,BEX2,SNRPE,SCAND1,RBM46
,TEX48,RBM42,IPO7,RIMS1
,AC007613.1,TMCO1,ANP32A,OTUB2
,PTMS,LSP1,LIMD2,LINC01277
,H3F3B,POLR1D,MDK,DNAJC13
,RBMX,MS4A14,PRRC2B,HSPA4L
,AC096733.2,PFN1,MAP2K2,IDH1
,IRF2,THOC2,SCAF11,ABHD1
,TBC1D14,CYBB,ZC3H12A,SHTN1
,TSHZ2,CALM3,ZNF706,AC109630.1
,MLKL,TM9SF3,TPM1,SIRPB1
,CAPRIN1,OSBPL11,IFITM3,PEA15
,TAGLN,PEX2,RNU5E-1,SUN3
,BZW1,MGST3,SYNE2,AL160191.3
,ZNF675,MARCKS,RARS,AC131956.2
,POU2F2,LTBR,ACAT2,RIBC1
,CEP170,SPATA33,CDKN1A,LINC00643
,CLEC5A,RAB3GAP1,CEP170,C14orf39
,MT-RNR1,PDCD10,NR2F2,RHOXF1
,TMEM219,CLDND1,CTTNBP2NL,TDRD10
,GATM,PPP1R18,AC097636.1,AP003031.2
,PRPS2,PPCS,DNAJB8,FBXO24
,RPAP3,OST4,VWA3B,DDX25
,ATXN2L,HNMT,BNIP2,TXNDC2
,HMGCS2,UBIAD1,APOD,AC100849.2
,MIR181A1HG,ZFAS1,PDGFC,LRRC71
,MFSD10,CLK1,NPIPA5,S100A12
,HM13,MTMR14,LSP1,ZNF117
,WLS,ATP6V1E1,ZBTB10,TTC29
,UQCRH,SLC1A5,CDC5L,LINC02032
,PRPF4,RIOK1,BMP2K,LINC02045
,UBR2,UBE2J1,NSL1,TTLL10
,RAB7A,OSTC,CRYAB,LINC02180
,PRSS37,YWHAG,COX7A1,CALR3
,TLR8,DNAJC19,SGMS2,ARL2BPP3
,S100A12,APLP2,LENG1,PDYN
,AC245407.1,EBLN3P,NDN,MCM8-AS1
,HCK,TMEM170A,SPANXB1,LINC02189
,ZFP36L2,TAF1D,AIG1,LINC01895
,LAPTM4B,HLA-B,C7,LINC01704
,STX6,NISCH,TEX44,AC092810.3
,HK2,MFSD5,SLC7A7,TKTL2
,ANKRD40,HTATIP2,TSSK6,AC010531.4
,UBQLNL,SLFN11,CLEC2D,CPXCR1
,LUCAT1,EMC8,SIRPB2,LINC01016
,CFAP58-AS1,SOX4,GIMAP4,CCDC83
,MID1IP1,LILRA2,ARGLU1,TJP3
,ACSM3,TEX38,MID1IP1,GRP
,HYI,FAM81B,PAPOLA,KLK5
,SNORD13,IL2RG,C1R,AC025524.1
,AIG1,AC010255.3,EIF2A,KCTD19
,AC092053.3,CSMD2-AS1,ATP6V1D,AC096659.1
,PLPP3,TEX26,NDUFA11,PCP2
,RHOBTB3,ROPN1B,HAVCR2,AC139722.1
,ATP1B3,ZDHHC20,SNHG16,LINC02436
,PRR30,SEC24D,PLN,LINC02431
,CFAP100,ATP5MPL,CIDEB,SLCO6A1
,EIF3J,MAPK1IP1L,SIT1,AL356020.1
,ETFRF1,NBN,LUM,AL158835.2
,AC025040.1,LARP1B,PTGS2,AC106038.1
,AL353759.1,CYB5B,SH3GLB1,C20orf144
,ADA,SNX17,SMU1,AC104964.2
,MAGED1,VAMP5,LSM1,SNRPD2P2
,GREB1,TRIM13,AIMP2,PSD2-AS1
,AC079753.1,COPS5,KAT5,COL11A1
,PTGER4,GCA,GNB2,HDGFL1
,ZC3H15,STMP1,BPHL,LYPD4
,RAB10,FKBP15,GAS6,F11-AS1
,WDR11,ISG20L2,FKBP15,AC098680.1
,PRKDC,WASHC3,EIF3G,UBE2U
,C1QA,RAB11A,PDIA3,AC007493.1
,GNG2,HEBP1,PTBP3,ERICH3
,UBE2J1,EIF3G,RASD1,AL162394.1
,UBL4B,TUBB,ACSL3,LINC00710
,SERINC5,LARP4,PLAU,LINC00905
,DEXI,EEF2,NDUFA2,AC024958.1
,EMC4,NFKBIZ,LAP3,LINC00851
,MT1F,AGPAT2,ARHGAP24,HSFX4
,ME1,ARMCX3,NIPBL,AC006019.1
,CDH2,PDK4,RACK1,AL117192.1
,COG2,NDRG3,MAPRE1,ITFG1-AS1
,ABHD17A,COMMD9,TAP1,FAM47B
,KIAA1217,TSFM,GSTO1,FAM3B
,TLR5,DHRS1,RNU5B-1,SSMEM1
,NAGK,DCN,C1S,CCNYL2
,QKI,TMED5,UTS2,AC018554.1
,HIST1H1B,MTCH2,TPP2,MAGEA6
,C5orf58,TECR,SNRNP70,NLRP4
,PIK3AP1,CD37,IER5L,NPIPB10P
,RBP7,MYL6,NDUFA12,LINC01584
,AXL,PPP4C,NDUFA4L2,FOLR3
,PLEK,TANK,POLR1B,FO393408.1
,ZNF593,UBQLN1,CPE,TEKT2
,DDX39B,SCAMP3,FXYD6,GOT1L1
,OSBPL11,AC084871.2,IFI16,TBATA
,AC020911.2,TCP1,ZMAT5,FAM230C
,LGI2,PCMT1,DDX60L,MIR4307HG
,SNHG9,SUMO3,ISLR,MIR7-3HG
,PSMC2,CASP3,RHOH,IGF2BP1
,C6orf48,HNRNPC,RMI1,ACTL9
,MIR3945HG,RRAGA,CARD6,TEX36
,CPPED1,CASP4,CD74,LINC01351
,CIRBP,COA4,TTN,GAGE1
,SOD3,IFNAR1,OSBPL8,C11orf42
,PDCD10,TRAPPC2L,CAMK1,KCNU1
,SESN1,MPV17,GSKIP,C16orf78
,CMTM3,SNX5,PLPP3,ZNRF4
,LRTOMT,COMMD7,SPCS3,AC009396.3
,CCT4,SYNJ1,IL16,SPATA31C2
,CACYBP,SLC7A2,ARL4C,SPATA8
,FOLR2,SUMO1,SPATA18,45726
,PLP1,PLXDC2,YPEL3,SPATA12
,DLK1,IZUMO4,PYHIN1,LINC02422
,DDAH1,WWC3,ITGB7,SPATA32
,AL365357.1,CLSPN,NAPRT,AC022272.1
,PAQR7,45718,MGAT2,AC022679.1
,CR381670.1,BRIX1,PTMAP4,DNAJB7
,PTPRE,ATP6V1H,SPOCK2,C22orf42
,FAM200B,PLAC9,SPANXN3,C9orf135-AS1
,STIP1,CERS6,LTB,CA10
,MT-TL1,NACA,ZNF571-AS1,LINC02153
,NR2F2,CRLF3,CBX6,AC013470.3
,ATP5PO,ARMT1,C1orf194,DIAPH3-AS2
,SPATA33,EIF6,CPSF2,OR7E156P
,SSR1,PSMB7,HLA-DQA1,OSBPL10-AS1
,SNRNP40,PTMA,LINC00301,AC124301.1
,TMED4,CCDC54,PROCA1,AL450306.1
,VPS36,VWA5A,HACD4,GOLGA6L2
,LTBP2,IQCF1,UTRN,LINC01210
,VAV3,DPAGT1,IL1R2,LINC01249
,MPG,TEX37,STAU1,GTF3C2-AS1
,HSPD1,NAA38,IFI44L,AC068643.2
,DNAJC13,POLR3GL,SCP2,RNF148
,ADIG,EXOC1,CSTB,RGPD4-AS1
,TMBIM4,C19orf70,ORMDL1,MUC16
,IDH3A,ID2,RPAP3,GGN
,SGCE,ACP2,RNF166,TEX101
,TKT,RHOT1,PSMD1,TESMIN
,LBX2-AS1,SEC61A1,PLAC8,CCIN
,FILIP1L,AFF4,NTRK3-AS1,CT62
,MT-CYB,ATP5PO,PSORS1C1,CST8
,ZNF704,FAM105A,MYLK,TFDP3
,AF111167.1,IFT57,ITGB1,AL121974.1
,ZMAT5,TMEM147,HAUS1,DDX53
,TOMM7,TMCC1,CCDC47,RUFY4
,CREG1,PHF7,ATP5PO,AL365184.2
,TUBB4B,QSOX1,MBNL2,RNF133
,SEC61B,POLR2G,PGD,AC015849.5
,HNRNPR,HACD3,NDUFB8,KIRREL3-AS2
,CNTRL,FLII,INSL3,LINC01620
,PGM2,TM2D2,PRF1,AC114812.1
,RNF220,IL27RA,HRASLS2,BEND4
,SMAGP,ELOF1,RHOF,ZCCHC13
,SLC44A2,PPHLN1,CXCL2,AL390730.2
,MYH11,TIMM17A,HSPD1,AL359853.3
,AC007952.4,KCNJ2,PSMC2,AL390726.6
,RASD1,HNRNPR,ATP2B1-AS1,FAM217A
,GAMT,TMEM50B,IFNAR2,TAT-AS1
,ATXN7L1,DRG1,WDFY3,CAPZA1
,COA6,RAB11B,NUP214,SLC7A7
,SLC41A1,CTSA,EMD,RAB13
,VPS50,SLC1A4,ERICH2,ANP32A
,NCOR1,SDF2,EGFL7,AC097534.2
,ID2,LPL,RASSF1,PDE4B
,CREB5,MNDA,SCAMP2,LRTOMT
,IFNAR2,GAA,MIR181A1HG,CORO7
,VNN1,TGFBI,TMEM31,PPP1R15A
,RNF151,NME4,AC243960.3,HNRNPC
,H2AFY,UBQLN2,CCDC91,PIK3AP1
,NUDT10,CYTH4,PAIP2,A2M
,LARP4,HNRNPF,SGK1,PTMA
,ZNF267,SPINT2,PHKB,HSP90B1
,CYB561A3,MAPKAPK3,SRFBP1,FATE1
,CLN5,RNF13,CAV2,DNALI1
,SCD5,NDUFA9,CSKMT,SMAGP
,DEPTOR,BABAM2,MS4A1,CR1
,LINC01820,SDHAF2,TMED1,CLDN11
,PPM1K,POLR3C,GZMB,PRDX1
,DNM1L,SLC25A37,RNF167,HNMT
,MYO5A,PMVK,BX284668.5,CALD1
,PACSIN2,CAPN1,RSL1D1,SQOR
,IGSF1,SKP1,DNAJC15,PEG10
,45911,SESTD1,MAP3K1,GNAI3
,LRRFIP1,PDCL3,ARRDC4,EIF1
,SRSF2,ARL8B,ZNF32,SAMD4A
,RALA,KCNMA1,ID1,FKBP1A
,FAM126A,BCKDK,RAMP2,CMKLR1
,C5AR1,ECD,RAB13,CRNDE
,ZRANB1,NIP7,EHD4,IL27RA
,RSRP1,PIH1D1,RANGRF,COX5A
,EMILIN2,ZFP36,LINC00623,ADGRE5
,ZNF117,GPNMB,DPYSL2,P2RY14
,UBE2L3,KIAA0100,AFF1,PPT1
,LINC01664,PSMB5,TLR5,CARD6
,YES1,RTF2,FAM219B,SLCO2B1
,AFF3,MOSPD2,TNKS2,CPPED1
,AC110769.2,SERINC3,SPATA33,NRDC
,CCDC54,UBC,EIF5B,HNRNPF
,LINC00919,CTNNB1,TET2,TMEM255B
,TNFSF13,INTS10,FAM107B,C6orf99
,SLC7A5,ERICH2,DNASE1L1,BEX1
,ZYX,SNORD3B-1,UBXN4,PPP1R36
,TRIB2,TSSK6,SUPT16H,DNAH6
,ITGB8,SPANXB1,ASCC1,MUC19
,STAC3,CCDC168,NRDC,MAATS1
,NFKB1,UBE2J2,ANKRD17,ROCK1P1
,CYB5A,QARS,MT-RNR2,WFDC3
,AAMDC,CSTA,SERPINB1,PIPSL
,CFH,CCT8,IRF2,AC022968.1
,CCDC88A,TNKS2,SCN1B,MROH7
,TSC22D1,NR4A1,COL6A1,MMP19
,SUSD3,HK1,UGP2,PDK4
,SRFBP1,HMOX2,CLTA,AL118508.1
,NDUFV3,BTG1,DPT,NACA2
,C19orf70,BMS1,AC027644.3,SOX30
,PHF20,PKIB,PET100,BRWD1-AS2
,SDF2L1,VCAN,GSTM1,SMC1B
,TEX10,PCBD1,RDX,PTPN18
,F3,COX4I1,NAV1,KLHDC9
,RANGRF,ACAP1,MYO1E,PLP2
,SRP54,SLC39A8,CCDC37-AS1,CASP3
,EXOSC5,MTCH1,LINC01350,NR4A1
,SSR2,RTL8C,HEMGN,SLC36A1
,SWI5,RHEB,DDX4,SLC39A8
,TRPS1,UHMK1,TLR4,RBBP8
,INO80E,PRDX6,STAG2,PRDM1
,BABAM2,CYC1,DEXI,CYB5R2
,CD22,CTDNEP1,MLKL,KIAA1210
,SLC25A5,ROPN1L,AC020916.1,ARHGAP24
,THOC2,TMEM9B,TESK1,CCT6A
,MPEG1,ADA2,SIRPA,CIITA
,BTF3,COPZ1,TM9SF2,ST6GAL1
,OST4,SSR4,TSR3,RAP1A
,ANP32A,HES1,CCR2,COMMD6
,SERPINE2,TRAPPC3,ANGPTL1,DAZAP2
,LUM,GOLGA2,CASP3,SNX10
,SPPL2C,YIPF3,FAM89B,TMSB4XP4
,TSPAN1,NIPSNAP2,VPS36,SERPINB1
,ZKSCAN1,VAV1,AC007952.4,RAB7A
,PTOV1,NUP93,SP1,H2AFY
,KLHDC2,DR1,MCTP1,ANKH
,NCOA3,U2SURP,ZBTB38,SLC25A37
,ACTRT2,USP47,OSR2,HIST1H1B
,SAMSN1,SINHCAF,CLIC1,MS4A14
,TXNRD1,ELP5,MORC3,P2RY1
,AC008972.2,NDUFA8,TMBIM4,SERINC2
,CDK2AP1,AP3S1,EIF4A2,KCTD12
,SINHCAF,ALKBH7,FSCB,CCDC88A
,PDGFRA,PBDC1,BX119904.2,SOX9
,AC100849.2,CMKLR1,SELENOK,GNG7
,PKD2L1,ATP6V1A,CKAP5,EIF5A
,AL357078.3,RNF38,KIF2C,KPNA2
,GSTT4,SRSF4,LRPPRC,CAPNS1
,PLSCR2,PIGC,CTSA,AIG1
,AL078623.1,ARSA,RPN2,CCDC91
,LINC02085,ZNF22,SPG21,CUL2
,AC104964.1,TSPAN4,CPNE3,PDXK
,AL121900.1,SUCLA2,PARP1,RTN4
,AC018682.2,BCL6,GPN3,VAV3
,AL355075.2,TMIGD3,BST2,CCDC169
,AC068987.3,NSMAF,GATA3,SNX2
,HCG20,HDAC3,WDR6,BIRC3
,LINC01198,FUNDC2,MTRNR2L1,PDIA4
,LINC00906,KMT2E-AS1,NOTCH3,LBX2-AS1
,CXCL5,STT3B,JAK2,SLAMF7
,AC021915.1,SNHG6,MT-ATP8,MT-TL1
,LINC02423,NRAS,GDI2,IER2
,AC009623.1,OSTM1,SLC31A1,ADGRG6
,AP005131.1,PTPN18,PARP10,CXCL12
,LINC02081,HPS1,DRAP1,SPG21
,AFF1,WBP2,TP53I3,SORT1
,PGRMC1,FUOM,TMCO2,TOMM22
,HUS1,SF3B6,VNN1,RAN
,APP,BNIP2,CSE1L,TAGAP
,MMP15,COPS6,GOLGA4,DNAH14
,ZBTB10,KEAP1,HTRA2,THBS3
,TTC27,KLHDC3,ITGAL,MORF4L1
,PRAM1,NEU1,FRMD4B,SPATA24
,EIF3A,GFM1,HNRNPR,SP100
,TPP2,ZNF581,DYNLT1,STIP1
,EIF3K,TAP2,TRPS1,BHLHE41
,MAGEB2,ABCC1,BOD1L2,AC018797.2
,AC005912.1,PIAS1,PCNX2,GSKIP
,ZNF710,FLOT1,FKBP1A,CITED1
,FCGR2B,FCER1A,USP14,RIPK2
,OSTF1,CUL5,AKAP3,CCT5
,CHI3L2,BCL2A1,FAM212A,SULT1B1
,ACSM5,NMD3,GDPD1,PPARG
,OAS2,RBMX,PLEKHG5,FERMT3
,ARMC12,ALDH9A1,C16orf82,COX6B1
,TMSB4X,EMP1,RUNX3,TDRD1
,PRSS23,WDR61,STAB1,PPP1R32
,TBX18-AS1,HNRNPH3,IQCF3,TLR10
,ENPP2,TMEM14B,NUP155,LRRK2
,TP53I3,CNRIP1,ARHGAP45,FAM213A
,ISLR,KIAA2013,CYLC2,EIF2S2
,SHC4,QPCT,BAG4,HES1
,SMARCD2,TMCO5A,NUDT22,HGF
,COX7A1,CD300C,CYFIP2,MOV10L1
,FAM213A,ACTL7A,TMEM243,AC092849.1
,GNAI2,LBX2-AS1,FXR1,FTCD
,ADRM1,RNASE3,C12orf50,GADD45B
,RNF216,SPATA19,FCMR,MANF
,PMS1,BPIFA3,PGM2,CCDC38
,GPX1P1,TMCO2,SKAP1,UGGT1
,RHOG,RF00003-11,LTN1,HK1
,CABYR,RTL8A,SF3A2,RGMB-AS1
,C15orf61,MPI,SNCG,RAD51AP2
,LINC00293,NUCB1,EEF2,AC006012.1
,PTPN11,DYNC1LI2,CD247,AL662789.1
,CFAP221,SELENOP,CLEC12A,PIWIL2
,RNU5F-1,NUP133,ESF1,MARCKSL1
,CLIC4,BROX,STK24,NISCH
,NUP214,NUPL2,KYNU,DOK2
,FCHSD2,TMEM109,USP22,MT-TY
,DOPEY2,DCTD,SUMF2,ZFP36L1
,AP002954.1,CEP170,ATP1B3,MZB1
,WDR7,REEP1,CCR1,CTSA
,SLC43A3,ZMAT2,KIDINS220,ARL6IP5
,LRP8,C1orf131,TOB1,FAM104A
,NDUFC1,FAM50A,PLIN2,ZBTB10
,PMFBP1,P2RX4,HIST1H2BA,PDCD10
,MED18,PLA2G15,CTSF,BEX3
,GPR34,MIF4GD,SSR3,TEX22
,GSTA4,TIMM50,BIN1,GGTA1P
,DNTTIP2,TUBA1A,EXOC5,CFAP58
,WDR6,TINF2,RNF141,TMSB15A
,NUCKS1,SLC35B1,TC2N,NCEH1
,RNGTT,RAD17,GAPVD1,AL355490.1
,CYFIP1,TEX264,MBNL1,HIST1H4B
,RAB12,C21orf58,PLXNC1,MYLK
,PLD4,RF00003-2,GSTM4,PDE1A
,TUBA3C,RCAN1,HERPUD1,C2
,MAN2C1,SRFBP1,TNS3,PPM1K
,VTRNA1-1,SH2D4A,BEST1,NPTN
,COPZ1,GTF3C6,MT-ND4L,MSI2
,ATP8B2,RAB29,BTG3,RAC1P2
,SERINC2,ETFA,AC044849.1,CIRBP
,MFAP3,CCDC47,VPS4A,ATP5PB
,EMC7,MAP4,KLRD1,CCDC7
,SESN3,B2M,SAMD3,NRAV
,UBE2A,ECHDC1,FAR2,CD22
,ABRACL,DARS,TRGC2,GBP4
,MITF,EFCAB14,TM4SF1,MGAT1
,LAIR1,SRPK2,FYN,PRPF40A
,JCAD,CSF2RA,RBCK1,C5AR1
,WT1,COX14,NRP1,TCF12
,PPIAP22,TOMM70,P2RY1,TUBA1A
,TPM1,EPS8,ACTN4,FAM92A
,POLR2I,PAK2,C10orf82,INSIG1
,LTBP4,COMMD5,FAM71F1,FOXN2
,YBEY,SEC23B,CDKN2AIP,AP1S2
,HYDIN,WDR36,CT83,CEBPB
,XRCC1,NLN,TMEM107,FRAT1
,ACKR1,ITGA4,SERBP1,TNS1
,BRWD1-AS2,ITGAM,UBQLN3,OTUD1
,SVIL,FIS1,SORBS2,ATP5F1E
,TMEM266,RAB10,TEX38,PSMB3
,GABBR2,VPS35L,CHP1,TIPARP
,GRID1-AS1,SMIM14,PSMD12,ALKBH7
,ODF3L2,RTN4,PNISR,GRB2
,HTRA2,SIRT2,RNU5A-1,NR1D2
,CCDC162P,CSE1L,CAVIN1,REEP1
,HIST1H3I,DBNL,SLC7A8,OLFML3
,AC117422.1,SUGT1,RNU4-2,TMBIM6
,MGAM,MORN2,DDX18,NRP1
,LINC02024,IRF5,GPBP1L1,MMP14
,COTL1,DYNLRB2,IPO5,POGLUT1
,ADTRP,MTATP6P1,CR381670.1,NLN
,C17orf98,FURIN,SPINK2,ATP5PO
,PODN,VDAC3,SEC14L1,RBMS1
,TMED1,PTPRE,DNAJA1,TLR2
,SMOC1,PAXBP1,UBR4,TOP1MT
,MYT1L,SPCS2,DSC2,PPM1G
,AC123912.2,NCEH1,TXNRD1,IQGAP2
,COPE,SCRN3,FHL2,SLC17A5
,GPX5,CEP170P1,EHD2,PER3
,SLC44A4,NINJ2,EXOC6,ZCCHC6
,LINC01233,ARHGAP28,SCP2D1,IGHGP
,RORA,PPP1R2C,LINC00943,TBL1X
,SYNPO2,FRAT1,AL133371.1,FPR1
,GABBR1,C20orf141,PDCL2,UQCC2
,SPTBN1,AC239803.2,AL390036.1,PLD3
,AKR1B1,HNRNPH2,SIRPD,GHITM
,HDHD2,ZCCHC2,FAM49B,APOA1
,AKT1,APPL2,UBQLN2,AL591846.1
,CAV1,SURF4,GALNT7,CD79A
,SLC22A23,TBC1D23,ARPC3,OLR1
,CCR1,PQLC3,ZNF124,ATP6V1D
,TNFRSF21,ORMDL2,MARCKSL1,JCHAIN
,NXF3,PIK3IP1,FAM126A,TRA2B
,HTATIP2,ACSL3,MT1E,45907
,CYP20A1,PLGRKT,RASGRP1,SLC38A7
,MS4A7,XRCC6,SH2D1A,SLC31A1
,AC087273.2,MOB1A,THEMIS,IFT57
,OAT,C1D,EBF1,HIST1H4J
,NPC2,AP1S1,ACTA2-AS1,CDH5
,TPRG1-AS1,TRIAP1,HIGD2A,COX4I1
,LIMD2,CASP1,AP3S1,SWI5
,DNAJB5,SNRNP40,POLR2J3,TMEM52B
,MAP9,SGK3,BIRC3,IGFBP7
,AC093484.3,SNHG1,RING1,JAK1
,ASTN2,NBR1,IMMT,KCNAB1
,ATG101,PTRHD1,FNDC3B,TPBG
,RNF150,FAM118B,GCA,HYAL3
,LSM12,HAT1,AGFG1,WDR63
,SOAT1,NUDT5,FAM71E1,OLAH
,FAM13B,TCEAL4,NTMT1,CFAP43
,OTUD1,HLA-DRB5,PDCD10,AL449106.1
,TRAP1,COX15,PTPRJ,AGAP14P
,SCN9A,CCDC18-AS1,RBBP8,KLK13
,ALKBH5,PER1,IL18,F2RL2
,ST5,PYGL,ATP5MG,AL590096.1
,CCDC7,NHLRC3,FIS1,AC015818.2
,ZSWIM6,SIGLEC10,FAM98A,ZMYND10
,MBD3,CCR2,FMNL1,ATRNL1
,RBM8A,WDFY4,SREBF2,45903
,PSMD1,PPP1R11,THBS1,PLAC9
,DST,VIM,THOC2,PMAIP1
,AL442128.2,FAM120B,REST,GADD45G
,RRP9,MAT2B,HSF1,SMC1A
,AKAP3,ZFP91,TALDO1,ATP6AP2
,HAUS1,AZIN1,CCNL1,PSMD1
,TUBA1A,TOR1AIP1,TM9SF3,ARRB2
,C16orf82,CBX6,ADIG,FES
,TMCO5A,AAMP,TANK,CHURC1
,AC097534.2,STX8,DCAF4L1,VAMP2
,WWC3,EIF4G1,AD000864.1,STK38
,MIF,CLPX,MED13,P2RX7
,GARS,TNFSF12,WNK1,POLR1B
,ATIC,NUP98,MAGEF1,REEP5
,FBLN2,SND1,CFD,HEXB
,MCF2,SNX1,ARRDC3,PDGFC
,TOP1MT,TMX3,CIB1,TSC22D3
,SCD,RNF146,CXCL10,TMEM97
,GAGE2A,EMG1,ZFP36L1,ZNF711
,YIPF2,HADH,HPS5,GBP5
,MBOAT7,HYOU1,SUSD3,BCLAF1
,TPGS2,CD59,JMJD8,MRO
,C16orf58,CTTNBP2NL,PRKCSH,ZKSCAN1
,ECHDC1,PHB2,CKB,KLF10
,WRB,RBM39,LMOD1,PICSAR
,ELMO1,AMZ2P1,ISYNA1,AC093151.3
,SMIM1,IMP3,OAS2,AL122008.4
,MTND3P10,ADGRG6,PCBP2,AL451007.2
,SLC31A1,TMEM120A,RALA,AP000350.6
,LMNA,LCP1,TERF2IP,FAM238A
,DPYD,TBPL1,WDR11,TOX4P1
,LINC02035,TPD52L2,CNTRL,AL591926.2
,SCP2D1,ZNHIT1,ENTPD6,FAM71E2
,PSMD11,RNF216,ERAP2,IL13
,HLTF,C12orf10,STIP1,IL27
,EHD4,TSTA3,CST3,CFTR
,NARS,SPRYD7,HMOX1,AC008555.1
,FMO4,PIGP,PSME4,AL132822.1
,C7orf31,HTRA1,SCIN,AL133230.1
,BROX,P2RY1,EPSTI1,AL133284.1
,CTSF,SERTAD3,HSPA2,LINC02327
,CHST15,TSPAN31,EXOC1,AC010235.1
,CORO2A,TMEM138,COMMD6,AC099566.1
,TXN2,ABCD4,DOCK2,OR8B2
,PPP1R12A,FAM92A,BAD,OR5E1P
,C7orf49,ATM,UQCC3,ASNSP1
,CIAPIN1,TMEM106A,PPP1R15B,SEMA5A-AS1
,TIMP1,TRIM8,RNVU1-4,AC015849.1
,CTTN,LGALS2,PEBP1P3,AC015468.1
,NUBP1,NOP58,TANGO2,SPOCD1
,SNHG25,PEF1,IL2RB,CA9
,FHL2,PAICS,ZFPL1,SLC25A41
,LGALS2,HSD17B11,ANP32B,AL591848.3
,LMOD1,TXN,LARP4B,ZNF32-AS3
,GNL3L,CHCHD1,PDE4B,LINC02240
,FXR1,IDH1,SPP1,LINC02165
,CCNG2,PCNA,CNPY2,LINC02188
,CMTR1,FAM198B,FMN1,LINC00229
,OGN,CS,CDKN2D,PRSS55
,SREBF1,GID8,RBP1,HCN4
,NAPRT,CAT,TFEC,AL158070.1
,ARL4C,BFAR,AC109326.1,MAPT-AS1
,AC106788.1,MPDU1,TMEM33,MAGEA3
,HIF1A-AS2,ALG8,MEPCE,AC135977.1
,SNX18,DEDD2,SLC26A2,AC023449.2
,LST1,STIM1,ZNF812P,ADAM2
,SEPT7P9,STRADB,CLEC4D,LINC01655
,AOAH,VWA3B,KIF2B,AC004923.4
,MEA1,AC097636.1,MAFF,CATSPER4
,IFI6,GABRG3-AS1,PHF1,ADAM18
,POLR1D,SPANXD,EFCAB14,DEFB121
,SETX,SPACA7,TEX36-AS1,MOBP
,CETN3,DNAJB8,TSC22D3,AC119428.1
,TRPC5OS,RDH14,UBL4B,POM121B
,SLC16A1,FAM229A,LILRA6,AC018943.1
,PSMB3,RNF175,AKNA,TP53TG5
,HINT1,TMEM31,SHOC2,POC1B-GALNT4
,CD9,FAM71F1,LENG8,HSFX3
,ENTPD6,GLS,FAM173A,AL162385.1
,CTSL,CARD6,RB1,LINC01533
,KLF11,THRAP3,PRR14L,ADAM7
,EIF5B,BIN2,ARHGAP31,LINC00427
,SLC39A1,C19orf24,PTEN,TNP2
,KARS,AUP1,HCK,AL137785.1
,HLA-DRA,AC115223.1,NQO2,HNRNPCP1
,CCSER2,PDIA6,AC138207.5,APOBEC4
,LARS,HLA-DOA,TEX48,BX255923.2
,AC007032.1,ARL11,CCDC27,OPRM1
,IRS2,MARVELD1,LRRFIP1,LINC02471
,RGL1,SMG7,TP53I13,LINC02491
,ATG4C,CCND2,DNAJB6,AC010280.1
,ATP5PD,SNX4,ALOX5,LINC00642
,NCKAP1,SUMF1,COG2,AL096828.2
,UGGT1,IFI44L,TAF10,C8orf74
,DICER1,YIF1B,PLPP1,C5orf47
,MPP1,ASCC1,RASL11A,MAGEB10
,PCBP2,PLEKHJ1,ACADM,CFAP44-AS1
,SNHG16,DAP,SLC25A24,LINC02372
,CARM1,THAP5,ROBO3,AC245088.1
,HSD17B12,ARRDC1,SNAI1,LINC02304
,SCN1B,DDX56,TNFAIP2,AC005006.1
,LINC01350,DEDD,SQOR,Z98259.3
,SDC4,DCAF13,MAP4,CCDC26
,U2AF2,NUS1,PYCR2,LINC01729
,TRIB1,GPR82,YWHAG,SYT3
,RFFL,SIGLEC1,ZNF276,CCDC158
,DDI1,SLC15A4,PCM1,AL445488.1
,AMIGO2,ACTR1B,MAPK8IP3,ZNF479
,TTC8,CHTF8,BCLAF1,LEF1-AS1
,ARIH2,SNX14,POGLUT1,LRRC2
,EIF4A1,NFKB1,GNB4,DRC1
,TSC22D3,DYM,CHST12,AC187653.1
,CNPY2,WDR7,NDUFV3,ZPBP2
,PRAF2,SLC25A45,TNFSF13,C17orf112
,LRRN3,H3F3AP4,DECR1,C16orf92
,TBX22,ESF1,FBXO44,AC209005.1
,GPC1,PRDX5,SEC24D,LRRC3B
,HOOK1,DDX21,ADHFE1,VCX3B
,GABRB2,FUBP1,C19orf66,AP003499.3
,TAF2,APEX1,MAGED2,AP003721.3
,P2RY1,YPEL2,H3F3A,AP003733.3
,ABCF1,PSTPIP1,GEM,ASXL3
,TERF2IP,RIPK1,ASMTL,ASB5
,ICAM1,TRPC4AP,ABRACL,OLIG1
,GALE,TM7SF3,ZC3H15,AP005131.5
,LSM1,TADA3,RASSF5,AC090001.1
,TMEM176B,UBE2N,TAPBP,AL139350.1
,SAT1,FCHO2,SPACA9,AC087565.1
,NCEH1,NUP155,ESAM,TMEM262
,FNDC3A,IGFBP4,PEAK1,SNTG1
,DPP7,UTP3,ARF1,SNAP91
,NDUFB1,GPI,SLC25A1,AC022098.2
,TMEM65,PPP1CC,SLC15A3,SLPI
,SMG8,POLR2K,COA6,DSC3
,ZNF506,MAPK3,COPB2,AL663074.1
,C2orf16,TES,CCT3,EGFLAM-AS2
,LDHA,RMI1,CCZ1,SLC14A2-AS1
,LINC00324,IGBP1,ASAP1,FAM181A-AS1
,UTY,TMEM87A,SFPQ,TTLL2
,NUDT22,ASCC2,LIMS1,CNBD1
,ABHD1,DCTN2,C20orf141,AL109924.1
,AC008038.1,LIMD2,BSG,IQCF5-AS1
,VPS26A,PARK7,SLC30A7,PHACTR2-AS1
,ACAP1,UFL1,NUDT2,SOHLH1
,SRD5A3-AS1,HAUS1,CCDC115,AL080313.2
,KCNH2,ANKH,45907,TUSC7
,PTPRG,ATP5MG,FN3KRP,AC093698.2
,FAM20A,VMA21,PRPF31,PCNAP1
,S100A16,USP33,SBDS,AC090403.1
,PDIA3,MCRIP1,P4HA1,AC009158.1
,SLC15A3,PGD,ALOX15B,TSSK1B
,DPT,ISG15,NUDT16,AC124301.2
,PLPP1,CNPPD1,PMM1,MGAT4D
,NLN,DNAJB12,RCAN2,LINC01791
,TSSK6,HVCN1,OLFML3,LINC01799
,SNN,HSBP1,CUTA,LDHAL6B
,SGTB,RF00012-7,VPS41,AL022323.4
,CLTA,E2F8,AC239868.1,NPIPB6
,AC080013.5,CLEC3B,ASB9,AC027701.1
,SULT1A1,TRAPPC6B,C16orf54,AL442224.1
,FES,SMCO4,PRMT5,AP005131.4
,BMF,CACUL1,TIGIT,AC012594.1
,MYDGF,SNAPC3,ZNF593,LINC01709
,ECM2,CAPZA2,HSPG2,AC010177.1
,TCEAL2,PEX11B,MT1A,LIN28B
,NRAS,FN1,LINC00996,LINC00113
,SMPD4,PTMAP2,ATG4C,LINC00347
,CUL3,CHRAC1,HRH2,NMU
,FUBP1,PRKAR2A,PTGER2,VCX
,USP34,PRRC1,ANKRD40,AC091096.2
,COX6C,PSMD14,FAM53B,LCN2
,ITPR3,VIPAS39,SHC1,AL445209.1
,RFX5,TSEN15,DSE,AP005482.1
,SFRP1,CCND3,HSPA4L,AP006284.1
,ATXN1L,COX11,TMCO5A,LINC01859
,FOSB,SMIM3,ARHGAP28,LINC02053
,SLC7A2,MTR,ODC1,LINC02059
,TSHZ3,RARS,CADM1,DNAH9
,FAM53B,WDR1,LTA4H,ANKRD26P3
,ARHGAP31,ARPIN,RIPK2,EYA1
,CFL2,ENG,TMEM109,AL583835.2
,MAGED2,TRIM69,CDKN3,AL589987.2
,TCEAL6,CLEC5A,PHACTR1,LINC01913
,HIST1H2AE,IPO7,SLC25A37,C19orf71
,CDCP1,OSER1,GRK2,AC015922.1
,CDIPT-AS1,ZYG11B,NR1H2,DNAH3
,PXK,C16orf82,SRPK2,FAM170B
,AP1S2,SPATA18,STK3,LINC01853
,RSRC2,GPBAR1,PAF1,CASC17
,CD48,TAMM41,MORN2,SH2D6
,GCLC,ZNF571-AS1,EEF1A1,ACR
,DDIT3,PEX16,SLC25A6,AC004847.1
,IGFBP4,SMKR1,CIITA,LINC01884
,REST,ZBED5-AS1,PPIP5K2,AC096564.1
,HOPX,C12orf50,NUFIP2,GAGE13
,CYB5R3,ISOC1,CERK,MDGA2
,NT5C,B3GAT3,SVIP,SLC36A3
,PARVA,LCA5L,HLA-DPB1,SLC25A52
,ERBB4,PRMT3,TSSC4,AC007557.3
,EIF3L,RF00004-10,ZNF438,AC073592.1
,AAR2,AKAP3,MTSS1,RBMXL2
,ABLIM1,HOOK1,PER3,TEX49
,AP2A2,SPANXN3,PARP4,TEX50
,NAV2,CYLC2,SUCLA2,AC009093.5
,BHLHE40,ANKMY1,STAT4,CCDC63
,HSD17B4,AC109630.1,GTF3C6,LOXHD1
,AMFR,UBL4B,RHOT2,LINC02127
,DAB2,LINC02381,SDAD1,LINC02150
,MGAT4B,RNF151,EEA1,MAST1
,MORC3,IQCF3,CLCN3,AC011389.1
,CAPZA2,TBX18-AS1,CNN1,TDRG1
,RENBP,C20orf194,S100A13,AL356124.1
,PRKAR1A,PRPF38A,GNLY,GK2
,GSKIP,EPRS,F10,RFX4
,SLC4A2,SNHG8,CHMP6,AL355581.1
,CXXC5,SERPINF1,SLC25A29,KCNIP2-AS1
,HNRNPC,NSFL1C,SMTN,PAUPAR
,PRDM2,GTSF1,SOX15,LINC01333
,TSPYL1,DNAJB6,NDUFB2,AC005532.1
,CPEB1,RAB34,KCNAB1,MYH16
,NDN,TRIM27,LRP10,LINC01238-2
,WSB1,ZNHIT3,DNAJC10,TH2LCRR
,SPATA8,,PFDN5,AC074389.2
,HDDC3,,ZNF468,AC078878.2
,MAP1LC3B,,SMC2,TEX11
,SPACA7,,FRZB,TCTE1
,TSPYL2,,VNN2,DNTT
,SSPN,,SLAMF8,AL592156.1
,SETD7,,SULT1B1,ERICH6
,AC020656.1,,TINAGL1,NT5C1B
,RNU6-6P,,RHOB,NRG1-IT1
,AL136987.1,,CCDC141,LARGE-AS1
,SUMF2,,OSTF1,LINC01413
,HLA-DQB2,,MTA1,LINC01419
,AL035078.1,,AKT1,RFTN1P1
,CLK1,,EHD1,RN7SL559P
,PEA15,,IL10RB-AS1,AC011196.1
,EMC10,,PPP1CA,AP001782.1
,PLSCR4,,PINK1,C11orf97
,BEX4,,KTN1,SMIM9
,AL020997.2,,NDUFC2,AC114752.1
,AL390726.6,,WWC3,HEATR9
,AL390730.2,,FAM187B,C15orf59-AS1
,LINC01351,,RASAL3,C18orf63
,C22orf42,,LAG3,AL139237.1
,LINC01291,,MAP3K14-AS1,PRC1-AS1
,ELOVL7,,SNHG12,AC011124.1
,KLK5,,MXD4,AC009411.1
,KLK13,,MBNL3,HIST3H3
,AC243772.3,,SLC17A5,AC090971.2
,F2RL2,,ROPN1B,AC138331.1
,LINC02045,,TMX1,LINC02505
,LINC02180,,PTAR1,LINC02508
,AP001636.2,,CCS,LINC02443
,AC022272.1,,VPS50,SLC7A11-AS1
,ST7-AS2,,TXNDC17,LINC02569
,MSTO2P,,SYTL2,LINGO1-AS2
,AL136982.1,,GABARAPL2,AC009299.3
,C16orf78,,SETD3,HSPE1P4
,AC233279.1,,TAX1BP1,PNMA5
,RF00019-332,,COX5A,AC092608.2
,AGAP14P,,DAB2,AC092634.5
,SNRPD2P2,,PLCB2,LINC02064
,ATP5PDP4,,WDR7,C9orf135
,AC092723.4,,UPF2,LINC02113
,MCM8-AS1,,TTYH2,BX546450.1
,SPATA31C2,,TGFBR3,MTCO1P25
,IL10,,PRAF2,AC073335.1
,CA10,,TPGS1,LNX1-AS1
,AC006482.1,,CCDC146,MUC1
,IL19,,NKRF,TEX52
,ASB14,,CSGALNACT1,AC011095.1
,AC015849.5,,ATP5F1A,AC007557.4
,AC110994.2,,KRT10,AC007610.4
,OR7E156P,,FAM117A,AL691420.1
,MIR4307HG,,AC010642.2,ZNF649-AS1
,ABHD12B,,SLIT3,C2orf78
,ZNF503-AS1,,GCHFR,C3orf20
,S1PR4,,LINC01736,C1orf100
,AC098680.1,,PLCZ1,AC113355.1
,AC025524.1,,COX7B2,AC079779.3
,LINC01890,,FUNDC2P2,AC016866.2
,FTLP2,,SPPL2C,AC016987.2
,FOSL1,,POLQ,AC022748.2
,FAM230C,,ZC3H12D,LINC00606
,LINGO3,,PRSS37,LINC00616
,LINC02431,,AC097375.2,CCT8L2
,ARL2BPP3,,PGLS,H1FNT
,AC092810.3,,RBBP6,AL160290.2
,NXPE1,,MEF2A,ISLR2
,AL356020.1,,RNF151,AL353572.3
,AL590139.1,,MTCH2,GPR182
,AC007493.1,,HSP90AA1,GABRG3
,FO538757.1,,PIM2,CXorf66
,AC006277.1,,RFLNB,AC011773.2
,PPP2R2B,,E2F3,AL133351.2
,MUC16,,YIPF2,AL133485.1
,AL139125.1,,SGCE,AL031708.1
,AC018529.3,,PNP,LINC00700
,AC018554.1,,NDUFS1,NCR3
,AL096865.1,,MAN2C1,AC107398.4
,AC132812.1,,POLR2I,C20orf85
,GAGE12H,,TIMM23,AC009107.1
,AC016831.5,,CAP1,DAB1-AS1
,LYST,,NCKAP1L,AL360227.1
,LINC01277,,LCA5L,AL360268.2
,AL513327.2,,ABR,DCDC1
,LINC01304,,MAP1B,LINC01718
,AC007384.1,,AAMDC,AL391987.3
,AL359643.3,,LINC02397,AC106771.1
,EYS,,CCM2,LINC00535
,AC147067.1,,PDLIM3,CTCFL
,NAA20,,IL7R,CDRT8
,MORN2,,CMKLR1,AC007179.2
,ZSWIM8,,KLHL8,OR2H1
,TMOD2,,CAVIN3,AP000769.3
,MT1G,,HNRNPA1P48,AC039056.2
,NOP53,,CXCL12,AC040918.1
,TMEM106A,,AKR7A2,AL365184.1
,FUT10,,CUX1,GPR12
,NBL1,,SMKR1,GOLGA8Q
,LY6E,,PPP1CB,AC074351.1
,C3orf70,,NBN,AC099811.1
,ESRRA,,TSR2,HSFY1P1
,ODC1,,PSMB9,LINC01635
,BRF2,,LY9,AC005324.2
,DCAF4L1,,PSMB8-AS1,LINC01592
,CEP112,,SPACA7,RELL2
,GPN3,,NDUFAB1,AC073539.1
,ITSN1,,ATXN7L1,GOLGA6L7
,ACOT2,,COPA,REG4
,FADD,,AC026979.2,AC110285.6
,SLC1A6,,PGP,SLC22A14
,EBF1,,ANKRD7,LINC01551
,LINC02219,,RNF44,PAGE1
,IGFBP5,,ZMYM1,AL049541.1
,CCDC179,,IL6ST,TTC39C-AS1
,NPM1P39,,CCDC136,PEX5L-AS2
,UCHL3,,SH2B1,KCNV2
,BAG4,,NAA15,AP001001.2
,FDXR,,NDUFB5,AC011228.1
,ZNF384,,AC099560.2,CELF2-AS2
,UBE2E3,,ARIH2,KCNMA1-AS2
,SDAD1,,GSTM3,KCNQ2
,RAP1A,,HIVEP2,AC023886.1
,TRIM8,,OPA1,FNDC8
,CCDC91,,SNHG15,CCDC182
,SSBP3,,COL9A2,ADAM6
,MOB1A,,RNF175,AC067969.1
,KMT2E-AS1,,ZYG11B,LINC01499
,LGR4,,CLEC7A,AC116631.1
,DHX57,,TMEM259,AL358975.1
,POLR2L,,LTBP3,AC007114.2
,GIMAP2,,ADAD1,KRT19P1
,CCDC144B,,CD6,CHRNB4
,NOLC1,,SPRY2,AC009019.1
,NAP1L3,,EDNRA,TRIM29
,SYK,,HNRNPA2B1,AC068633.1
,USP10,,IL17RA,AC011494.1
,SEC24C,,TPPP3,AP001205.1
,GLIPR2,,MAP3K12,LINC01082
,MCFD2,,HES4,LINC01095
,NUP155,,LDOC1,LINC01107
,ID4,,DNALI1,LINC01005
,TTYH1,,SEPT7P9,HPCA
,PTMAP4,,APOBEC3G,AL136967.1
,SLAIN1,,ZNF511,AC008691.1
,NT5E,,DDX3Y,GALNT6
,TANGO2,,ARFIP1,ANAPC11
,INVS,,ADAMTS1,TSKS
,GNA11,,PRR30,MORC1
,FAXDC2,,MZT2A,SGCA
,LRPAP1,,CRYBB1,MEIOC
,GNB1,,AC090498.1,AL450405.1
,AC004797.1,,HSH2D,MAFB
,PP2D1,,ETFRF1,KCNJ2
,TBL1X,,SLC40A1,ADAM15
,RAN,,ATP5F1E,OSTF1
,AC007598.2,,CCDC3,MAP3K6
,CD52,,AC016739.1,HNRNPR
,AL022322.2,,WSB2,ATP5F1B
,PLAC8L1,,SETD2,REST
,TTC23L,,PHLDA2,DUSP5
,AC127502.1,,RF00004-10,SRSF7
,MBD2,,OGFR,MYL9
,AC133485.2,,ZFR,CEP350
,MINOS1P2,,CEP112,BCL2
,LINC02492,,RSU1,CTSZ
,HSP90B2P,,C16orf58,ATF5
,APRT,,ARPP19,LINC01681
,EIF4A1P10,,NXT1,SFXN3
,LINC00929,,HCFC1R1,FLNA
,CFAP58,,SLC39A1,USP4
,HPGD,,TCIM,TRABD2A
,PILRA,,COL18A1,KCNMA1
,CUX1,,P2RX7,FOLR2
,NDUFA11,,PDXK,PSMG2
,MMP19,,PAPSS2,VASP
,AC084033.3,,COL4A3BP,CAPN2
,FAM107B,,CAMK2G,POSTN
,NXT2,,CHD3,SLCO4A1
,OSR2,,RABAC1,FANK1
,E2F3,,FAR1,HIST1H2BM
,PRRX1,,CSNK1G2,IZUMO1
,NSG1,,SNRPN,ADCY10
,SFXN3,,FBXO6,KIAA1257
,TRPC4AP,,KLF13,AC025594.2
,TEX101,,45723,ELOBP2
,NAALAD2,,ANKRD10,SPATA45
,JMJD8,,USP4,AL024508.1
,SMIM27,,RNVU1-15,FMNL3
,RELL1,,LBX2-AS1,H1FX
,RBM39,,ITGB2,FAM200B
,MLF2,,DARS2,HLA-DOA
,CYR61,,UQCR10,C7
,GRB14,,NUCKS1,SIRPB2
,TEF,,FAM91A1,TAF9
,TNFRSF25,,GALM,NRAS
,FGF20,,APOC1,EIF4G1
,CALB2,,ERAP1,AARD
,PTPN21,,TAF9,NPIPB2
,TMEM106B,,EIF4G1,ZFP36
,SPATA45,,EPB41L4A-AS1,INPP1
,CDHR2,,JTB,ACVRL1
,RNF126P1,,BZW1,IGKC
,LINC01667,,SLC35E1,IGSF6
,ARPC3P1,,PHF8,CCND3
,LINC01227,,CIAPIN1,PRND
,AC113423.2,,ARHGAP27,NUP155
,IQCF6,,CRTAM,TPP2
,AC026369.3,,C7orf31,CD84
,AC092155.1,,RGS16,PLEKHO2
,AL121957.1,,NR1D1,HIST1H3B
,C9orf50,,RAB11A,PSTPIP1
,LINC01784,,PRKACB,YWHAE
,NCOA4P3,,UBE2D3,GMFG
,AC120193.1,,XPO1,FAR2
,AL133264.2,,IARS,YWHAG
,TREH,,CFH,ABCA8
,AC007557.2,,MGEA5,CNDP2
,CARD6,,SMDT1,VMP1
,USP13,,CD27,MT1F
,LINC01989,,ENDOG,MLKL
,NPIPB1P,,AC093484.3,GALE
,GLT1D1,,SREBF1,TMBIM4
,CLEC1B,,MATK,BIN2
,NRBF2,,CNDP2,NARS
,GSN-AS1,,ARRB2,GPSM3
,AC037198.1,,DDX10,WDR36
,MET,,GPAA1,IGF1
,C10orf120,,FBXO38,ADAP2
,ENTPD1-AS1,,PIAS2,CPE
,SLC7A6OS,,TEX53,PSMC2
,ABCA8,,LDB1,TWF2
,HIST1H2BF,,FAM102A,ZNF618
,AC027702.1,,CSRP1,AP1B1
,LINC02366,,SUGT1,CCL8
,AL158801.5,,MLLT6,TMOD1
,AC115837.1,,LMAN1,TNFRSF1B
,GPR65,,IL18BP,AC109326.1
,PELI1,,ACTRT2,ODF2
,SMAD4,,DNAJC5B,CDCA7L
,BACE1,,TMEM175,TXN
,WIPF3,,ADCY3,FAM107B
,NIPA2,,PAGE2B,ABCF1
,FAM133A,,TKTL1,TIMP3
,ACAP2,,SIGLEC7,CR381670.1
,SH3GLB1,,RBKS,U2SURP
,PSMC1,,KXD1,RRP9
,DUSP6,,ZNF704,RNF32
,DDX5,,CH25H,SFT2D2
,GPRIN3,,ZNF708,AGTRAP
,EDF1,,TPD52L3,CD33
,SPATA18,,STPG1,ETHE1
,CSGALNACT2,,ACP2,ANTXR2
,PSMC4,,SRRM1,SETBP1
,OPN3,,MICAL1,EIF3A
,CHST9,,SNORD3B-1,PXK
,ST3GAL1,,CEP57,PIM2
,C12orf50,,BCL2,ZFP36L2
,SLC39A4,,CD37,PLK2
,FAM236A,,EXOC7,LARP1B
,PLXNA1,,PLIN3,LAT2
,CCDC37-AS1,,MCM5,PHF8
,AL034397.3,,RANBP2,SKIL
,SPECC1,,FER,ST3GAL6
,HDAC9,,TANC2,CARHSP1
,FMNL2,,THRAP3,PLXDC1
,C9orf153,,SPATA16,APC
,MYLK3,,LINC01820,KNL1
,LY6K,,TEX15,TSGA10
,ALG1,,GOLGA2,EVI2B
,NR0B1,,OSGEP,WWP1
,DPP6,,DUS1L,WWC3
,BCL2L14,,EIF3E,STK17A
,MAGEF1,,MRI1,LTC4S
,CCDC136,,MAN2A2,RNPEP
,MIR100HG,,AKAP14,NDUFA8
,FAM71B,,CREG1,COG2
,HEATR6,,CLCN4,NCL
,RNF114,,ODF2L,AKR1B1
,TTYH2,,PARK7,EVA1C
,DHRS1,,CRYBG1,ZNRD1ASP
,TXNDC8,,SEC22B,PTTG1
,UFC1,,CDC40,PSMD11
,FAM212A,,FUCA1,SCD
,TMEM39A,,JPT1,PBK
,LAMA2,,TMC8,PYGL
,LINC01255,,COL1A2,DNAJC3
,SUGT1,,AC092666.1,NEK2
,HNRNPU,,ZCCHC24,SLC25A5
,FAM102A,,ERLIN2,MUM1L1
,SAMD4A,,ARL8B,SNHG26
,BTN3A3,,CD163L1,IFNAR1
,AC241584.1,,UBA6,CBX6
,DARS2,,KMT2C,GTF3C6
,HPGDS,,ST13,SMARCA5
,CAPN5,,FMC1,ORMDL1
,ATP9A,,MRVI1-AS1,SNAPC3
,MIEN1,,CD46,NABP1
,C19orf47,,CFL1,ATP5MF
,VPS52,,ETFB,PPP1R2B
,LENG1,,TSEN34,EFCAB6
,LYZ,,DDI1,WDR78
,KHNYN,,CD180,PGM2
,NFKB2,,IZUMO4,PLAU
,C20orf141,,LHFPL6,CTNNAL1
,IFI44,,CCDC70,NSL1
,ITM2A,,ITK,GPX4
,GNL2,,AP002004.1,FAM111A
,ELK1,,AP002807.1,PPP1R14A
,EEF2K,,CITED4,TCEAL5
,FOXN3,,PTGDR,RNF13
,ORC5,,C2,PSTPIP2
,JKAMP,,ZNF638,CTNNA3
,ARMCX5-GPRASP2,,SYNCRIP,OS9
,ARRDC1,,EVI2A,WSB1
,JAM2,,SETBP1,AFG1L
,PSMD8,,WASHC5,LRRTM3
,ARL4A,,ULK3,MTCH2
,TMEM255B,,DYNLL1,TCEAL9
,C21orf91,,SRD5A3-AS1,TMEM106B
,C8orf88,,LINC02109,VPS26A
,SPOCK2,,AC034199.1,CAPN1
,PRMT5,,AATBC,MIR616
,KREMEN1,,PRSS12,TM9SF2
,CYP11A1,,RNF17,TRIP12
,SYCN,,AL355922.1,LILRB5
,FAM49B,,FGF14-AS1,JOSD2
,FGFR1,,C3orf67,FADS2
,CLIP1,,TXNDC8,ARGLU1
,MDM4,,AC074327.1,SERPINB6
,KDM3A,,AQP9,AL359265.3
,DNAJB6,,AC025040.1,PHC2
,CETN2,,MAGEA4,AC243960.3
,PHF8,,LINC00293,CENPU
,STRN4,,PDSS1P2,FPR3
,PRRC2C,,ZBBX,MYO7A
,KDELR1,,AC024896.1,CCSER2
,SRP14,,LINC01492,CMTM3
,SORL1,,C2orf16,CENPE
,SERINC1,,RAB3GAP1,ANGPTL1
,SERPINB6,,DOCK10,AC083799.1
,TMEM130,,UQCRH,BHLHE40
,RAD23A,,SCYL2,MAGT1
,ANTXR1,,CRYBG3,DEPTOR
,PSMA2,,CCDC86,ELK4
,MT-TI,,NME3,BBX
,CDO1,,PRKD3,LRIF1
,CCZ1B,,CTNND1,CLEC4D
,SOX4,,TMEM216,OPTN
,DGKA,,EIF4G3,UTRN
,ASB8,,CAT,HAMP
,MAGT1,,TRIB2,NOP53
,MTFR1,,CCSER2,SELENOK
,PARP10,,CABYR,AQP1
,ALDH1A3,,STX12,PMFBP1
,TAF9,,RAB8B,UGP2
,TAF6,,AKAP17A,HINT1
,EFL1,,CSF1,MTTP
,CAPN2,,SDF4,AC093901.1
,CTNNA1,,MINK1,SLC25A4
,GALNT2,,EIF2S1,CCDC181
,SLC35E1,,FAM198B,ARL9
,REEP6,,HOOK1,LYPD5
,SLC26A2,,GBF1,ZNF793-AS1
,CCDC28B,,MANEA,DCAF12
,KXD1,,MFAP3,AC139795.2
,HNRNPA2B1,,NUPR1,AC012618.3
,RASA2,,STX6,AL359182.2
,CAVIN1,,RTN4,RNF126P1
,MYO10,,GGCT,AATBC
,NRIP1,,UNC93B1,GLIPR1L1
,ATP5MC2,,RNF113A,AP002954.1
,NOP14,,PBRM1,HORMAD1
,B4GALT5,,TGFB1I1,TSPAN4
,SLC25A29,,ZFHX3,TRPV2
,AC027644.3,,COX8C,TAF2
,BAMBI,,MX2,SESN3
,SEC11A,,CLCN7,MAGED2
,TMEM9,,RASSF2,SUCLG1
,RAB13,,ARHGAP4,ATP5MC3
,LINC00301,,C1D,PAK1
,FAM53C,,TSC22D2,SNX11
,ZNF438,,SNHG1,CKAP4
,RNF26,,ZNF428,PLXND1
,MBNL3,,PHC2,CKB
,RUBCN,,COPZ1,SREBF2
,FUCA1,,CARD8-AS1,KIF18A
,GGNBP2,,RCN3,LAMP1
,PDIA4,,ZYX,MAGED1
,C12orf4,,MUS81,STX7
,LENG8,,CYHR1,AL138899.1
,ADPRH,,AEBP1,CAPRIN1
,PRR13,,ERBIN,RSU1
,NSMAF,,ZNF358,RNF141
,KLHL42,,TM6SF1,SEMA6D
,WASHC2C,,RNF111,RAB5C
,GANAB,,CHCHD2,RSPH1
,PPA2,,TEX10,ABCA17P
,ITGB1,,PRKACA,NXPE1
,SFRP4,,SORBS3,DPY19L2
,ANKMY1,,TNFRSF25,TNFAIP8L3
,PTGS2,,DTHD1,ITIH4
,MPDZ,,TRDC,AC138649.1
,ADNP,,FAHD2CP,AL020997.2
,SPCS3,,PTP4A3,FBXL5
,GNB5,,DTX3,MICALL2
,CRIM1,,ZNF821,COL25A1
,MOSMO,,SYTL1,LINC01837
,PPP1R10,,ITGA8,FAM186B
,SPATA9,,ADGRA2,AC011921.1
,C1orf43,,BBS7,LINC01539
,METTL26,,RNF187,PLIN2
,CDC37,,HOXB2,AC005842.1
,SMCO4,,ARMC12,UPF1
,HACD4,,C2orf88,LYPLA1
,TARS,,IRGC,CCDC110
,45910,,SPACA4,XRCC4
,METTL17,,C9orf153,PCM1
,FAM174B,,MAGEB2,LINC00944
,PEX10,,HOMER3,GPN3
,WFDC6,,ANKRD13D,EYS
,HCAR3,,RAD23A,TTYH3
,ESPN,,DBT,MARVELD1
,FEM1A,,PIGN,TMPO
,FKBP1B,,ALG12,GYG1
,TREM1,,TP53TG1,HK3
,ZNF445,,ECM2,DAB2
,C1orf131,,EIF5A2,ARL11
,MAP4,,TRAP1,EPPIN
,TSGA10,,VCPIP1,ELOVL1
,ELOVL5,,FAM209B,G0S2
,CNN3,,ICE2,DENND4C
,TCTA,,RIF1,M6PR
,GATA4,,PRPSAP1,HIGD2A
,PDS5A,,SWT1,IFI27L1
,CYP1B1,,TOR3A,ST6GALNAC3
,C11orf65,,PAICS,PTN
,OGFR,,TMEM47,LY6E
,TDP1,,NABP1,TMEM50A
,COL15A1,,NES,PCNX2
,SMIM26,,BIRC6,PENK
,DAPP1,,CCT4,CCDC162P
,DAG1,,SAT2,FADS1
,AL136988.2,,DAP3,EIF5B
,TCF12,,IL1B,PRRG4
,STK38L,,XRCC1,HLA-E
,PMEPA1,,PDS5A,SLFN11
,AP001636.1,,DARS,BEX2
,MAGEH1,,MAML3,CFH
,RARRES2,,OPN3,DEFB123
,RING1,,C3,ATP5MG
,DBIL5P,,HEBP1,HLA-F
,ICAM2,,ARL4D,TMED5
,AL450998.2,,SLIRP,WDR11
,DOCK8,,ECE1,TXNDC17
,SDHC,,EMC7,PARM1
,FBXO38,,RFX5,CHPF
,WWP1,,IRF2BP2,ZDHHC19
,AC060766.1,,BCL7B,HIST1H4F
,TESK1,,ALPK1,MCUB
,GJA1,,SLC36A1,SLC39A4
,UQCC3,,RPAIN,ITGB5
,YEATS2,,ENAH,BCAP31
,SVIP,,AC079305.1,GNG5
,AC069224.1,,IRF3,FAM126A
,SLC20A1,,REPIN1,GGNBP2
,HSF1,,SMIM26,B3GNT5
,ZNF562,,TUBB,TRIB2
,PABPC1P3,,SELENOW,MOB1A
,UBA1,,CLIP1,AP1S1
,TUG1,,STX11,ATP6V1A
,CHGA,,FBXL15,HIST1H1C
,DHX37,,FABP5,FOXN3
,CAMK1,,PYGL,LAMP2
,ANOS1,,PDLIM1,PLA2G15
,MAML3,,RNF139,FCRL5
,SETD3,,FAM210A,MYL6B
,PJA1,,VAV3,DYRK3
,NGLY1,,SLC46A1,45717
,SLC23A2,,C7orf49,ADGRG1
,AASDH,,ABHD2,FLT3
,CD300LF,,USF2,TPRG1-AS1
,TET2,,CLTB,ACP2
,NR1H3,,FAAP20,PPM1M
,TK2,,AL662844.4,CSGALNACT2
,STEAP4,,SMAD7,LPCAT2
,RCBTB2,,PARM1,COMTD1
,SLC25A45,,CXCR3,ZC3H14
,NCBP1,,INHBA,RGS5
,JAM3,,GRAP2,MAPK7
,G0S2,,KCTD13,DNAJB6
,GAPVD1,,PI16,MTPN
,CHMP6,,PODN,CARMIL1
,PHF24,,GPR174,COPZ1
,DHCR7,,LIPE-AS1,ADA
,ADAMDEC1,,RAB37,GMPR
,KIF5C,,MTND1P23,MGP
,ATG12,,AL136987.1,PPIA
,HIST1H4F,,KPNA3,DNM1
,GPD2,,CELF2,C21orf91
,ADRB2,,COASY,PLEK
,PDCD4,,UHRF1BP1L,SVIP
,LTBR,,SNAP29,DDX5
,CRISPLD2,,DUSP3,SLC43A3
,SRGAP3,,MFSD12,DNAJC15
,PPID,,ZFYVE16,PBRM1
,PNMA1,,SH3BP5,NECAB1
,IDH3G,,ANKRD50,GKAP1
,BLM,,PDCD4,STX8
,ZNF346,,STAMBP,EIF4G3
,REEP3,,SLC25A4,MSMO1
,HNRNPF,,RNVU1-6,SULT1A1
,CHD4,,CD3EAP,PRPF4
,LMO2,,MEA1,UBC
,TLN1,,SOX4,HCK
,AC100849.1,,PKN1,TLR8
,GSE1,,TSEN54,USP9X
,TLR6,,NOC3L,GSTP1
,ERLIN2,,C7orf50,TSHZ2
,NSMCE2,,PLA1A,FURIN
,SPN,,HDDC3,SUPT16H
,PHACTR1,,PROK1,LATS2
,COL6A3,,HIST1H4I,FCGR1A
,ZCCHC3,,HIST1H3B,TNFSF18
,SETD1A,,TMSB4XP8,STRAP
,ZCCHC2,,GUCY1A1,ZEB2
,NET1,,BECN1,EGR3
,ANKRD11,,SLC9A3R1,SNAP29
,RPN1,,WDR73,CAB39
,SYNJ1,,PDGFRB,ILF2
,IFITM2,,ATP1A2,IL12RB2
,TM4SF1,,DIAPH1,ARHGAP28
,MYEF2,,LPP,CCL5
,NOSTRIN,,BRF2,SLC25A24
,CD84,,NDUFV1,FSIP2
,HIST1H4J,,EFL1,PEPD
,DCBLD2,,CHCHD6,NAPSB
,KLF3,,KIAA1143,KLHL8
,DPY19L4,,COX7A2L,SH3BGRL
,FAM219B,,FUOM,NR1H3
,CCDC68,,EFR3A,TMEM14B
,ATP6V0B,,DDAH2,ABLIM1
,SLC52A3,,HIPK1,SNHG3
,IQCK,,DYNC1LI2,LGMN
,TFEC,,NUBP1,SCRG1
,SUN1,,MDM2,STAC3
,PKD2,,RORA,GAPT
,SLC12A6,,AP1B1,ZNF468
,GADD45G,,HSPE1,SERPINF1
,DUSP11,,FLII,SRGAP3
,ZNF618,,SCOC,C3orf67
,KIF21A,,ATP6V0B,CYSTM1
,CEP83,,LMO2,PPP1R7
,FAM214A,,GSTP1,PRNP
,TEX38,,ZEB1,ACE2
,ADAM15,,ABCA6,CDK2AP1
,SUCNR1,,ZFAND5,HLA-DQA2
,PHPT1,,C6orf201,UBE2D3
,COL3A1,,ELAVL2,NSUN6
,,,AL049840.1,STOM
,,,SEC62,SDF2L1
,,,AP5S1,CTSV
,,,FOSL2,AL031283.1
,,,KLC1,LDLR
,,,IZUMO2,AC092155.1
,,,TBC1D23,HIST1H4C
,,,LINC02219,NR4A3
,,,AL596275.2,ZBTB12
,,,AAR2,AL450992.1
,,,TRAF5,FAM168B
,,,APPL2,AL133467.1
,,,CCDC179,RC3H1
,,,TK2,MYCBPAP
,,,EDA,CABP4
,,,YEATS2,NDUFB6
,,,MTCH1,NNMT
,,,ASB1,NBR1
,,,MAEL,MINOS1
,,,DOCK4,FAM71D
,,,PITHD1,ANKRD62
,,,AFTPH,TMC5
,,,SLC24A4,BMF
,,,MACF1,AK5
,,,ZBTB20-AS1,TIMM10
,,,LAGE3,SUCLA2
,,,ZDHHC3,SEL1L2
,,,ATIC,CERS6
,,,TNFAIP1,POMP
,,,HIF1A-AS2,HMGN3
,,,C4orf46,EPRS
,,,RNF144B,YEATS2
,,,ADM,TBXAS1
,,,DIAPH2,STARD8
,,,CASP8AP2,TNFSF13B
,,,SRBD1,CD58
,,,CA11,RHOG
,,,UBALD2,BLNK
,,,DDX1,GPR84
,,,TRAPPC8,SNRPD2
,,,ECPAS,ISYNA1
,,,TRAF1,TNF
,,,ACVR2A,DUSP2
,,,TBCA,OAZ1
,,,CAPN2,CCDC47
,,,TAOK3,IFI27
,,,BCL11B,R3HDM2
,,,MIR3188,DLK1
,,,WDR83,ADAM28
,,,ADCY9,THOC2
,,,AL133523.1,AC087273.2
,,,AL138963.3,ZNF704
,,,SIK1B,SERBP1
,,,FBXW11,ZBTB20
,,,MINPP1,CFL2
,,,AVPI1,MT-TT
,,,ZDHHC4,ARL5B
,,,AP1G2,UBE2H
,,,USP19,CD44
,,,RNF40,NME1
,,,PXDC1,SCAMP2
,,,RNU5D-1,LY96
,,,DENND5A,AL031599.1
,,,ATP8B4,CANX
,,,NSMCE3,MARCO
,,,AP3M1,TTK
,,,FAM120AOS,IPO7
,,,C1QBP,AC004687.1
,,,RASGEF1B,RNH1
,,,DOPEY2,HRH2
,,,BCL3,GLMP
,,,SFRP1,FAM53B
,,,GLUD1,ZDHHC20
,,,SEC23IP,IFRD1
,,,UBR2,MTND6P4
,,,ARPC1B,CAV1
,,,DBI,TMEM65
,,,STK38,LSM4
,,,EXOC4,AL021453.1
,,,RBM6,BAG5
,,,TBX2-AS1,TMEM106A
,,,ESRRA,ZMYM4
,,,RNGTT,MEF2A
,,,ST6GAL1,TAF7L
,,,METTL17,DMXL2
,,,NIPA2,SETD3
,,,LINC01094,COX5B
,,,PRDX3,RCAN1
,,,SEC61B,PPP2R5B
,,,TNFSF12,SRPK2
,,,SPANXN5,CREB1
,,,C4orf45,USP6
,,,DMRTC2,HIST1H1A
,,,IQCF2,CORO1A
,,,AC093484.4,PTP4A2
,,,AC015969.1,AEN
,,,LINC02207,GNPTG
,,,HYDIN,KIAA1109
,,,TTC39A,HIST1H1D
,,,L1TD1,AC022706.1
,,,AC016831.5,ABHD6
,,,ADAMDEC1,ANKRD40
,,,MACROD2-AS1,ZNF791
,,,PIGCP1,GPBAR1
,,,UBQLNL,PPP4R1L
,,,MEFV,TKT
,,,TEX43,GREB1
,,,AL136988.2,CCDC144B
,,,AC123912.2,IFIT2
,,,LINC02024,UPF2
,,,SPATA3-AS1,PTPRJ
,,,AL513327.2,FAM236A
,,,FAM71C,DPYD
,,,KIAA1211,AGFG1
,,,LINC01277,LILRB4
,,,MIR7515HG,CBX3
,,,AC108866.1,TDP1
,,,DAPK1-IT1,ZNF652
,,,ITGAM,COPE
,,,UHMK1,NUCKS1
,,,FKTN,GNG11
,,,REEP3,TEX30
,,,NR1H3,ENAH
,,,AL442128.2,RAB11FIP4
,,,FAM168B,CACYBP
,,,MBD6,SDC1
,,,TSPAN33,NDRG4
,,,ARHGEF12,AAR2
,,,VTA1,HK2
,,,GTSF1,45914
,,,PLEKHB2,FAM96B
,,,FAM53C,PHKB
,,,GALNT10,APLP1
,,,RBX1,ZMIZ1-AS1
,,,ERI2,AP000487.1
,,,TGFBR1,PSMC1P1
,,,SPTSSA,EXTL3-AS1
,,,MED30,ADAM32
,,,AC087239.1,WDR93
,,,CLIC2,RASGRF1
,,,ADRB2,LINC02035
,,,HMG20B,ACSM3
,,,FAM204A,BTBD18
,,,FYTTD1,AKR1D1
,,,AGTPBP1,ATP7B
,,,PDCD6IP,TRDN
,,,EFCAB13,ST7-AS2
,,,C15orf61,ATP5PDP4
,,,ANKRD11,POLR2L
,,,ME2,PACSIN2
,,,NR2C2AP,EFHB
,,,NAPA,SOX4
,,,OGT,CLEC9A
,,,CAB39,CSRNP1
,,,LYSMD2,LINC00624
,,,CMTR1,CFAP77
,,,MYC,PPP4R1-AS1
,,,LDLR,TGM2
,,,CD151,GPC5-IT1
,,,FNIP2,SULT6B1
,,,COX4I1,AP003465.1
,,,SPRY1,C8orf37-AS1
,,,TMC6,ITGB1P1
,,,PLEKHA3,AGBL2
,,,IFI27L2,ANKRD30B
,,,SPART,LLCFC1
,,,GNB5,KCNH3
,,,PAFAH1B2,AL445490.1
,,,DNTTIP2,LTA4H
,,,APOL3,FAM9B
,,,AGPAT1,NPAP1
,,,FMO4,RF00019-687
,,,HDAC9,HECW1
,,,TAF2,USP50
,,,TNFSF15,DNAI1
,,,RDH11,SLC1A1
,,,KDM6B,CABCOCO1
,,,AC243960.1,AC130466.1
,,,AC243829.4,AC012370.2
,,,ENHO,CAPSL
,,,RNU1-2,AC237221.1
,,,MRGPRF,AL513548.3
,,,PAWR,PCOLCE2
,,,ZNF513,RHOXF2
,,,NSUN5P2,LINC00880
,,,ATP2A3,SPTSSB
,,,TRGC1,EPHA6
,,,ICOS,AL138787.1
,,,SNED1,AL157786.1
,,,LAX1,CYP2J2
,,,LINC00861,RIIAD1
,,,C5orf51,ALLC
,,,ETV5,FCN3
,,,TAOK1,AL161909.2
,,,SELENBP1,CHD5
,,,EDEM2,DLG1-AS1
,,,PAPSS1,LIPE
,,,ARID5A,C1orf105
,,,SLAMF6,DRC7
,,,WDR81,JPT1
,,,DEUP1,EWSAT1
,,,C2CD6,SNRPGP14
,,,AC008114.1,HIST1H3F
,,,CYLC1,FST
,,,RIMS1,TSGA13
,,,OTUB2,AL603832.2
,,,LRRTM3,AC068631.1
,,,USP10,PAPOLB
,,,DUSP10,FAM19A3
,,,NFIB,GCNT7
,,,HYPM,MAP7D2
,,,SYCE3,AADACP1
,,,TAF12,MITF
,,,COL6A3,ITGAM
,,,HECTD1,IFI44
,,,PKD1,STON2
,,,AL157756.1,MCTP1
,,,CUL3,LARP4
,,,USP31,MAP9
,,,ALDH1L2,ZNF331
,,,MAP3K7CL,RAB30
,,,ZNF407,RAB12
,,,SUMO1,RASD1
,,,GAR1,CNRIP1
,,,NXF1,TTC23L
,,,STK31,FBXL13
,,,DHPS,HNRNPA1
,,,GLI4,C17orf97
,,,AL359541.1,GABARAPL2
,,,FTH1P10,TULP2
,,,TCEAL9,NUDT11
,,,PTP4A2,LINC01268
,,,TAF6,TUBB2A
,,,LIMA1,TEKT3
,,,DKKL1,METTL26
,,,LRP1,RHEBL1
,,,TPM4,KSR1
,,,CD160,LINC01678
,,,SIPA1L1,UBE2A
,,,FOXO3,LRRN3
,,,RAMP1,TMSB10
,,,ARHGEF1,SH3BP5
,,,AC110995.1,AGPAT2
,,,BRMS1,SYNPO2
,,,FAM98C,C6orf48
,,,SLC9A9,SNX9
,,,LIAS,LGALS9
,,,CENPU,IL18
,,,ERRFI1,DUSP1
,,,HADHB,PLOD3
,,,GNL2,PPID
,,,LRRC14,LAMA2
,,,FAM200B,FBP1
,,,PBX2,IGLV3-21
,,,LINC02314,WDR7
,,,NUMB,CLPB
,,,LGALS9,CXCL8
,,,TMEM192,E2F3
,,,A2M,NAA20
,,,BTN3A2,RBP1
,,,CMTM3,RDH11
,,,NLRP1,SVIL
,,,BIN3,RUBCN
,,,PDK2,CD86
,,,PITPNC1,KIAA1147
,,,KLHL24,CXCL2
,,,DHX8,NRBP1
,,,UHRF2,CMTM7
,,,SPATS2L,SLC7A8
,,,PPP1R35,CCDC34
,,,TLR1,TNFRSF1A
,,,IDE,TNPO3
,,,ZNF518A,PLBD1
,,,BAG5,TTC39A
,,,PCED1B-AS1,PARP1
,,,RLF,IL17RA
,,,TRABD,IFI44L
,,,IQGAP2,GSR
,,,CRTC2,NADK
,,,SRPRB,CIAPIN1
,,,TSC22D1,SNORD3B-2
,,,CENPE,TAF12
,,,SELENOH,LINC01138
,,,SNX1,ERCC2
,,,COMMD9,CLCN4
,,,PHAX,AC115837.1
,,,SYNGR1,HLA-DOB
,,,HGS,XPA
,,,ACO1,NR2F2
,,,PRKD2,CD48
,,,IDI1,B4GALT1-AS1
,,,FLYWCH2,FABP5P7
,,,SYNJ1,C6orf52
,,,AL356234.1,MAP3K9
,,,PEX19,PRKAR2A-AS1
,,,SEC31A,BAIAP2L1
,,,USP12,SH3PXD2B
,,,RGS10,FMO4
,,,SNRPA,RAMP3
,,,ZNF844,AC026369.3
,,,PKIG,TTC27
,,,SDCCAG3,HIST1H2BN
,,,THUMPD3,HCG20
,,,SIRT6,NQO2
,,,PDE7A,CCDC69
,,,RPP40,DNAJA4
,,,DYNC1LI1,ASAP2
,,,ZNF710,STT3B
,,,RRN3P1,HNRNPK
,,,EID2,COL4A3BP
,,,IDUA,KCNQ3
,,,AC106028.4,SCARB2
,,,AC004832.6,LRP1
,,,FAM43A,NDUFA2
,,,DEAF1,TIMM23
,,,ANKRD36BP1,SHMT1
,,,ZDHHC1,MYO1D
,,,CLIC3,FCGRT
,,,P2RY10,ESF1
,,,RF00003-8,APMAP
,,,TEF,FGF20
,,,CTU1,PPP1R12A
,,,SLFN12L,HLTF
,,,SCRIB,Z93241.1
,,,EIF1B,HCAR2
,,,NRP2,NUCB2
,,,C5orf52,GALNT7
,,,RCAN1,ASAH1
,,,PLTP,FUCA1
,,,MED1,SLC1A5
,,,PXK,SNRPN
,,,ZMYND15,APH1B
,,,PLS3,SGTB
,,,TMEM51,TMX4
,,,PEX7,STAU1
,,,ATG10,CITED2
,,,PDLIM7,ACIN1
,,,P2RY11,KDM3A
,,,OBSL1,PLEKHF2
,,,ARHGAP5,TXNRD1
,,,ZC3H14,CSE1L
,,,MBD3,ANAPC16
,,,SLC7A6OS,NRIP1
,,,SERPINB6,HMMR
,,,FAM118B,LUM
,,,RFXANK,TNKS2
,,,MPHOSPH9,RIOK1
,,,ACYP1,CHD4
,,,PELO,GAPDH
,,,CR1,HYOU1
,,,NPDC1,MGAT4A
,,,PSMC3,SETX
,,,CYB5R3,ADPRH
,,,AC104083.1,BNIP2
,,,HIPK3,CDK14
,,,DYNLRB2,TNRC6B
,,,PNPLA8,FKBP11
,,,HNRNPM,AL359541.1
,,,C14orf119,FAM216A
,,,COMT,WASHC2A
,,,AC079922.1,FMNL2
,,,PACS2,NFIA
,,,AC116533.1,NET1
,,,ANAPC2,PRR13
,,,SEC24C,TLN1
,,,THAP9-AS1,ELOVL5
,,,HNRNPF,AC008972.2
,,,QKI,IL2RG
,,,PARP16,PILRA
,,,TSC22D4,MYOF
,,,YTHDC2,PPP1R18
,,,TUSC1,POLR1D
,,,ENOX2,APRT
,,,ITSN2,ZC3H6
,,,PPP5C,PEG3
,,,MED15,KDM4D
,,,TRIOBP,ZBTB40
,,,PHF5A,AC012368.1
,,,HSPA7,JCAD
,,,ADAR,SYNRG
,,,ALMS1,PAXX
,,,DNAJB9,ECE1
,,,FKBP8,NAPEPLD
,,,PIK3CA,AC079753.1
,,,ILF3-AS1,SLC39A9
,,,SULT1A1,SLC25A45
,,,SNAPC3,ORAI2
,,,CYB5B,C1S
,,,GABRB2,RORA
,,,TOMM22,SSH1
,,,ATP11C,TTC8
,,,TCP10L,AC098613.1
,,,SERPINI1,IRS2
,,,APH1B,MAGEF1
,,,LINC00667,HSH2D
,,,TBC1D17,HIVEP2
,,,LCORL,UVRAG
,,,SERINC2,MBNL3
,,,ITGAX,CPNE5
,,,CCDC110,DUSP16
,,,DEK,APOD
,,,RF00003-10,RABGAP1L
,,,NOL11,CHODL
,,,PIM1,SERPINE2
,,,EEF1B2,GAMT
,,,GALNT6,MEF2C
,,,ZNF680,SMAD5
,,,SPTBN1,SCD5
,,,ZNF28,NR2C1
,,,H2AFY,GUCY1A1
,,,TPR,EIF4EBP2
,,,CDK9,KIAA1217
,,,CD28,IER5
,,,SRF,VSIG1
,,,CERS6,ATXN1
,,,MAP3K14,ZNF844
,,,CLPB,KLHL36
,,,TMEM167B,ARL5A
,,,KIAA0513,NDUFA11
,,,SFXN3,CREBL2
,,,SLC2A5,EBF1
,,,CFAP100,RHOBTB3
,,,TMCO5B,TCEAL2
,,,FAM71B,CBX5
,,,HRASLS5,RGS10
,,,CCDC150,ENPP5
,,,AP002954.1,JUND
,,,CTTNBP2,MBD3L1
,,,MMP14,AC136428.4
,,,AC245014.3,AL512422.1
,,,LINC01255,AC015813.3
,,,AL353759.1,AL050344.1
,,,PRAME,AL096678.1
,,,C1orf185,FAM25BP
,,,SPCS2,LINC02203
,,,HLA-DOA,SFTPC
,,,TRPM7,AC016152.1
,,,CACYBP,DISC1FP1
,,,MIF4GD,AL078590.1
,,,PPP2R2D,AC015853.1
,,,APLF,AC132825.1
,,,PTPN2,AC025428.1
,,,INTS10,AC016134.1
,,,LBR,C8orf89
,,,HEATR5B,AC015688.4
,,,PKIB,PCCA-AS1
,,,CEP152,AC097374.1
,,,DTX3L,FAM47A
,,,PLSCR1,CACNA1B
,,,PPP2R3B,AC015818.6
,,,ZNF768,AC025678.3
,,,ANAPC11,AL512324.3
,,,PTPN12,AC133552.3
,,,ATXN1L,LINC02184
,,,SPPL2A,AC095032.1
,,,ALG13,AL451062.1
,,,TMEM14C,ATP13A5
,,,NDUFA7,CACNA1C-AS4
,,,NDRG2,LINC02190
,,,HELB,ATP1A3
,,,OSBPL10,LINC02204
,,,EIF4EBP1,AC095038.1
,,,TBL1X,AC096537.1
,,,FMNL2,FAM238B
,,,RGS9,LINC02041
,,,UBE2H,LINC02173
,,,C8orf76,AC007731.1
,,,SCAND2P,AC015688.3
,,,LIMS2,FAM205A
,,,DKK3,MAPT-IT1
,,,PTRH1,USP32P3
,,,CLDN5,LINC02228
,,,ZAP70,AC007743.1
,,,PLA2G5,LINC02210-CRHR1
,,,LINC00844,DIAPH3-AS1
,,,CHPF,AC025766.1
,,,NACA3P,AC015468.3
,,,BEND5,KCNK2
,,,ZNF831,AL451124.1
,,,HIC1,STRA8
,,,PRKCE,TXNDC12-AS1
,,,DOCK7,AL079343.1
,,,SUMO2,U91319.1
,,,NDUFA6,AC245100.6
,,,CDIP1,SCEL
,,,ALDH3B1,SCGB1B2P
,,,PIK3CD,AC129807.1
,,,WARS,AC130371.1
,,,NUBP2,LINC01992
,,,MAN2A1,LINC02020
,,,RBFOX2,LINC01926
,,,FZD2,AC006455.5
,,,NCF1C,LINC01931
,,,KNL1,AC127070.4
,,,PPP6R2,AC004696.2
,,,ZDHHC8,AC046143.1
,,,LLGL2,FOXJ1
,,,EHHADH,FOXL2
,,,WAC,AL121760.1
,,,ECHDC1,AC106732.1
,,,CHPF2,LINC01927
,,,SMIM30,SDR16C5
,,,BBC3,AC027020.1
,,,G3BP1,AP000688.2
,,,VPS52,FBXO47
,,,TAX1BP3,AC034223.2
,,,DDR2,FER1L5
,,,PITPNB,AL390037.1
,,,NTRK2,LINC02087
,,,SNORD104,AL390066.1
,,,PHGDH,AC036103.1
,,,PPIG,SCML4
,,,B3GNT5,SCN1A
,,,CNBD2,FIGLA
,,,NRROS,FER1L6-AS1
,,,MKL2,AC027343.1
,,,GTF2H1,AC012441.2
,,,P4HTM,AL390039.1
,,,CPSF3,AL117381.1
,,,HSPB7,AL121832.1
,,,NUDT4,AC004877.2
,,,CLPP,ZFR2
,,,AC109630.1,ZIC2
,,,CD33,LINC01941
,,,IARS2,LINC01950
,,,HAX1,DEFB134
,,,CCDC173,ZIC5
,,,ARHGAP6,NLGN1-AS1
,,,PPP1R9B,AC007966.1
,,,IFFO1,TTC6
,,,PQBP1,VAV3-AS1
,,,TOMM40,AC006333.1
,,,HIST1H2BF,NOTUM
,,,SBDSP1,AC004862.1
,,,TRAM1,AC124947.2
,,,TCTN1,LINC01851
,,,RGS19,LINC01855
,,,FBXO11,MB
,,,MMP2,AC012456.1
,,,GOLGA8H,LINC02089
,,,ADAM3A,LINC01862
,,,SPEM1,BIRC6-AS2
,,,LINC02492,CFAP61
,,,TMEM266,TSPYL6
,,,LINC01364,TUBA8
,,,SPATA31C1,AL117337.1
,,,AC012615.6,AL117339.1
,,,C2orf70,SYCE1
,,,AL355357.1,AC093459.1
,,,GRM7-AS3,AC008267.2
,,,AL121990.1,TTLL13P
,,,GABBR2,TSPY10
,,,ZNF385B,INSRR
,,,AC133485.2,C9orf57
,,,TEX22,ATP11A-AS1
,,,FAM182B,AL021937.3
,,,AC013644.1,PCOTH
,,,PPARGC1A,PCP4
,,,AC117422.1,FAT2
,,,STARD6,SELENOKP1
,,,ODF3L2,AL442663.4
,,,PTGER3,AC026358.1
,,,SLIT1-AS1,AC026368.1
,,,PDPN,AL391811.1
,,,BHLHB9,AL445074.1
,,,LRRD1,AL450226.1
,,,PIPSL,AL445471.2
,,,AP000648.3,AP000344.2
,,,SLC44A4,FAM92A1P2
,,,GRID1-AS1,SELENOOLP
,,,GPX5,STX19
,,,LRRC37A6P,CA12
,,,AL590764.1,CADPS
,,,PLAC8L1,CAMP
,,,ZBED3-AS1,BMPR1B-AS1
,,,MORC1,AP000346.1
,,,AL118508.1,FAM24A
,,,AC099342.1,ACCSL
,,,SMIM6,LINC02052
,,,UBE2DNL,BMS1P8
,,,AL356417.3,BNC1
,,,PRND,CADM3-AS1
,,,OOEP,LINC02039
,,,AC004797.1,KBTBD11-OT1-2
,,,TRIM42,PAQR9-AS1
,,,SNORD56B,NRIR
,,,AC010894.2,FAM221B
,,,GSTK1,LINC02026
,,,LSM12,AC093724.1
,,,PPP3CC,AC093816.1
,,,SERPINE2,CFAP206
,,,WASHC1,AL109954.1
,,,ETNK1,PGA5
,,,TRIM14,AC093655.1
,,,TBCB,TUBA3E
,,,RNF220,FAR2P1
,,,TNFAIP8,AL008727.1
,,,SLC25A38,AL445189.2
,,,HAUS2,SULT1C2
,,,EHMT2,SULT1E1
,,,PPIL3,SULT2B1
,,,NFIX,DGKB
,,,NCBP2-AS2,VCX2
,,,ASB8,TTTY12
,,,USP8,LCTL
,,,GIGYF1,SSUH2
,,,TGFBI,AC104688.1
,,,NR4A3,AC104758.5
,,,RALBP1,AC096644.1
,,,IGSF8,PDE10A
,,,ASCL2,ISM1
,,,ELMO1,AC093909.2
,,,PTPN11,AC131274.4
,,,SGK3,NOL8P1
,,,DNAH1,AC006372.3
,,,SLC44A2,ISL1
,,,TIMM8B,AC004415.1
,,,ANTXR1,AC004448.1
,,,SLC25A25,AP000344.1
,,,MYO7A,LINC02093
,,,TRPT1,LINC02096
,,,CYTOR,NODAL
,,,FAM92A,AC131274.3
,,,ANKRD36,SPATA31E1
,,,RIOK1,SLCO4C1
,,,LANCL1,LINC02454
,,,PARP9,LINC02466
,,,EIF3J,LINC02468
,,,STARD8,LINC02472
,,,NUCB1,AC021517.1
,,,FERMT3,EFCAB9
,,,UBE2L3,EXD1
,,,RNF114,DPYSL5
,,,SLC2A4RG,SPDYE6
,,,KHNYN,SPEM3
,,,HEXDC,AC022188.1
,,,SIK3,AC022196.1
,,,ZBTB40,AC022483.1
,,,SNHG10,ELOVL2-AS1
,,,AC020656.1,SPAM1
,,,FADD,SPANXN1
,,,PARVA,AL672043.1
,,,RNU1-13P,CDRT15
,,,RRAS2,AC099654.1
,,,PGAM2,ASB4
,,,AC007032.1,AC099684.2
,,,ATG4D,OR8D1
,,,RASGRF1,BX276092.9
,,,PXN-AS1,ZNF559-ZNF177
,,,MIR103A2,BTG4
,,,CAPN12,SPATA31D1
,,,APCDD1,SPINK9
,,,NDST1,AC138305.1
,,,DUSP4,OR7D2
,,,ACOT2,AC002428.1
,,,ABCA2,LINC02480
,,,FBLN5,C2orf69P1
,,,LINC00863,C2orf71
,,,SLC30A9,AC003001.1
,,,C7orf26,SPATA31A1
,,,SIRPG,C4orf17
,,,PHF20,AL590783.1
,,,VPS8,SLC25A5P1
,,,RAB2A,SLC26A3
,,,MCHR2-AS1,AC022903.1
,,,ZFAND2B,AC007240.1
,,,FCER1A,LINC02559
,,,RBL2,AC243829.2
,,,G0S2,AC243829.5
,,,AC083973.1,SPANXN2
,,,SPEM2,LYZL6
,,,C10orf53,AC137499.1
,,,AP1G1,AC138024.1
,,,SPOPL,MAGEA12
,,,PDHA2,AC003688.2
,,,ADIPOR2,AC003973.1
,,,TRIM52,AC004009.1
,,,LPAR2,AC002460.1
,,,MEG3,AC002465.1
,,,GTF2IP4,MAGEC1
,,,AC106788.1,ORM2
,,,KATNAL2,AL031594.1
,,,ODR4,AL031663.2
,,,SLC25A45,AC007223.1
,,,NFKB1,AC007225.1
,,,SOCS4,SLC4A4
,,,CHST13,AC022469.1
,,,RFXAP,CELF5
,,,ZNF503,CECR2
,,,SIAH2,AL035634.1
,,,SMIM14,PACRG-AS2
,,,CDK2AP2,KIAA2012
,,,DAZAP1,OR7E122P
,,,PSMB2,KIZ-AS1
,,,REEP5,KLF1
,,,SOD1,AC099677.1
,,,VIPAS39,AL034345.2
,,,INSIG1,AC007533.1
,,,TSPAN1,AL049541.2
,,,LSAMP,ABCB11
,,,AP1S1,EBF3
,,,VCAM1,C19orf67
,,,PM20D2,C17orf47
,,,SDS,ZSWIM2
,,,TYK2,EBLN1
,,,MCM3AP,E2F2
,,,USP11,EAF1-AS1
,,,XRN1,AC018716.2
,,,SYNPO2,AC001226.1
,,,PSMA3,AC002059.1
,,,TMEM65,LYPD8
,,,RFNG,SOX5-AS1
,,,TLN1,DSG2-AS1
,,,PRMT1,AC237221.2
,,,TAF1C,AC139720.2
,,,BCAM,LPP-AS1
,,,GOLPH3L,LTK
,,,ASAH1,ZNF733P
,,,ZNF384,ASZ1
,,,TMEM184C,AL031668.1
,,,ELMOD3,KLHL6-AS1
,,,PPP1R12A,OR10J1
,,,FAM208A,OR11A1
,,,OTUD6B,OR7E26P
,,,UBAP2L,KLF7-IT1
,,,TOR2A,ABCB5
,,,RGS14,C12orf80
,,,YBEY,C10orf90
,,,MSI2,C12orf40
,,,BCAP29,ABCF2
,,,PRRC2C,AC233702.7
,,,PPM1K,C16orf97
,,,KAT2A,ZP1
,,,SRGN,C19orf33
,,,POLG,C16orf46
,,,ZNF683,C1orf158
,,,KIFAP3,C16orf90
,,,HOOK3,EEF1A1P2
,,,CCDC159,AC021755.3
,,,NRBP1,DPP10-AS1
,,,VMA21,DPPA5
,,,INIP,AC018558.3
,,,SOD2,OR2B4P
,,,NOTCH1,OR2F1
,,,ATF5,OPN5
,,,ARHGEF9,LUZP4
,,,FAM228B,OR56A3
,,,TCEA2,AC100756.3
,,,UTP20,CEACAM6
,,,45906,AC007314.1
,,,PGK1,KIF18B
,,,NBEAL2,P2RX3
,,,ARHGAP30,AC099489.1
,,,NUP98,AL035078.3
,,,SEC22C,DSG3
,,,YRDC,OR4M1
,,,MCRIP2,LY6H
,,,MS4A5,SNCA-AS1
,,,SLC38A2,SMIM24
,,,ARL11,AC100821.2
,,,SPESP1,AC100827.4
,,,ELOVL1,DYDC1
,,,KIF18A,DYDC2
,,,PITPNA-AS1,EDRF1-AS1
,,,CD34,AL731555.1
,,,NOSIP,AC021439.1
,,,SORL1,AC235097.1
,,,UBTF,AC019294.1
,,,AP001972.5,AC102953.1
,,,SPATA17,AL031710.2
,,,GABARAPL1,AL031727.2
,,,PRSS21,CDRT4
,,,CES2,OCM
,,,DDX17,AL731537.2
,,,BET1L,AC021006.2
,,,CD72,AC023824.5
,,,AGPAT5,AC016583.1
,,,PDGFRL,AC004869.1
,,,LPAR5,AL589740.1
,,,RENBP,AL589986.2
,,,GOLGA8B,SRPK2P
,,,KDM4D,AC016493.1
,,,THOC6,AC245008.1
,,,COPE,LZTS1-AS1
,,,ACSL6,C5orf60
,,,LINC02035,C5orf64-AS1
,,,AL450326.1,MAP3K19
,,,CAP2,LINC02325
,,,AC132192.2,LINC02079
,,,OSBPL7,AC135012.2
,,,RF00003-3,LINC02199
,,,PDE3A,LINC02411
,,,AC091729.3,LINC02429
,,,HDAC11,AC245041.2
,,,RNU6-6P,AL590143.1
,,,KLRC1,AL590378.1
,,,VASN,AL590381.1
,,,TMEM204,AC024224.2
,,,CLSTN1,SPO11
,,,MED18,DNAJA1P5
,,,ZFAND6,AC016813.1
,,,CDS2,AC016822.1
,,,TOP1MT,ANKRD26P1
,,,SIVA1,SLC17A1
,,,PITPNM1,SLC17A4
,,,EP300,SIX3
,,,PTPN18,DNAAF3
,,,EFTUD2,SRRM5
,,,PRKAG2,EXOSC3P1
,,,SNHG8,AC023824.4
,,,KIF22,DNAH8
,,,TMEM52B,ANKRD20A2
,,,C11orf74,AC023866.1
,,,GM2A,AC025176.1
,,,NCBP1,ST7-OT4
,,,C8orf82,LINC02201
,,,C1orf123,LINC02134
,,,UROD,LINC02146
,,,SLAMF1,FAM46D
,,,TOR1AIP2,DLX6-AS1
,,,SNX9,DMBT1P1
,,,SCFD1,LINC02353
,,,ZNF281,AC025161.1
,,,NENF,F12
,,,F2R,SHISA8
,,,TBCD,FAM183BP
,,,PSME2,AC025174.1
,,,RBM38,SHANK2-AS1
,,,COL5A1,AC016074.1
,,,HDHD2,DLX2-AS1
,,,PDLIM2,LINC02357
,,,FIP1L1,AC025265.1
,,,TNFAIP8L3,NR2E3
,,,AC243829.1,KCNMA1-AS3
,,,SLF2,KCNQ5-AS1
,,,TMEM39A,KCNQ5-IT1
,,,GBP4,AC004223.4
,,,ALDOC,AC004224.1
,,,UNC13B,DMRTB1
,,,ITGAD,AC104088.1
,,,CARMN,FABP5P1
,,,GABARAP,KLK2
,,,MANF,KRT7
,,,MCM7,KCNIP2
,,,PTPMT1,NRG1-IT3
,,,ROPN1,NRG4
,,,CPEB1,AC007014.2
,,,GGTA1P,UPK3B
,,,IL27RA,AC103996.2
,,,ZNF45,AC104002.1
,,,DNAJC4,KLK12
,,,THUMPD3-AS1,AL023284.3
,,,FAM46C,AL023581.1
,,,ZNF207,KSR2
,,,AFG1L,KLF17
,,,DCXR,AL033397.2
,,,PDGFA,AL033504.1
,,,EIF3K,AL033543.1
,,,RABGAP1,KREMEN2
,,,PGAP3,AC016687.3
,,,IFRD2,AC103724.4
,,,SYCP3,AC103855.1
,,,PPP4R1L,AL031674.1
,,,UBXN2B,AL031676.1
,,,CHAMP1,KCNJ10
,,,FRYL,KRT26
,,,ERCC6,OVOL1
,,,CTNNB1,SPRR4
,,,NPM1P39,SLC25A3P1
,,,AXIN1,AL031123.1
,,,RABL6,LINC02537
,,,SGTB,LINC02554
,,,ALDH16A1,AL607028.1
,,,ZNF180,SLC4A10
,,,MIR3945HG,AL607033.1
,,,ATG7,AC022167.5
,,,SLC12A6,DRD3
,,,TIMM29,SPRR2F
,,,PAPOLG,SLC35G3
,,,STT3B,ETDA
,,,KIF11,ETDB
,,,PTMA,SPINK5
,,,ST14,AL591926.7
,,,USB1,AL592227.1
,,,C1orf131,AL592464.1
,,,SLC38A7,AC023300.3
,,,FAM177B,AC022915.1
,,,GRK6,AC022540.1
,,,C17orf64,ESRRB
,,,JUP,ARRDC5
,,,RAD21,LINC02326
,,,WDR44,LINC02270
,,,CCDC126,LINC02272
,,,CCDC71L,LINC02369
,,,NCAPH2,LINC02377
,,,FCHSD2,AC136628.1
,,,MYL6B,LINC02286
,,,LRTOMT,DNAJB8-AS1
,,,HSPA4,ERFE
,,,PNPO,MAGEC2
,,,UBE2E3,MAGI1-IT1
,,,PAK1IP1,MAL2-AS1
,,,TNNI2,AC024601.1
,,,OAT,AC024619.1
,,,CLPTM1L,ERLNC1
,,,TRA2A,AL590491.2
,,,EIF3H,SRGAP3-AS3
,,,INTS11,LINC02292
,,,CALU,AC023347.1
,,,ATP5F1C,SLC22A7
,,,DHX37,AC007527.1
,,,DDX60,AL049765.1
,,,PON2,AL049767.1
,,,ST3GAL1,AC097467.3
,,,TBC1D15,PCAT7
,,,ACTR6,AL049646.1
,,,ANXA6,UBE2Q1-AS1
,,,CORO1B,PAQR4
,,,SLC25A28,UBBP2
,,,CDK10,AC007405.1
,,,C1orf21,AC007422.1
,,,SMARCD2,AC007463.1
,,,INTS9,SLC3A1
,,,HIST1H1A,AC022511.1
,,,AKAP11,SLC24A2
,,,BAZ2B,SLC25A31
,,,PRCP,BTBD16
,,,NT5C2,AL049651.1
,,,RAB6A,AGBL1-AS1
,,,SMC1A,LINC01038
,,,PLEKHF1,PPFIA2-AS1
,,,GTPBP6,VRTN
,,,TTC1,WBP11P1
,,,RELA,LINC01040
,,,TMEM106C,LINC00656
,,,BBS2,LINC00917
,,,PACSIN2,IGLVIV-64
,,,KIAA0586,AP002833.1
,,,C20orf27,AP002884.2
,,,DNAJC1,AC079866.2
,,,RASA3,AC079907.2
,,,,AL138787.2
,,,,WARS2-IT1
,,,,AC005786.2
,,,,BAGE2
,,,,LINC01193
,,,,AF274855.1
,,,,TNPO1P1
,,,,AC009119.3
,,,,AC009142.1
,,,,VPS13A-AS1
,,,,CLK2P1
,,,,HNRNPA3P10
,,,,TNNT1
,,,,AC009102.1
,,,,POTEJ
,,,,LINC00901
,,,,AL138733.2
,,,,AL161937.2
,,,,CRYBA4
,,,,CSNK1A1L
,,,,CSNK1G2-AS1
,,,,AC109635.2
,,,,AC109811.1
,,,,AC108733.1
,,,,NCBP2L
,,,,HORMAD2
,,,,ADCY8
,,,,MT1H
,,,,MTATP8P2
,,,,AC114485.1
,,,,HAS2
,,,,GTF2IP3
,,,,AL158212.2
,,,,TIMP4
,,,,WWOX-AS1
,,,,HIST1H2BO
,,,,POTEE
,,,,POTEF
,,,,GRM8
,,,,HAR1B
,,,,AC090502.3
,,,,AP1M2
,,,,CLSTN2-AS1
,,,,AL139254.2
,,,,AC080112.3
,,,,PVALB
,,,,AL161638.2
,,,,AL161725.2
,,,,AC113385.1
,,,,LINC01206
,,,,LINC01209
,,,,MYL1
,,,,AC113192.4
,,,,AP002907.1
,,,,CCDC60
,,,,MYH8
,,,,ADGRD2
,,,,LINC01345
,,,,LINC01523
,,,,AP003025.2
,,,,CRABP1
,,,,LINC01192
,,,,AC113383.1
,,,,CCDC42
,,,,AC010320.4
,,,,XKR9
,,,,CLCNKA
,,,,CLDN18
,,,,AC079160.1
,,,,LINC01511
,,,,LINC01522
,,,,TP73
,,,,LINC00677
,,,,AC090857.2
,,,,LINC00592
,,,,CCR12P
,,,,AC078925.2
,,,,AL353768.1
,,,,AL353811.1
,,,,AC079062.1
,,,,LINC00928
,,,,LINC01081
,,,,AC009039.1
,,,,LINC00689
,,,,LINC01688
,,,,AC073878.2
,,,,CTNND2
,,,,RBFOX1
,,,,AL354824.2
,,,,GLYATL1
,,,,LINC01641
,,,,LINC01643
,,,,AC005154.5
,,,,MT1DP
,,,,LINC01487
,,,,LINC01493
,,,,CCDC183-AS1
,,,,LINC01682
,,,,MS4A13
,,,,MTCO1P11
,,,,AC114776.1
,,,,AC115220.1
,,,,AC116036.2
,,,,LINC01486
,,,,LINC01581
,,,,CCDC192
,,,,CCDC197
,,,,YWHAEP7
,,,,XKR4
,,,,XKR7
,,,,RAB3C
,,,,AC079411.1
,,,,RASEF
,,,,AL353615.1
,,,,AL162726.3
,,,,AC009244.1
,,,,AC091304.1
,,,,AP4B1-AS1
,,,,LINC01389
,,,,GPR35
,,,,RAD21L1
,,,,HOXB8
,,,,GRIN2B
,,,,AC074257.1
,,,,AC078880.1
,,,,LINC01524
,,,,LINC01531
,,,,LINC01579
,,,,LINC01377
,,,,AL353680.1
,,,,AL353743.4
,,,,CTBP2P8
,,,,AL353651.3
,,,,AC010547.3
,,,,AC010638.1
,,,,AP002380.1
,,,,AC078950.1
,,,,AC078955.1
,,,,GP9
,,,,AC010649.1
,,,,TGIF2LY
,,,,TGM7
,,,,THEGL
,,,,TMEM200C
,,,,CNTFR-AS1
,,,,AP005018.1
,,,,COL9A1
,,,,AC005699.1
,,,,PRR9
,,,,PRRX2-AS1
,,,,HHIPL2
,,,,AL139317.1
,,,,AC084876.2
,,,,AC019257.2
,,,,AC020658.5
,,,,LRRC72
,,,,C1orf87
,,,,C20orf78
,,,,AC009930.1
,,,,HBQ1
,,,,HBZ
,,,,HERC2P10
,,,,AP003181.1
,,,,AC009987.1
,,,,TMEM132D-AS1
,,,,AL157955.2
,,,,HGFAC
,,,,AC090371.2
,,,,TMEM215
,,,,AC112694.1
,,,,AC110491.3
,,,,AL157832.1
,,,,PRNT
,,,,AC005776.2
,,,,LINC01142
,,,,LINC00993
,,,,LINC01115
,,,,LINC01120
,,,,LINC01121
,,,,AC110373.1
,,,,AC084879.1
,,,,AC110799.1
,,,,AC145141.2
,,,,AC009313.1
,,,,AC102797.2
,,,,PRPS1L1
,,,,ZNF705G
,,,,C1orf61
,,,,LRRC52
,,,,OFCC1
,,,,HAGLROS
,,,,OR11H7
,,,,UGT3A1
,,,,DUSP9
,,,,AC019117.2
,,,,LRRC77P
,,,,AC239798.1
,,,,AC021087.2
,,,,EEF1B2P7
,,,,AC141424.1
,,,,OR11G2
,,,,COL22A1
,,,,AC090044.1
,,,,AC090099.1
,,,,AL157714.2
,,,,AC087565.2
,,,,AC087632.1
,,,,AC087664.1
,,,,PRR36
,,,,PRR23C
,,,,AL732414.1
,,,,AL157373.1
,,,,AL157395.1
,,,,AL139327.1
,,,,AC087742.1
,,,,LRRIQ4
,,,,LINC02582
,,,,LIPJ
,,,,C10orf142
,,,,AL732372.2
,,,,AL805961.1
,,,,AC010261.2
,,,,LINC01500
,,,,CPNE7
,,,,AP003108.1
,,,,TMC2
,,,,LINC01052
,,,,LINC01065
,,,,MYO3A
,,,,TMEM95
,,,,PWRN1
,,,,PYY
,,,,PTPRZ1
,,,,TMA16P2
,,,,PSMC1P9
,,,,CPN2
,,,,AC084361.1
,,,,AC010183.2
,,,,GUCA1A
,,,,XRCC6P1
,,,,AL139093.1
,,,,AL139184.1
,,,,AC083864.3
,,,,PON1
,,,,CLYBL-AS1
,,,,AC090607.3
,,,,AC090643.1
,,,,AC090753.1
,,,,LINC01391
,,,,MYMX
,,,,AC087258.1
,,,,AC087260.1
,,,,H3F3AP2
,,,,AC108865.2
,,,,LINC01248
,,,,AC005357.1
,,,,AC005487.1
,,,,MYO5BP2
,,,,B4GALT4-AS1
,,,,WDR87
,,,,TMEM72
,,,,AC090587.1
,,,,PSMA2P2
,,,,PRSS30P
,,,,PRSS51
,,,,AC009563.1
,,,,AC009652.1
,,,,AC009902.3
,,,,GUCY2D
,,,,HIPK4
,,,,CNBD2
,,,,CNTN4-AS2
,,,,PRELID3BP7
,,,,CNIH2
,,,,TMEM92
,,,,AP005432.2
,,,,AP005717.1
,,,,AL139020.1
,,,,HILS1
,,,,HNF1B
,,,,PPP2R2B-IT1
,,,,AC084855.2
,,,,AL158837.1
,,,,H2AFB1
,,,,LINC00668
,,,,NBEAP1
,,,,WDR38
,,,,CCNO
,,,,TMPRSS6
,,,,PPP1R2P6
,,,,LINC01251
,,,,ADGRL3-AS1
,,,,MYO1H
,,,,CCL18
,,,,CCNA1
,,,,NAALADL2-AS3
,,,,LINC01066
,,,,LINC00664
,,,,AZU1
,,,,AC122685.1
,,,,FRG2HP
,,,,TBC1D28
,,,,DAW1
,,,,AC122710.1
,,,,AC123767.1
,,,,LINC01673
,,,,AC011752.1
,,,,AC010746.1
,,,,AL358473.2
,,,,AL358613.1
,,,,MGAT4EP
,,,,LINC01804
,,,,LINC01760
,,,,LINC01762
,,,,LINC01763
,,,,AC011773.3
,,,,GALR1
,,,,AC011767.1
,,,,FRAS1
,,,,CHRDL2
,,,,IL26
,,,,PIWIL3
,,,,AC092718.8
,,,,ARHGAP26-AS1
,,,,ARHGAP26-IT1
,,,,AC008543.5
,,,,AL359547.1
,,,,AC121764.3
,,,,LINC00559
,,,,PITPNM2-AS1
,,,,CASC22
,,,,AC011840.3
,,,,TBPL2
,,,,GABRR1
,,,,AC005920.2
,,,,MIR744
,,,,MIR933
,,,,ROCR
,,,,LINC00533
,,,,IGDCC3
,,,,LINC00567
,,,,AC106736.1
,,,,LINC002481
,,,,LINC00442
,,,,LINC00251
,,,,MIR3681HG
,,,,GAPDHP35
,,,,AL356475.1
,,,,AC068875.1
,,,,MKNK1-AS1
,,,,AC005050.1
,,,,LINC01744
,,,,ADAD2
,,,,LINC01722
,,,,TCAM1P
,,,,AC011511.2
,,,,AC119800.1
,,,,GAPDHP60
,,,,GAPDHP69
,,,,GAPDHS
,,,,AC068050.1
,,,,AC067852.3
,,,,AC067930.6
,,,,LINC00550
,,,,AC068058.1
,,,,AC068481.1
,,,,AC008443.7
,,,,FRMPD2
,,,,AL357556.4
,,,,AL357832.1
,,,,LINC00368
,,,,LINC00376
,,,,PLA2G12AP1
,,,,ARHGEF19
,,,,AC008278.2
,,,,AC008427.1
,,,,RNF157-AS1
,,,,TAAR2
,,,,SYNGR4
,,,,AC040168.1
,,,,SYP-AS1
,,,,SYT10
,,,,AC012213.4
,,,,LINC01938
,,,,AL365226.2
,,,,AC092819.1
,,,,AL365356.1
,,,,SAA1
,,,,AP000770.1
,,,,AP000844.1
,,,,ACSM2B
,,,,LINC01878
,,,,RXFP1
,,,,AC044802.1
,,,,LINC01974
,,,,AL365271.1
,,,,LILRB1-AS1
,,,,NNAT
,,,,AL121902.1
,,,,AL121983.2
,,,,AC105133.1
,,,,AC105224.1
,,,,NF1P10
,,,,AL117382.1
,,,,AL118508.2
,,,,CASR
,,,,AL121656.1
,,,,AC006065.4
,,,,AC006076.1
,,,,AC006077.2
,,,,SYT16
,,,,SALL1
,,,,AC036222.1
,,,,AL390763.1
,,,,SYN3
,,,,AL121578.2
,,,,MIF-AS1
,,,,LINC01781
,,,,INAVA
,,,,LINC00343
,,,,LINC00445
,,,,TRPV6
,,,,AL772363.1
,,,,AL359317.1
,,,,LINC01986
,,,,LINC01766
,,,,AC125793.1
,,,,AC126323.3
,,,,LINC02060
,,,,AC008567.2
,,,,AC008694.1
,,,,PLA2G4E-AS1
,,,,PLCB1-IT1
,,,,AC092783.1
,,,,FSD2
,,,,LINC01988
,,,,RSPH9
,,,,AC053481.3
,,,,AC053503.4
,,,,AC055764.1
,,,,AP000919.4
,,,,AP000943.2
,,,,AC012050.1
,,,,DCST1
,,,,LINC00305
,,,,LHFPL3-AS2
,,,,NKAIN2
,,,,AC105389.2
,,,,LINC00358
,,,,LINC00366
,,,,FSTL5
,,,,LHX2
,,,,LINC00448
,,,,LINC00564
,,,,LINC00308
,,,,AL355499.1
,,,,GFRA3
,,,,REC114
,,,,AC073333.1
,,,,CTAGE11P
,,,,CTAGE13P
,,,,AC011467.6
,,,,AC073358.1
,,,,TBX5-AS1
,,,,RDH12
,,,,GOLGA6D
,,,,GOLGA8DP
,,,,AC011195.2
,,,,AC011287.1
,,,,AC069235.1
,,,,AC069444.1
,,,,AC069503.3
,,,,RGSL1
,,,,AC073429.2
,,,,IL12A-AS1
,,,,AGGF1P8
,,,,CD40LG
,,,,LINC00392
,,,,AC073130.1
,,,,AL356124.2
,,,,LINC00395
,,,,LINC00424
,,,,LINC00570
,,,,AC005099.1
,,,,AGGF1P7
,,,,GGNBP1
,,,,GGT2
,,,,GGTLC1
,,,,AL356234.2
,,,,GCKR
,,,,RF00568-9
,,,,RF02271-20
,,,,RF00019-566
,,,,LINC00578
,,,,AL136529.1
,,,,AC091951.1
,,,,GCNT3
,,,,TEX47
,,,,GOLGA6A
,,,,RBMXL3
,,,,AL136537.2
,,,,AC092042.1
,,,,RHBDF1P1
,,,,TFAP2B
,,,,THAP12P8
,,,,AL354984.1
,,,,AC073529.1
,,,,CTAG2
,,,,GK3P
,,,,CTRC
,,,,TEX19
,,,,AC010733.1
,,,,AC010894.4
,,,,ADAM5
,,,,GMCL2
,,,,GMNC
,,,,LINC01598
,,,,LINC01603
,,,,AC116424.1
,,,,LINC01607
,,,,AL136981.1
,,,,AL137078.2
,,,,HSPA8P5
,,,,CLCN1
,,,,AL135923.2
,,,,GLT6D1
,,,,LINC01646
,,,,HTR5BP
,,,,HTRA4
,,,,HSP90AA4P
,,,,AC092159.1
,,,,HRH4
,,,,HOXB5
,,,,PKHD1
,,,,PKMP3
,,,,AC092447.5
,,,,IFITM10
,,,,IFT74-AS1
,,,,CIB4
,,,,AC008700.1
,,,,AC008708.2
,,,,AL133467.2
,,,,TRIM17
,,,,CHRNB2
,,,,PMCHL2
,,,,AC069114.1
,,,,AC107081.1
,,,,AC092296.1
,,,,AC092384.1
,,,,AC092447.1
,,,,PLCE1-AS2
,,,,AC008747.1
,,,,LINC01728
,,,,Z98257.2
,,,,Z98259.1
,,,,ZBTB32
,,,,AC120024.1
,,,,AC067942.1
,,,,RNU6-1099P
,,,,TCERG1L
,,,,TCL1A
,,,,AL132712.1
,,,,AP001160.4
,,,,AP001178.2
,,,,RF00019-181
,,,,CUX2
,,,,RHOQP3
,,,,AL356750.1
,,,,AL357314.1
,,,,GAB4
,,,,AC092131.1
,,,,RHPN1-AS1
,,,,Z99916.1
,,,,TCP10
,,,,TEK
,,,,CYP11B1
,,,,CYP17A1-AS1
,,,,CYP19A1
,,,,AGR2
,,,,LINC00454
,,,,IGHV3-49
,,,,TERB1
,,,,TERB2
,,,,AC011365.1
,,,,AC011389.3
,,,,LINC00393
,,,,AC008780.2
,,,,AC006042.2
,,,,VN1R34P
,,,,CD160
,,,,AL356218.1
,,,,AC117460.1
,,,,MORC2-AS1
,,,,BCL2L15
,,,,LINC01553
,,,,LINC01568
,,,,TEX13A
,,,,RFX6
,,,,Z97205.2
,,,,MMP20
,,,,Z99129.3
,,,,MIR3976HG
,,,,ADAM30
,,,,MPC1L
,,,,MMP7
,,,,AC073188.2
,,,,GATA2-AS1
,,,,GALNT5
,,,,AL355997.1
,,,,Z98949.1
,,,,MMP21
,,,,IFT172
,,,,DOPEY2
,,,,GARS
,,,,BZW1
,,,,DICER1
,,,,DHX37
,,,,ACADM
,,,,RAB42
,,,,ASCC1
,,,,BLM
,,,,SRPRB
,,,,GFRA2
,,,,CRYZL2P
,,,,YWHAB
,,,,NUF2
,,,,IFT22
,,,,IL6ST
,,,,ABCG1
,,,,SBNO2
,,,,NAA38
,,,,SPAG5
,,,,GLRX
,,,,ZNF675
,,,,AL445524.1
,,,,PIGV
,,,,TADA3
,,,,PPP1R1C
,,,,AC093484.4
,,,,SRP54
,,,,CCDC62
,,,,NIPA1
,,,,ECHDC1
,,,,CTNNA2
,,,,FCGR3A
,,,,HIST1H2BB
,,,,RSL1D1
,,,,NOP14
,,,,FXR1
,,,,SH3GLB1
,,,,GDPD3
,,,,STPG1
,,,,UAP1L1
,,,,HIST1H2BI
,,,,TRIM3
,,,,XKR6
,,,,KIAA2013
,,,,GAA
,,,,AMDHD2
,,,,CCDC144CP
,,,,ORMDL2
,,,,TMBIM1
,,,,MOSPD3
,,,,MPDU1
,,,,EFL1
,,,,CARD8-AS1
,,,,ESYT1
,,,,NCKAP1L
,,,,SUSD6
,,,,H2AFJ
,,,,ERLIN1
,,,,COPB1
,,,,GLB1
,,,,HAUS1
,,,,PRKCE
,,,,PLA1A
,,,,VSIR
,,,,C2orf88
,,,,PHF20
,,,,BEX5
,,,,SMIM26
,,,,SCIN
,,,,SNRPB
,,,,HM13
,,,,NFE2L3
,,,,DYNC1LI2
,,,,SYNJ1
,,,,TRAPPC2L
,,,,OGFRL1
,,,,ASB9
,,,,CHP1
,,,,AP3S1
,,,,SENP7
,,,,BTG3
,,,,PRDX3
,,,,ITPRIP
,,,,DPCD
,,,,ZC2HC1C
,,,,ARSB
,,,,ATP6V0D1
,,,,AC078881.1
,,,,GPX3
,,,,CXCL10
,,,,SYK
,,,,TCHH
,,,,GPR137B
,,,,ARHGAP15
,,,,TMEM91
,,,,NDFIP1
,,,,PVT1
,,,,CATSPERG
,,,,TMEM191C
,,,,ADHFE1
,,,,RBM43
,,,,DPT
,,,,TBX22
,,,,NEK7
,,,,FXYD5
,,,,RAB32
,,,,USP13
,,,,TRPS1
,,,,RALBP1
,,,,SRI
,,,,GAB2
,,,,HSPA6
,,,,SLC2A3
,,,,NUDT2
,,,,PTPN12
,,,,CAMK1D
,,,,SMIM1
,,,,C1orf131
,,,,SVBP
,,,,IFNGR2
,,,,COL6A3
,,,,SLC25A19
,,,,SMOC1
,,,,DKK3
,,,,POU2AF1
,,,,HIPK2
,,,,NFKBIA
,,,,CYP20A1
,,,,SUB1P1
,,,,AL590139.1
,,,,CTTN
,,,,NDUFAB1
,,,,CHCHD2P6
,,,,LACTB
,,,,AC007495.1
,,,,MMRN2
,,,,AC087752.3
,,,,MSTO2P
,,,,FSIP1
,,,,P4HA1
,,,,RARRES1
,,,,MTCYBP18
,,,,AC138627.1
,,,,ANKHD1-EIF4EBP3
,,,,ESCO1
,,,,CCNB1
,,,,PRKCZ
,,,,FZD1
,,,,SLC25A36
,,,,RNF7
,,,,EFCAB1
,,,,ATP5MD
,,,,SNX1
,,,,HTATIP2
,,,,AC005614.1
,,,,CTNNBIP1
,,,,AL359643.3
,,,,LRRC25
,,,,C5orf58
,,,,TPD52L2
,,,,GRID2
,,,,TM9SF3
,,,,SDC3
,,,,TCEAL4
,,,,ZFAND5
,,,,CTSL
,,,,CTTNBP2
,,,,MYH3
,,,,ZNF595
,,,,NXF3
,,,,CTTNBP2NL
,,,,ATP1B1
,,,,TLR7
,,,,GPR160
,,,,TXNDC16
,,,,UBR3
,,,,FAM96A
,,,,KIDINS220
,,,,CD52
,,,,PARVA
,,,,MYLK3
,,,,IGF2BP3
,,,,TCF4
,,,,LINC00324
,,,,ARHGEF26
,,,,SH3KBP1
,,,,RNF157
,,,,UQCRH
,,,,COQ5
,,,,REV3L
,,,,SRSF6
,,,,NDUFB8
,,,,USP36
,,,,TAF1D
,,,,EHHADH
,,,,YES1
,,,,FCER1A
,,,,HMGXB4
,,,,EGFR
,,,,MT-CO2
,,,,F8
,,,,GRB14
,,,,TNS3
,,,,SMIM10
,,,,TLR3
,,,,RALA
,,,,WIPF3
,,,,HMGCS2
,,,,PRRC2B
,,,,UBQLN2
,,,,SFRP1
,,,,NRP2
,,,,OSR2
,,,,ERV3-1
,,,,PLA2G2D
,,,,ASH1L
,,,,CCT7
,,,,PID1
,,,,HIST1H4E
,,,,ATIC
,,,,ACSL3
,,,,HDGF
,,,,MAPRE3
,,,,LAP3
,,,,TNFRSF17
,,,,RETREG1
,,,,TNFAIP3
,,,,CIPC
,,,,MAP1LC3B
,,,,MAP2K1
,,,,AC103591.3
,,,,KATNAL2
,,,,GSTA2
,,,,DHCR7
,,,,GPRIN3
,,,,BIN1
,,,,CLIP1
,,,,SLC26A2
,,,,FUT11
,,,,NDUFA6
,,,,FBXO9
,,,,JAM2
,,,,FAM69A
,,,,HFE
,,,,RGS22
,,,,CNOT6L
,,,,ANKRD36BP2
,,,,ACAD10
,,,,MLF2
,,,,IGHV2-26
,,,,PYCARD
,,,,DCP1A
,,,,TNFAIP8
,,,,LINC01736
,,,,GYPC
,,,,HPS1
,,,,BRCA2
,,,,IRAK3
,,,,PPP1R11
,,,,COL3A1
,,,,ASPH
,,,,SCAF11
,,,,IPO8
,,,,RAC2
,,,,COX7A1
,,,,MMP2-AS1
,,,,MPEG1
,,,,VWA5A
,,,,FAM212A
,,,,GSTA4
,,,,DDIT3
,,,,GNAQ
,,,,IGHM
,,,,P2RY10
,,,,TMTC2
,,,,LITAF
,,,,EMC8
,,,,ATG4C
,,,,PAPSS1
,,,,OSBPL11
,,,,PSMD8
,,,,PDS5A
,,,,MAMDC2
,,,,USB1
,,,,SPOCK1
,,,,SETD2
,,,,DNAJB11
,,,,ACAP1
,,,,EFCAB14
,,,,COL6A2
,,,,MTCO3P17
,,,,TSPYL2
,,,,TAF11
,,,,SERP2
,,,,LRRC37A16P
,,,,MYDGF
,,,,ATP5F1C
,,,,CXADR
,,,,S100Z
,,,,RF00003-3
,,,,GPC1
,,,,DEAF1
,,,,KCNAB2
,,,,TSFM
,,,,AC079305.1
,,,,FBXW5
,,,,TPR
,,,,TRIM47
,,,,CD1B
,,,,XPO1
,,,,TCEAL6
,,,,MIB1
,,,,GAS5
,,,,SFRP4
,,,,KCNE1
,,,,ERLIN2
,,,,ALDH2
,,,,AC060766.7
,,,,EXOSC5
,,,,NDN
,,,,MAPK3
,,,,SEM1
,,,,ABLIM3
,,,,DBP
,,,,OSM
,,,,SLC23A2
,,,,FAM118A
,,,,MSH2
,,,,PURB
,,,,ELOA
,,,,IL32
,,,,KLF4
,,,,CMC2
,,,,HLA-DMB
,,,,SPCS2
,,,,HMOX2
,,,,ATM
,,,,45906
,,,,ELOB
,,,,AC005912.1
,,,,PMEPA1
,,,,BORCS5
,,,,USP12
,,,,KRBOX1
,,,,ST3GAL1
,,,,ST13
,,,,PSMB6
,,,,CDC123
,,,,ASAP1
,,,,ZNF26
,,,,NDNF
,,,,ALG8
,,,,DLGAP2
,,,,AC004656.1
,,,,BPI
,,,,NCKAP5
,,,,ADAMTS2
,,,,KBTBD8
,,,,PDK1
,,,,SFXN1
,,,,MIR193BHG
,,,,RFC5
,,,,AC087241.3
,,,,PCYT2
,,,,NME5
,,,,IKZF3
,,,,C1R
,,,,S100A16
,,,,PARK7
,,,,TRPC5OS
,,,,BAK1
,,,,LUC7L3
,,,,EIF4A1P10
,,,,TRIB1
,,,,NAV2
,,,,C4BPB
,,,,APH1A
,,,,MMP15
,,,,STAT6
,,,,UBA52
,,,,CLEC2D
,,,,PDHB
,,,,ZNF254
,,,,TRA2A
,,,,AL118516.1
,,,,SEC24D
,,,,STEAP4
,,,,AC092809.2
,,,,EVL
,,,,TMSB4X
,,,,SUN1
,,,,NUP88
,,,,TSPAN6
,,,,PHGDH
,,,,AD000864.1
,,,,ARPC4
,,,,SMOC2
,,,,EIF4EBP1
,,,,UBL3
,,,,ANKRD17
,,,,ZNF275
,,,,PPP1R14B
,,,,PLEKHA3
,,,,DUSP23
,,,,VPS26C
,,,,EIF4A1
,,,,ACOT2
,,,,DDAH1
,,,,ALG10B
,,,,MS4A1
,,,,SH3GLB2
,,,,SCP2
,,,,WNK1
,,,,BTN3A2
,,,,PSMF1
,,,,NLRX1
,,,,TBCC
,,,,AC005288.1
,,,,PLSCR4
,,,,CUL4A
,,,,USP22
,,,,SYNE1
,,,,C7orf31
,,,,USP15
,,,,TMEM192
,,,,TRBC2
,,,,PAG1
,,,,ZCCHC3
,,,,AC010173.1
,,,,CATSPER1
,,,,SLC38A6
,,,,CLEC7A
,,,,HCST
,,,,SNRPD3
,,,,TECR
,,,,HMBOX1
,,,,PAK3
,,,,KCTD13
,,,,KIF11
,,,,GPR107
,,,,MACC1
,,,,AGO2
,,,,CTPS1
,,,,UNC5B
,,,,GIMAP4
,,,,ATP6AP1
,,,,CD180
,,,,TPTE2P3
,,,,TNNC1
,,,,SLC1A2
,,,,SIX1
,,,,SLC16A8
,,,,CNTN5
,,,,AL139353.2
,,,,CXorf36
,,,,HPD
,,,,ACHE
,,,,ART3
,,,,AGMO
,,,,SYBU
,,,,LINC00158
,,,,AC011447.7
,,,,AC136469.2
,,,,RBM17P4
,,,,IGFBP7-AS1
,,,,KY
,,,,PNMA6A
,,,,AC011008.1
,,,,AC022784.1
,,,,NRXN3
,,,,SRPK1
,,,,KLHL6
,,,,CDO1
,,,,NT5C3A
,,,,AC009220.1
,,,,AC078899.1
,,,,ATOH8
,,,,ROPN1L-AS1
,,,,TPTE2
,,,,CBLN1
,,,,CR589904.1
,,,,HSPB9
,,,,ANKRD53
,,,,MEIG1
,,,,ZC3H11B
,,,,AL390955.2
,,,,SHBG
,,,,AC093535.1
,,,,CCDC73
,,,,DUSP21
,,,,LINC01224
,,,,ABLIM2
,,,,LHX6
,,,,POTEH
,,,,FOXP1-AS1
,,,,AF131216.4
,,,,SUB1P3
,,,,MAP3K20-AS1
,,,,ZIM2
,,,,AC090970.2
,,,,PCSK4
,,,,AC012313.3
,,,,SYNCRIP
,,,,AP001432.1
,,,,AC092117.1
,,,,CATSPER3
,,,,BVES-AS1
,,,,AC080162.1
,,,,RIPPLY2
,,,,C7orf61
,,,,SSPO
,,,,LINC01060
,,,,VASH1
,,,,PSMB2
,,,,AC231533.2
,,,,TCP1
,,,,LSAMP
,,,,DRG1
,,,,INHA
,,,,ZBTB41
,,,,MYH11
,,,,PA2G4
,,,,ALDH3B1
,,,,CIR1
,,,,MAPKAPK3
,,,,FAM135A
,,,,SPTBN1
,,,,KIAA1211
,,,,LTBR
,,,,SRA1
,,,,YARS
,,,,WASHC5
,,,,SLC41A1
,,,,UBE2E3
,,,,CIB1
,,,,PUS7
,,,,RPN2
,,,,NKX3-1
,,,,HELB
,,,,ZNF318
,,,,GSPT2
,,,,P2RX1
,,,,PARP4
,,,,ZP3
,,,,SMPDL3A
,,,,MT1G
,,,,PFDN5
,,,,UBAP2
,,,,KIF14
,,,,ODF2L
,,,,DGLUCY
,,,,AC239800.2
,,,,ITGA8
,,,,FAM30A
,,,,CST9L
,,,,C16orf54
,,,,C2orf49
,,,,ZNF217
,,,,IRF4
,,,,CACNA2D3
,,,,MAP4K2
,,,,LTBP4
,,,,MIEN1
,,,,SUSD3
,,,,NDUFV1
,,,,ADAMDEC1
,,,,TUBB6
,,,,PPIL3
,,,,NR6A1
,,,,LSM10
,,,,MAD2L1
,,,,KIF15
,,,,ANXA2P2
,,,,PDCD5
,,,,COL1A1
,,,,SERINC5
,,,,ALS2
,,,,LUC7L
,,,,TIMM13
,,,,TBL1XR1
,,,,SNX12
,,,,COX7A2L
,,,,PDGFRA
,,,,ITGB8
,,,,CES3
,,,,FOSL1
,,,,AGAP12P
,,,,CCDC96
,,,,DNAH12
,,,,DMPK
,,,,AC025263.1
,,,,NEURL1
,,,,LPCAT3
,,,,SOAT1
,,,,CD300E
,,,,SFMBT2
,,,,AP000936.1
,,,,TSSK4
,,,,HIST2H4A
,,,,EIF3J
,,,,MEGF11
,,,,TUBA3D
,,,,MAVS
,,,,AC233279.1
,,,,ASIC3
,,,,NDUFA13
,,,,ING4
,,,,PBDC1
,,,,MPV17
,,,,PELI2
,,,,CYP27A1
,,,,IGFBP6
,,,,PM20D2
,,,,PLOD1
,,,,NEFH
,,,,
,,,,
,,,,
,,,,
,,,,
,,,,
,,,,
,,,,
,,,,
,,,,
,,,,
,,,,
,,,,
,,,,
,,,,
,,,,
,,,,
,,,,
,,,,
,,,,
,,,,
,,,,
,,,,
,,,,
,,,,
,,,,
,,,,
,,,,
,,,,
,,,,
,,,,
,,,,
,,,,
,,,,
,,,,
,,,,
,,,,
,,,,
,,,,
,,,,
,,,,
,,,,
,,,,
,,,,
,,,,
,,,,
,,,,
,,,,
,,,,
,,,,
,,,,
,,,,
,,,,
,,,,
,,,,
,,,,
,,,,
,,,,
,,,,
,,,,
,,,,
,,,,
,,,,
,,,,
,,,,
,,,,
,,,,
,,,,
,,,,
,,,,
,,,,
,,,,
,,,,
,,,,
,,,,
,,,,
,,,,
,,,,
,,,,
,,,,
,,,,
,,,,
,,,,
,,,,
,,,,
,,,,
,,,,
,,,,
,,,,
,,,,
,,,,
,,,,
,,,,
,,,,
,,,,
,,,,
,,,,
,,,,
,,,,
,,,,
,,,,
,,,,
,,,,
,,,,
,,,,
,,,,
,,,,
,,,,
,,,,
,,,,
,,,,
,,,,
,,,,
,,,,
,,,,
,,,,
,,,,
,,,,
,,,,
,,,,
,,,,
,,,,
,,,,
,,,,
,,,,
,,,,
,,,,
,,,,
,,,,
,,,,
,,,,
,,,,
,,,,
,,,,
,,,,
,,,,
,,,,
,,,,
,,,,
,,,,
,,,,
,,,,
,,,,
,,,,
,,,,
,,,,
,,,,
,,,,
,,,,
,,,,
,,,,
,,,,
,,,,
,,,,
,,,,
,,,,
,,,,
,,,,
,,,,
,,,,
,,,,
,,,,
,,,,
,,,,
,,,,
,,,,
,,,,
,,,,
,,,,
,,,,
,,,,
,,,,
,,,,
,,,,
,,,,
,,,,
,,,,
,,,,
,,,,
,,,,
,,,,
,,,,
,,,,
,,,,
,,,,
,,,,
,,,,
,,,,
,,,,
,,,,
,,,,
,,,,
,,,,
,,,,
,,,,
,,,,
,,,,
,,,,
,,,,
,,,,
,,,,
,,,,
,,,,
,,,,
,,,,
,,,,
,,,,
,,,,
,,,,
,,,,
,,,,
,,,,
,,,,
,,,,
,,,,
,,,,
,,,,
,,,,
,,,,
,,,,
,,,,
,,,,
,,,,
,,,,
,,,,
,,,,
,,,,
,,,,
,,,,
,,,,
,,,,
,,,,
,,,,
,,,,
,,,,
,,,,
,,,,
,,,,
,,,,
,,,,
,,,,
,,,,
,,,,
,,,,
,,,,
,,,,
,,,,
,,,,
,,,,
,,,,
,,,,
,,,,
,,,,
,,,,
,,,,
,,,,
,,,,
,,,,
,,,,
,,,,
,,,,
,,,,
,,,,
,,,,
,,,,
,,,,
,,,,
,,,,
,,,,
,,,,
,,,,
,,,,
,,,,
,,,,
,,,,
,,,,
,,,,
,,,,
,,,,
,,,,
,,,,
,,,,
,,,,
,,,,
,,,,
,,,,
,,,,
,,,,
,,,,
,,,,
,,,,
,,,,
,,,,
,,,,
,,,,
,,,,
,,,,
,,,,
,,,,
,,,,
,,,,
,,,,
,,,,
,,,,
,,,,
,,,,
,,,,
,,,,
,,,,
,,,,
,,,,
,,,,
,,,,
,,,,
,,,,
,,,,
,,,,
,,,,
,,,,
,,,,
,,,,
,,,,
,,,,
,,,,
,,,,
,,,,
,,,,
,,,,
,,,,
,,,,
,,,,
,,,,
,,,,
,,,,
,,,,
,,,,
,,,,
,,,,
,,,,
,,,,
,,,,
,,,,
,,,,
,,,,
,,,,
,,,,
,,,,
,,,,
,,,,
,,,,
,,,,
,,,,
,,,,
,,,,
,,,,
,,,,
,,,,
,,,,
,,,,
,,,,
,,,,
,,,,
,,,,
,,,,
,,,,
,,,,
,,,,
,,,,
,,,,
,,,,
,,,,
,,,,
,,,,
,,,,
,,,,
,,,,
,,,,
,,,,
,,,,
,,,,
,,,,
,,,,
,,,,
,,,,
,,,,
,,,,
,,,,
,,,,
,,,,
,,,,
,,,,
,,,,
,,,,
,,,,
,,,,
,,,,
,,,,
,,,,
,,,,
,,,,
,,,,
,,,,
,,,,
,,,,
,,,,
,,,,
,,,,
,,,,
,,,,
,,,,
,,,,
,,,,
,,,,
,,,,
,,,,
,,,,
,,,,
,,,,
,,,,
,,,,
,,,,
,,,,
,,,,
,,,,
,,,,
,,,,
,,,,
,,,,
,,,,
,,,,
,,,,
,,,,
,,,,
,,,,
,,,,
,,,,
,,,,
,,,,
,,,,
,,,,
,,,,
,,,,
,,,,
,,,,
,,,,
,,,,
,,,,
,,,,
,,,,
,,,,
,,,,
,,,,
,,,,
,,,,
,,,,
,,,,
,,,,
,,,,
,,,,
,,,,
,,,,
,,,,
,,,,
,,,,
,,,,
,,,,
,,,,
,,,,
,,,,
,,,,
,,,,
,,,,
,,,,
,,,,
,,,,
,,,,
,,,,
,,,,
,,,,
,,,,
,,,,
,,,,
,,,,
,,,,
,,,,
,,,,
,,,,
,,,,
,,,,
,,,,
,,,,
,,,,
,,,,
,,,,
,,,,
,,,,
,,,,
,,,,
,,,,
,,,,
,,,,
,,,,
,,,,
,,,,
,,,,
,,,,
,,,,
,,,,
,,,,
,,,,
,,,,
,,,,
,,,,
,,,,
,,,,
,,,,
,,,,
,,,,
,,,,
,,,,
,,,,
,,,,
,,,,
,,,,
,,,,
,,,,
,,,,
,,,,
,,,,
,,,,
,,,,
,,,,
,,,,
,,,,
,,,,
,,,,
,,,,
,,,,
,,,,
,,,,
,,,,
,,,,
,,,,
,,,,
,,,,
,,,,
,,,,
,,,,
,,,,
,,,,
,,,,
,,,,
,,,,
,,,,
,,,,
,,,,
,,,,
,,,,
,,,,
,,,,
,,,,
,,,,
,,,,
,,,,
,,,,
,,,,
,,,,
,,,,
,,,,
,,,,
,,,,
,,,,
,,,,
,,,,
,,,,
,,,,
,,,,
,,,,
,,,,
,,,,
,,,,
,,,,
,,,,
,,,,
,,,,
,,,,
,,,,
,,,,
,,,,
,,,,
,,,,
,,,,
,,,,
,,,,
,,,,
,,,,
,,,,
,,,,
,,,,
,,,,
,,,,
,,,,
,,,,
,,,,
,,,,
,,,,
,,,,
,,,,
,,,,
,,,,
,,,,
,,,,
,,,,
,,,,
,,,,
,,,,
,,,,
,,,,
,,,,
,,,,
,,,,
,,,,
,,,,
,,,,
,,,,
,,,,
,,,,
,,,,
,,,,
,,,,
,,,,
,,,,
,,,,
,,,,
,,,,
,,,,
,,,,
,,,,
,,,,
,,,,
,,,,
,,,,
,,,,
,,,,
,,,,
,,,,
,,,,
,,,,
,,,,
,,,,
,,,,
,,,,
,,,,
,,,,
,,,,
,,,,
,,,,
,,,,
,,,,
,,,,
,,,,
,,,,
,,,,
,,,,
,,,,
,,,,
,,,,
,,,,
,,,,
,,,,
,,,,
,,,,
,,,,
,,,,
,,,,
,,,,
,,,,
,,,,
,,,,
,,,,
,,,,
,,,,
,,,,
,,,,
,,,,
,,,,
,,,,
,,,,
,,,,
,,,,
,,,,
,,,,
,,,,
,,,,
,,,,
,,,,
,,,,
,,,,
,,,,
,,,,
,,,,
,,,,
,,,,
,,,,
,,,,
,,,,
,,,,
,,,,
,,,,
,,,,
,,,,
,,,,
,,,,
,,,,
,,,,
,,,,
,,,,
,,,,
,,,,
,,,,
,,,,
,,,,
,,,,
,,,,
,,,,
,,,,
,,,,
,,,,
,,,,
,,,,
,,,,
,,,,
,,,,
,,,,
,,,,
,,,,
,,,,
,,,,
,,,,
,,,,
,,,,
,,,,
,,,,
,,,,
,,,,
,,,,
,,,,
,,,,
,,,,
,,,,
,,,,
,,,,
,,,,
,,,,
,,,,
,,,,
,,,,
,,,,
,,,,
,,,,
,,,,
,,,,
,,,,
,,,,
,,,,
,,,,
,,,,
,,,,
,,,,
,,,,
,,,,
,,,,
,,,,
,,,,
,,,,
,,,,
,,,,
,,,,
,,,,
,,,,
,,,,
,,,,
,,,,
,,,,
,,,,
,,,,
,,,,
,,,,
,,,,
,,,,
,,,,
,,,,
,,,,
,,,,
,,,,
,,,,
,,,,
,,,,
,,,,
,,,,
,,,,
,,,,
,,,,
,,,,
,,,,
,,,,
,,,,
,,,,
,,,,
,,,,
,,,,
,,,,
,,,,
,,,,
,,,,
,,,,
,,,,
,,,,
,,,,
,,,,
,,,,
,,,,
,,,,
,,,,
